card_id,box
17592186178992,"Manchester United 98-99"
17592186178993,"Manchester United 98-99"
17592186178994,"Manchester United 98-99"
17592186178995,"Manchester United 98-99"
17592186178990,"Manchester United 08-09"
17592186179032,"Manchester United 98-99"
17592186179033,"Manchester United 98-99"
17592186179060,"Manchester United 83-84"
17592454614517,"Manchester United 64-65（Carryover）"
17592186179090,"Arsenal 03-04"
17592186179004,"Arsenal 97-98"
17592186179044,"Arsenal 03-04"
17592186179066,"Arsenal 03-04"
17592186179085,"Arsenal 03-04"
17592186178996,"Liverpool R 04-05"
17592186045227,"Manchester B 11-12"
17592186179037,"Manchester B 09-10"
17592186179038,"Tottenham WB 10-11"
17592186178991,"Tottenham WB 06-07"
17592186179059,"Tottenham WB 90-91"
17592186044664,"Fulham W 02-03"
17592186178999,"FC Barcelona 96-97"
17592186048489,"FC Barcelona 08-09"
17592186179071,"FC Barcelona 04-05"
17592186179008,"FC Barcelona 01-02"
17592186179022,"FC Barcelona 97-98"
17592186179024,"FC Barcelona 04-05"
17592186179051,"FC Barcelona 73-74"
17592186179069,"Madrid Chamartin B 11-12"
17592186179040,"Juventus 11-12"
17592186179010,"Milano RN 93-94"
17592186179050,"Milano RN 87-88"
17592186179031,"Roma 00-01"
17592186179011,"Roma 00-01"
17592186179052,"FC Bayern München 73-74"
17592186179053,"FC Bayern München 80-81"
17592186179003,"FC Bayern München 00-01"
17592186179042,"FC Bayern München 02-03"
17592186044468,"Feyenoord 01-02"
17592186044579,"Celtic 06-07"
17592186179074,"Arsenal 08-09"
17592186179036,"England 2005"
17592186179094,"England 2001"
17592186178997,"Portugal 2000"
17592186045268,"Spain 2008"
17592186045282,"Spain 2009"
17592186048624,"Spain 2006"
17592186179001,"Spain 2006"
17592186179002,"Spain 2002"
17592186179005,"France 2001"
17592186179034,"Netherlands 2000"
17592186179048,"Netherlands 1989"
17592186179049,"Netherlands 1989"
17592186179012,"Italy 2003"
17592186179086,"Italy 1996"
17592186047607,"Czech Republic 2012"
17592186179013,"Czech Republic 2003"
17592186179014,"Czech Republic 2014"
17592454614538,"Czech Republic 2002（Carryover）"
17592186179015,"Germany 2001"
17592186179045,"Germany 1990"
17592186179020,"Brazil 2002"
17592186179021,"Brazil 2002"
17592186179023,"Brazil 1994"
17592454614510,"Brazil 1982（Carryover）"
17592454614518,"Brazil 1994（Carryover）"
17592454614536,"Brazil 1998（Carryover）"
17592454614481,"Chile 1998（Carryover）"
17592186179026,"Chile 1998"
17592186179030,"Argentina 1999"
17592454621452,"Thailand 2001（Carryover）"
17592186155054,"Manchester United 21-22"
17592186051927,"FC Barcelona 16-17"
17592186084768,"FC Barcelona 16-17"
17592186179087,"Madrid Chamartin B 07-08"
17592186179063,"Madrid Rosas RB 09-10"
17592186048938,"Manchester United 21-22"
17592186048174,"Milano RN 06-07"
17592186182384,"Roma 99-00"
17592186044712,"Genova RB 94-95"
17592186060224,"Kashiwa Reysol 2011"
17592186101515,"Consadole Sapporo 2018"
17592186166280,"F.C. Tokyo 2019"
17592186059466,"Shimizu S-Pulse 2009"
17592186044496,"Sanfrecce Hiroshima 2012"
17592186049721,"Kawasaki Frontale 2016"
17592186059736,"Cerezo Osaka 2009"
17592186059862,"Cerezo Osaka 2009"
17592722922839,"FC Barcelona 18-19（Limited）"
17592722955680,"PSG 19-20（Limited）"
17592723025966,"Manchester United 21-22（Limited）"
17592723048543,"FC Barcelona 20-21（Limited）"
17592723029563,"Juventus 20-21（Limited）"
17592723031983,"FC Bayern München 21-22（Limited）"
17592186179055,"FC Barcelona 82-83"
17592186045914,"FC Barcelona 08-09"
17592186182373,"Madrid Chamartin B 06-07"
17592991358228,"FC Barcelona 10-11"
17592723049917,"Arsenal 03-04"
17592723049946,"Arsenal 01-02"
17592722916194,"FC Barcelona 08-09"
17592723049909,"Madrid Chamartin B 00-01"
17592723049938,"Madrid Chamartin B 94-95"
17592723049933,"Milano RN 06-07"
17592723049936,"Milano RN 09-10"
17592723049942,"Roma 00-01"
17592723049908,"England 2005"
17592723049952,"Italy 2007"
17592454614480,"FC Barcelona 04-05（Carryover）"
17592454614448,"Manchester United 98-99（Carryover）"
17592454614449,"Manchester United 98-99（Carryover）"
17592454614450,"Manchester United 98-99（Carryover）"
17592454614451,"Manchester United 98-99（Carryover）"
17592454614446,"Manchester United 08-09（Carryover）"
17592454614488,"Manchester United 98-99（Carryover）"
17592454614489,"Manchester United 98-99（Carryover）"
17592454614516,"Manchester United 83-84（Carryover）"
17592454614546,"Arsenal 03-04（Carryover）"
17592454614460,"Arsenal 97-98（Carryover）"
17592454614500,"Arsenal 03-04（Carryover）"
17592454614522,"Arsenal 03-04（Carryover）"
17592454614541,"Arsenal 03-04（Carryover）"
17592454480683,"Manchester B 11-12（Carryover）"
17592454614493,"Manchester B 09-10（Carryover）"
17592454614494,"Tottenham WB 10-11（Carryover）"
17592454614447,"Tottenham WB 06-07（Carryover）"
17592454614515,"Tottenham WB 90-91（Carryover）"
17592454480120,"Fulham W 02-03（Carryover）"
17592454614455,"FC Barcelona 96-97（Carryover）"
17592454483945,"FC Barcelona 08-09（Carryover）"
17592454614527,"FC Barcelona 04-05（Carryover）"
17592454614464,"FC Barcelona 01-02（Carryover）"
17592454614478,"FC Barcelona 97-98（Carryover）"
17592454614507,"FC Barcelona 73-74（Carryover）"
17592454614525,"Madrid Chamartin B 11-12（Carryover）"
17592454614466,"Milano RN 93-94（Carryover）"
17592454614506,"Milano RN 87-88（Carryover）"
17592454614467,"Roma 00-01（Carryover）"
17592454614508,"FC Bayern München 73-74（Carryover）"
17592454614509,"FC Bayern München 80-81（Carryover）"
17592454614459,"FC Bayern München 00-01（Carryover）"
17592454614498,"FC Bayern München 02-03（Carryover）"
17592454479924,"Feyenoord 01-02（Carryover）"
17592454480035,"Celtic 06-07（Carryover）"
17592454614530,"Arsenal 08-09（Carryover）"
17592454614492,"England 2005（Carryover）"
17592454614550,"England 2001（Carryover）"
17592454480724,"Spain 2008（Carryover）"
17592454484080,"Spain 2006（Carryover）"
17592454614457,"Spain 2006（Carryover）"
17592454614458,"Spain 2002（Carryover）"
17592454614504,"Netherlands 1989（Carryover）"
17592454614505,"Netherlands 1989（Carryover）"
17592454614468,"Italy 2003（Carryover）"
17592454614542,"Italy 1996（Carryover）"
17592454483063,"Czech Republic 2012（Carryover）"
17592454614469,"Czech Republic 2003（Carryover）"
17592454614470,"Czech Republic 2014（Carryover）"
17592454614471,"Germany 2001（Carryover）"
17592454614501,"Germany 1990（Carryover）"
17592454614476,"Brazil 2002（Carryover）"
17592454614479,"Brazil 1994（Carryover）"
17592454480168,"Genova RB 94-95（Carryover）"
17592454614452,"Liverpool R 04-05（Carryover）"
17592454614511,"FC Barcelona 82-83（Carryover）"
17592454614496,"Juventus 11-12（Carryover）"
17592454614453,"Portugal 2000（Carryover）"
17592454480738,"Spain 2009（Carryover）"
17592454614461,"France 2001（Carryover）"
17592454614490,"Netherlands 2000（Carryover）"
17592454614477,"Brazil 2002（Carryover）"
17592454614482,"Chile 1998（Carryover）"
17592454614486,"Argentina 1999（Carryover）"
17592454614487,"Roma 00-01（Carryover）"
17592991485433,"FC Bayern München 05-06"
17592186179073,"Chelsea B 11-12"
17592991488743,"Manchester United 98-99"
17592991485407,"Manchester United 02-03"
87960930370105,"FC Bayern München 73-74"
17592991351709,"Milano RN 02-03"
17592186174377,"FC Bayern München 19-20"
17592186179061,"Manchester United 64-65"
17592186179082,"Czech Republic 2002"
17592186179054,"Brazil 1982"
17592186179062,"Brazil 1994"
17592186179080,"Brazil 1998"
17592186179025,"Chile 1998"
17592186185996,"Thailand 2001"
17592186179035,"FC Barcelona 91-92"
17592186108278,"Madrid Chamartin B 01-02"
17592186191013,"FC Bayern München 00-01"
17592186182370,"Madrid Chamartin B 01-02"
17592186160297,"Milano RN 02-03"
17592991353975,"Chelsea B 11-12"
17592991485404,"Chelsea B 04-05"
17592991351636,"Madrid Chamartin B 07-08"
17592991485370,"Madrid Chamartin B 01-02"
17592991485388,"Madrid Chamartin B 01-02"
17592991485406,"Madrid Chamartin B 08-09"
17592991485365,"Lombardia NA 05-06"
17592991485394,"Lombardia NA 97-98"
17592991485413,"Lombardia NA 89-90"
17592991485381,"Juventus 02-03"
17592991485454,"Juventus 95-96"
17592991485416,"Milano RN 88-89"
17592991485417,"Milano RN 88-89"
17592991485383,"FC Bayern München 00-01"
17593259920869,"FC Bayern München 92-93"
17592991485437,"FC Bayern München 16-17"
70370623266208,"Pre-season Match Campaign vol. 2"
70371965525000,"Pre-season Match Campaign vol. 2"
70371697100895,"Pre-season Match Campaign vol. 2"
70371428648879,"Pre-season Match Campaign vol. 2"
70371160211003,"Pre-season Match Campaign vol. 2"
70370891771950,"Pre-season Match Campaign vol. 2"
70369012673632,"Magic Moment Stars 21 Apr '22"
70369818030974,"Great Finishers 2 May '22"
70370086457845,"Enchanting Dribblers 9 May '22"
70370354799039,"Strong Defenders 16 May '22"
70372770818166,"Magic Moment Stars 21 Apr '22"
70372770810601,"Magic Moment Stars 21 Apr '22"
70372770744115,"Magic Moment Stars 21 Apr '22"
70372770847428,"Magic Moment Stars 21 Apr '22"
70372770751882,"Magic Moment Stars 21 Apr '22"
70372770768149,"Magic Moment Stars 21 Apr '22"
70372770772999,"Magic Moment Stars 21 Apr '22"
70372770817453,"Magic Moment Stars 21 Apr '22"
70372770750218,"Magic Moment Stars 21 Apr '22"
70373039202083,"Great Finishers 2 May '22"
70373039153904,"Great Finishers 2 May '22"
70373039186026,"Great Finishers 2 May '22"
70373039269799,"Great Finishers 2 May '22"
70373039247679,"Great Finishers 2 May '22"
70373039190136,"Great Finishers 2 May '22"
70373039249333,"Great Finishers 2 May '22"
70373039278261,"Great Finishers 2 May '22"
70373039149482,"Great Finishers 2 May '22"
70373039191839,"Great Finishers 2 May '22"
70373039185283,"Great Finishers 2 May '22"
70373039184962,"Great Finishers 2 May '22"
70373307640966,"Enchanting Dribblers 9 May '22"
70373307697463,"Enchanting Dribblers 9 May '22"
70373307695181,"Enchanting Dribblers 9 May '22"
70373307691134,"Enchanting Dribblers 9 May '22"
70373307700518,"Enchanting Dribblers 9 May '22"
70373307694324,"Enchanting Dribblers 5 May '22"
70373307640807,"Enchanting Dribblers 9 May '22"
70373307698423,"Enchanting Dribblers 9 May '22"
70373307641466,"Enchanting Dribblers 9 May '22"
70373307627595,"Enchanting Dribblers 9 May '22"
70373576058948,"Strong Defenders 16 May '22"
70373576119140,"Strong Defenders 16 May '22"
70373576118629,"Strong Defenders 16 May '22"
70373576142561,"Strong Defenders 16 May '22"
70373576141674,"Strong Defenders 16 May '22"
70373576133665,"Strong Defenders 16 May '22"
70373576123127,"Strong Defenders 16 May '22"
70373576057025,"Strong Defenders 16 May '22"
70373576024723,"Strong Defenders 16 May '22"
70373576129977,"Strong Defenders 16 May '22"
70373576132527,"Strong Defenders 16 May '22"
70368744185175,"Pre-season Match Campaign vol. 2"
70369281084452,"eFootball™ Point Rewards SS '22"
70372233875217,"eFootball™ Point Rewards SS '22"
70372502320714,"eFootball™ Point Rewards SS '22"
53876069776285,"POTM J.League Division1 Mar '22"
53876069777399,"POTM J.League Division1 Mar '22"
53876069777496,"POTM J.League Division1 Mar '22"
53876069800057,"POTM J.League Division1 Mar '22"
53876069804536,"POTM J.League Division1 Mar '22"
53876069822301,"POTM J.League Division1 Mar '22"
53876069869826,"POTM J.League Division1 Mar '22"
53876069869836,"POTM J.League Division1 Mar '22"
53876069882629,"POTM J.League Division1 Mar '22"
53876069882749,"POTM J.League Division1 Mar '22"
53876069900657,"POTM J.League Division1 Mar '22"
53876338230181,"POTM American League Mar '22"
53876338231746,"POTM American League Mar '22"
53876338233036,"POTM American League Mar '22"
53876338238982,"POTM American League Mar '22"
53876338256682,"POTM American League Mar '22"
53876338339005,"POTM American League Mar '22"
53876338339100,"POTM American League Mar '22"
53876338339144,"POTM American League Mar '22"
53876338339191,"POTM American League Mar '22"
53876338339417,"POTM American League Mar '22"
53876338339533,"POTM American League Mar '22"
53876606666763,"POTM Cinch Premiership Apr '22"
53876606674591,"POTM Cinch Premiership Apr '22"
53876606677398,"POTM Cinch Premiership Apr '22"
53876606679025,"POTM Cinch Premiership Apr '22"
53876606742452,"POTM Cinch Premiership Apr '22"
53876606749691,"POTM Cinch Premiership Apr '22"
53876606753350,"POTM Cinch Premiership Apr '22"
53876606753372,"POTM Cinch Premiership Apr '22"
53876606753637,"POTM Cinch Premiership Apr '22"
53876606756304,"POTM Cinch Premiership Apr '22"
53876606760371,"POTM Cinch Premiership Apr '22"
70373844494463,"Club Selection Chelsea B 2 Jun '22"
70373844510786,"Club Selection Chelsea B 2 Jun '22"
70373844552662,"Club Selection Chelsea B 2 Jun '22"
70373844556005,"Club Selection Chelsea B 2 Jun '22"
70373844564769,"Club Selection Chelsea B 2 Jun '22"
70373844565834,"Club Selection Chelsea B 2 Jun '22"
70373844569424,"Club Selection Chelsea B 2 Jun '22"
70373844577374,"Club Selection Chelsea B 2 Jun '22"
70374112895358,"Club Selection Tottenham WB 9 Jun '22"
70374112929847,"Club Selection Tottenham WB 9 Jun '22"
70374112934071,"Club Selection Tottenham WB 9 Jun '22"
70374112934215,"Club Selection Tottenham WB 9 Jun '22"
70374112946331,"Club Selection Tottenham WB 9 Jun '22"
70374112992081,"Club Selection Tottenham WB 9 Jun '22"
70374112998064,"Club Selection Tottenham WB 9 Jun '22"
70374113010505,"Club Selection Tottenham WB 9 Jun '22"
70374381329569,"Premium Player Pack L. Messi Jun '22"
70374381357121,"Premium Player Pack L. Messi Jun '22"
70374381359346,"Premium Player Pack L. Messi Jun '22"
70374381364937,"Premium Player Pack L. Messi Jun '22"
70374381365132,"Premium Player Pack L. Messi Jun '22"
70374381367596,"Premium Player Pack L. Messi Jun '22"
70374381382481,"Premium Player Pack L. Messi Jun '22"
70374381423316,"Premium Player Pack L. Messi Jun '22"
70374381430897,"Premium Player Pack L. Messi Jun '22"
70374381433520,"Premium Player Pack L. Messi Jun '22"
70374649792604,"Premium Player Pack Neymar Jr Jun '22"
70374649793173,"Premium Player Pack Neymar Jr Jun '22"
70374649800337,"Premium Player Pack Neymar Jr Jun '22"
70374649800365,"Premium Player Pack Neymar Jr Jun '22"
70374649800594,"Premium Player Pack Neymar Jr Jun '22"
70374649803689,"Premium Player Pack Neymar Jr Jun '22"
70374649803699,"Premium Player Pack Neymar Jr Jun '22"
70374649821170,"Premium Player Pack Neymar Jr Jun '22"
70374649860902,"Premium Player Pack Neymar Jr Jun '22"
70374649868562,"Premium Player Pack Neymar Jr Jun '22"
70374918233659,"Club Pack Arsenal Jun '22"
70374918294767,"Club Pack Arsenal Jun '22"
70374918296556,"Club Pack Arsenal Jun '22"
70374918304359,"Club Pack Arsenal Jun '22"
70374918305221,"Club Pack Arsenal Jun '22"
70374918307196,"Club Pack Arsenal Jun '22"
70374918308380,"Club Pack Arsenal Jun '22"
70374918314965,"Club Pack Arsenal Jun '22"
70374918319316,"Club Pack Arsenal Jun '22"
70374918320696,"Club Pack Arsenal Jun '22"
70374918325670,"Club Pack Arsenal Jun '22"
70375186635920,"Premium Club Pack FC Barcelona Jun '22"
70375186637247,"Premium Club Pack FC Barcelona Jun '22"
70375186667176,"Premium Club Pack FC Barcelona Jun '22"
70375186668931,"Premium Club Pack FC Barcelona Jun '22"
70375186669033,"Premium Club Pack FC Barcelona Jun '22"
70375186690280,"Premium Club Pack FC Barcelona Jun '22"
70375186737270,"Premium Club Pack FC Barcelona Jun '22"
70375186739234,"Premium Club Pack FC Barcelona Jun '22"
70375186761152,"Premium Club Pack FC Barcelona Jun '22"
70375186761765,"Premium Club Pack FC Barcelona Jun '22"
70375455097249,"Premium Club Pack FC Bayern München Jun '22"
70375455104066,"Premium Club Pack FC Bayern München Jun '22"
70375455104778,"Premium Club Pack FC Bayern München Jun '22"
70375455124444,"Premium Club Pack FC Bayern München Jun '22"
70375455124948,"Premium Club Pack FC Bayern München Jun '22"
70375455166965,"Premium Club Pack FC Bayern München Jun '22"
70375455168816,"Premium Club Pack FC Bayern München Jun '22"
70375455173069,"Premium Club Pack FC Bayern München Jun '22"
70375455194025,"Premium Club Pack FC Bayern München Jun '22"
70375455202064,"Premium Club Pack FC Bayern München Jun '22"
70375723534347,"Club Pack Celtic Jun '22"
70375723603079,"Club Pack Celtic Jun '22"
70375723610294,"Club Pack Celtic Jun '22"
70375723620478,"Club Pack Celtic Jun '22"
70375723621081,"Club Pack Celtic Jun '22"
70375723621221,"Club Pack Celtic Jun '22"
70375723621270,"Club Pack Celtic Jun '22"
70375723626379,"Club Pack Celtic Jun '22"
70375723627955,"Club Pack Celtic Jun '22"
70375723636404,"Club Pack Celtic Jun '22"
70375991971703,"Club Pack Galatasaray Jun '22"
70375991973187,"Club Pack Galatasaray Jun '22"
70375991977636,"Club Pack Galatasaray Jun '22"
70375992043027,"Club Pack Galatasaray Jun '22"
70375992055400,"Club Pack Galatasaray Jun '22"
70375992058337,"Club Pack Galatasaray Jun '22"
70375992059233,"Club Pack Galatasaray Jun '22"
70375992059800,"Club Pack Galatasaray Jun '22"
70375992065367,"Club Pack Galatasaray Jun '22"
70375992073137,"Club Pack Galatasaray Jun '22"
70375992075206,"Club Pack Galatasaray Jun '22"
70376260374954,"Premium Club Pack Manchester United Jun '22"
70376260411003,"Premium Club Pack Manchester United Jun '22"
70376260413508,"Premium Club Pack Manchester United Jun '22"
70376260415455,"Premium Club Pack Manchester United Jun '22"
70376260417502,"Premium Club Pack Manchester United Jun '22"
70376260427865,"Premium Club Pack Manchester United Jun '22"
70376260430944,"Premium Club Pack Manchester United Jun '22"
70376260479761,"Premium Club Pack Manchester United Jun '22"
70376260485308,"Premium Club Pack Manchester United Jun '22"
70376260488439,"Premium Club Pack Manchester United Jun '22"
70376528848184,"Club Pack Monaco Jun '22"
70376528866900,"Club Pack Monaco Jun '22"
70376528867571,"Club Pack Monaco Jun '22"
70376528910279,"Club Pack Monaco Jun '22"
70376528913527,"Club Pack Monaco Jun '22"
70376528915467,"Club Pack Monaco Jun '22"
70376528919171,"Club Pack Monaco Jun '22"
70376528925670,"Club Pack Monaco Jun '22"
70376528932454,"Club Pack Monaco Jun '22"
70376528932608,"Club Pack Monaco Jun '22"
70376528933094,"Club Pack Monaco Jun '22"
70376797276212,"Club Pack Roma Jun '22"
70376797281280,"Club Pack Roma Jun '22"
70376797285515,"Club Pack Roma Jun '22"
70376797298602,"Club Pack Roma Jun '22"
70376797304864,"Club Pack Roma Jun '22"
70376797344256,"Club Pack Roma Jun '22"
70376797348015,"Club Pack Roma Jun '22"
70376797349440,"Club Pack Roma Jun '22"
70376797354410,"Club Pack Roma Jun '22"
70376797356253,"Club Pack Roma Jun '22"
70376797359335,"Club Pack Roma Jun '22"
70377065721179,"Club Pack Manchester B Jun '22"
70377065722068,"Club Pack Manchester B Jun '22"
70377065722745,"Club Pack Manchester B Jun '22"
70377065723615,"Club Pack Manchester B Jun '22"
70377065724322,"Club Pack Manchester B Jun '22"
70377065724587,"Club Pack Manchester B Jun '22"
70377065781026,"Club Pack Manchester B Jun '22"
70377065785000,"Club Pack Manchester B Jun '22"
70377065787615,"Club Pack Manchester B Jun '22"
70377065788600,"Club Pack Manchester B Jun '22"
70377065791608,"Club Pack Manchester B Jun '22"
70377334121200,"European Club Championship 16 Jun '22"
70377334146354,"European Club Championship 16 Jun '22"
70377334151035,"European Club Championship 16 Jun '22"
70377334152258,"European Club Championship 16 Jun '22"
70377334156639,"European Club Championship 16 Jun '22"
70377334160043,"European Club Championship 16 Jun '22"
70377334169379,"European Club Championship 16 Jun '22"
70377334173981,"European Club Championship 16 Jun '22"
70377334224360,"European Club Championship 16 Jun '22"
70377602590367,"European Masters Cup 16 Jun '22"
70377602608450,"European Masters Cup 16 Jun '22"
70377602648111,"European Masters Cup 16 Jun '22"
70377602650407,"European Masters Cup 16 Jun '22"
70377602655210,"European Masters Cup 16 Jun '22"
70377602656671,"European Masters Cup 16 Jun '22"
70377602659067,"European Masters Cup 16 Jun '22"
70377602659516,"European Masters Cup 16 Jun '22"
70377602661898,"European Masters Cup 16 Jun '22"
70377871023463,"Club Selection Liverpool R 16 Jun '22"
70377871024303,"Club Selection Liverpool R 16 Jun '22"
70377871028008,"Club Selection Liverpool R 16 Jun '22"
70377871040291,"Club Selection Liverpool R 16 Jun '22"
70377871040472,"Club Selection Liverpool R 16 Jun '22"
70377871046642,"Club Selection Liverpool R 16 Jun '22"
70377871046775,"Club Selection Liverpool R 16 Jun '22"
70377871084196,"Club Selection Liverpool R 16 Jun '22"
70378139466409,"eFootball™ Point Rewards SS '22"
70378407962831,"eFootball™ Point Rewards SS '22"
70378676409443,"eFootball™ Point Rewards SS '22"
53876875083285,"POTM J.League Division1 May '22"
53876875173960,"POTM J.League Division1 May '22"
53876875178604,"POTM J.League Division1 May '22"
53876875189156,"POTM J.League Division1 May '22"
53876875189251,"POTM J.League Division1 May '22"
53876875189929,"POTM J.League Division1 May '22"
53876875191519,"POTM J.League Division1 May '22"
53876875200371,"POTM J.League Division1 May '22"
53876875211377,"POTM J.League Division1 May '22"
53876875219402,"POTM J.League Division1 May '22"
53876875219561,"POTM J.League Division1 May '22"
87960930356665,"FC Barcelona 08-09"
87960930356698,"Inter 93-94"
87960930226998,"Inter 09-10"
87961198657832,"Tokyo Verdy 1993"
87960930222243,"Yokohama F. Marinos 2013"
87960930356695,"Shonan Bellmare 1995"
87960930356718,"Kashima Antlers 1993"
87961467093288,"Yokohama FC 2017"
87961735641853,"Liverpool R 19-20（Limited）"
87962004024416,"Manchester United 20-21（Limited）"
70375723620946,"Club Pack Celtic Jun '22"
70378944730510,"Club Selection Villarreal A 27 Jun '22"
70378944762408,"Club Selection Villarreal A 27 Jun '22"
70378944763771,"Club Selection Villarreal A 27 Jun '22"
70378944782341,"Club Selection Villarreal A 27 Jun '22"
70378944785051,"Club Selection Villarreal A 27 Jun '22"
70378944839373,"Club Selection Villarreal A 27 Jun '22"
70378944839402,"Club Selection Villarreal A 27 Jun '22"
70378944839902,"Club Selection Villarreal A 27 Jun '22"
70379213169392,"Club Selection Madrid Chamartin B 4 Jul '22"
70379213194546,"Club Selection Madrid Chamartin B 4 Jul '22"
70379213204831,"Club Selection Madrid Chamartin B 4 Jul '22"
70379213273973,"Club Selection Madrid Chamartin B 4 Jul '22"
70379213274359,"Club Selection Madrid Chamartin B 4 Jul '22"
70379213277495,"Club Selection Madrid Chamartin B 4 Jul '22"
70379213279425,"Club Selection Madrid Chamartin B 4 Jul '22"
70379213288526,"Club Selection Madrid Chamartin B 4 Jul '22"
52776558193083,"POTW National Teams 16 Jun '22"
52776558194968,"POTW National Teams 16 Jun '22"
52776558234345,"POTW National Teams 16 Jun '22"
52776558236390,"POTW National Teams 16 Jun '22"
52776558240205,"POTW National Teams 16 Jun '22"
52776558242374,"POTW National Teams 16 Jun '22"
52776558245831,"POTW National Teams 16 Jun '22"
52776558252948,"POTW National Teams 16 Jun '22"
52776558254687,"POTW National Teams 16 Jun '22"
52776558266181,"POTW National Teams 16 Jun '22"
52776558244075,"POTW National Teams 16 Jun '22"
70379481630785,"Club Selection Madrid Rosas RB 11 Jul '22"
70379481636986,"Club Selection Madrid Rosas RB 11 Jul '22"
70379481640008,"Club Selection Madrid Rosas RB 11 Jul '22"
70379481653117,"Club Selection Madrid Rosas RB 11 Jul '22"
70379481656145,"Club Selection Madrid Rosas RB 11 Jul '22"
70379481698912,"Club Selection Madrid Rosas RB 11 Jul '22"
70379481710427,"Club Selection Madrid Rosas RB 11 Jul '22"
70379481722319,"Club Selection Madrid Rosas RB 11 Jul '22"
70379750033946,"Breakout Stars Jul '22"
70379750035101,"Breakout Stars Jul '22"
70379750038672,"Breakout Stars Jul '22"
70379750065159,"Breakout Stars Jul '22"
70379750068696,"Breakout Stars Jul '22"
70379750072231,"Breakout Stars Jul '22"
70379750072484,"Breakout Stars Jul '22"
70379750074001,"Breakout Stars Jul '22"
70379750076536,"Breakout Stars Jul '22"
70379750091807,"Breakout Stars Jul '22"
70379750145404,"Breakout Stars Jul '22"
70379750147420,"Breakout Stars Jul '22"
70379750149004,"Breakout Stars Jul '22"
70379750153110,"Breakout Stars Jul '22"
70379750156199,"Breakout Stars Jul '22"
70379750155105,"Breakout Stars Jul '22"
70379750163088,"Breakout Stars Jul '22"
70379750164903,"Breakout Stars Jul '22"
70379750166427,"Breakout Stars Jul '22"
70379750178595,"Breakout Stars Jul '22"
70380018475794,"Serie A TIM Jul '22"
70380018507882,"Serie A TIM Jul '22"
70380018513051,"Serie A TIM Jul '22"
70380018526297,"Serie A TIM Jul '22"
70380018567913,"Serie A TIM Jul '22"
70380018569573,"Serie A TIM Jul '22"
70380018570502,"Serie A TIM Jul '22"
70380018576191,"Serie A TIM Jul '22"
70380018578068,"Serie A TIM Jul '22"
70380018579881,"Serie A TIM Jul '22"
70380018584987,"Serie A TIM Jul '22"
17593259920868,"Arsenal 01-02"
17593259924194,"Madrid Chamartin B 02-03"
17593259920877,"FC Bayern München 79–80"
87960930356657,"Manchester United 98-99"
87960930356724,"Manchester United 83-84"
87960930356659,"Manchester United 98-99"
87961198792183,"Madrid Rosas RB 09-10"
87960930356727,"Manchester United 02-03"
87961467227639,"Cerezo Osaka 2014"
87960930356669,"Arsenal 03-04"
87960930356749,"Arsenal 03-04"
87960930356754,"Arsenal FC 03-04"
87960930356715,"FC Barcelona 73-74"
87960930356735,"FC Barcelona 04-05"
87960930356685,"AC Milan 06-07"
87960930356688,"AC Milan 09-10"
87960930223005,"AC Milan 02-03"
87960930356709,"Inter 89-90"
87960930222376,"Genoa 94-95"
87960930356667,"FC Bayern München 00-01"
87960930356679,"FC Bayern München 00-01"
70380823812357,"English League Jul '22"
70380823814319,"English League Jul '22"
70380823816247,"English League Jul '22"
70380823817563,"English League Jul '22"
70380823819129,"English League Jul '22"
70380823820971,"English League Jul '22"
70380823830307,"English League Jul '22"
70380823833696,"English League Jul '22"
70380823833893,"English League Jul '22"
70380823886589,"English League Jul '22"
70380823891280,"English League Jul '22"
87960930356697,"Manchester United 98-99"
87960930356733,"FC Bayern München 16-17"
53877143503098,"POTM J.League Division1 Jun '22"
53877143518868,"POTM J.League Division1 Jun '22"
53877143519574,"POTM J.League Division1 Jun '22"
53877143539161,"POTM J.League Division1 Jun '22"
53877143607632,"POTM J.League Division1 Jun '22"
53877143610792,"POTM J.League Division1 Jun '22"
53877143624571,"POTM J.League Division1 Jun '22"
53877143626949,"POTM J.League Division1 Jun '22"
53877143643774,"POTM J.League Division1 Jun '22"
53877143630669,"POTM J.League Division1 Jun '22"
53877143638343,"POTM J.League Division1 Jun '22"
70380286909783,"Ligue 1 Uber Eats Jul '22"
70380286936883,"Ligue 1 Uber Eats Jul '22"
70380286948265,"Ligue 1 Uber Eats Jul '22"
70380286948275,"Ligue 1 Uber Eats Jul '22"
70380286962381,"Ligue 1 Uber Eats Jul '22"
70380287002770,"Ligue 1 Uber Eats Jul '22"
70380287009788,"Ligue 1 Uber Eats Jul '22"
70380287012990,"Ligue 1 Uber Eats Jul '22"
70380287016288,"Ligue 1 Uber Eats Jul '22"
70380287022054,"Ligue 1 Uber Eats Jul '22"
70380287028961,"Ligue 1 Uber Eats Jul '22"
70380555346672,"Spanish League Jul '22"
70380555374498,"Spanish League Jul '22"
70380555376296,"Spanish League Jul '22"
70380555378153,"Spanish League Jul '22"
70380555380397,"Spanish League Jul '22"
70380555394861,"Spanish League Jul '22"
70380555397566,"Spanish League Jul '22"
70380555440996,"Spanish League Jul '22"
70380555451253,"Spanish League Jul '22"
70380555454775,"Spanish League Jul '22"
70380555464064,"Spanish League Jul '22"
87962272533976,"Manchester United 98-99"
87962272533983,"Manchester United 02-03"
87962272537319,"Manchester United 98-99"
87962272533982,"Tottenham WB 10-11"
87962272533935,"Tottenham WB 06-07"
87962272534003,"Tottenham WB 90-91"
87962272401709,"FC Barcelona 93-94"
87962272533966,"FC Barcelona 97-98"
87962272533943,"FC Barcelona 99-00"
87962272400212,"Madrid Chamartin B 07-08"
87962272533946,"Madrid Chamartin B 01-02"
87962272534031,"Madrid Chamartin B 07-08"
87962272533956,"AC Milan 02-03"
87962272533984,"AC Milan 06-07"
87962272515241,"AC Milan 02-03"
87962272533963,"AC Milan 02-03"
87962272533957,"Piemonte BN 02-03"
87962272534030,"Piemonte BN 95-96"
87962272400283,"Piemonte BN 01-02"
87962272399412,"Feyenoord 01-02"
87962540834868,"Urawa Reds 2006"
87962809270324,"Consadole Sapporo 2015"
87962272414410,"Shimizu S-Pulse 2009"
87962272404665,"Kawasaki Frontale 2016"
87962272414680,"Cerezo Osaka 2009"
105553116301513,"New license Aug '22"
105553116303042,"New license Aug '22"
105553116305447,"New license Aug '22"
105553116307125,"New license Aug '22"
105553116307843,"New license Aug '22"
105553116308474,"New license Aug '22"
105553116313107,"New license Aug '22"
105553116314105,"New license Aug '22"
105553116314414,"New license Aug '22"
105553116325761,"New license Aug '22"
105553116326804,"New license Aug '22"
105553116327621,"New license Aug '22"
105553116376103,"New license Aug '22"
105553116382614,"New license Aug '22"
105553116385407,"New license Aug '22"
105553116385423,"New license Aug '22"
105553116385541,"New license Aug '22"
105553116396752,"New license Aug '22"
105553384739779,"Transfer Aug '22"
105553384740391,"Transfer Aug '22"
105553384746975,"Transfer Aug '22"
105553384747220,"Transfer Aug '22"
105553384806629,"Transfer Aug '22"
105553384806756,"Transfer Aug '22"
105553384812308,"Transfer Aug '22"
105553384816556,"Transfer Aug '22"
105553384817069,"Transfer Aug '22"
105553384818423,"Transfer Aug '22"
105553384825112,"Transfer Aug '22"
105553384835253,"Transfer Aug '22"
105553384835422,"Transfer Aug '22"
105553653170645,"Club Selection Vasco Gipuzkoa AB 25 Aug '22"
105553653242156,"Club Selection Vasco Gipuzkoa AB 25 Aug '22"
105553653244364,"Club Selection Vasco Gipuzkoa AB 25 Aug '22"
105553653248004,"Club Selection Vasco Gipuzkoa AB 25 Aug '22"
105553653249417,"Club Selection Vasco Gipuzkoa AB 25 Aug '22"
105553653252487,"Club Selection Vasco Gipuzkoa AB 25 Aug '22"
105553653259272,"Club Selection Vasco Gipuzkoa AB 25 Aug '22"
105553653241021,"Club Selection Vasco Gipuzkoa AB 25 Aug '22"
105553921606966,"Club Pack Club América Aug '22"
105553921613529,"Club Pack Club América Aug '22"
105553921620998,"Club Pack Club América Aug '22"
105553921632060,"Club Pack Club América Aug '22"
105553921633553,"Club Pack Club América Aug '22"
105553921634257,"Club Pack Club América Aug '22"
105553921677428,"Club Pack Club América Aug '22"
105553921680016,"Club Pack Club América Aug '22"
105553921691858,"Club Pack Club América Aug '22"
105553921696010,"Club Pack Club América Aug '22"
105553921720639,"Club Pack Club América Aug '22"
105554190017298,"Club Pack Inter Aug '22"
105554190043249,"Club Pack Inter Aug '22"
105554190045460,"Club Pack Inter Aug '22"
105554190048256,"Club Pack Inter Aug '22"
105554190048442,"Club Pack Inter Aug '22"
105554190055716,"Club Pack Inter Aug '22"
105554190109417,"Club Pack Inter Aug '22"
105554190110045,"Club Pack Inter Aug '22"
105554190112006,"Club Pack Inter Aug '22"
105554190116006,"Club Pack Inter Aug '22"
105554190116977,"Club Pack Inter Aug '22"
105554458446362,"Club Pack AC Milan Aug '22"
105554458482403,"Club Pack AC Milan Aug '22"
105554458504223,"Club Pack AC Milan Aug '22"
105554458551549,"Club Pack AC Milan Aug '22"
105554458554333,"Club Pack AC Milan Aug '22"
105554458555028,"Club Pack AC Milan Aug '22"
105554458556841,"Club Pack AC Milan Aug '22"
105554458558342,"Club Pack AC Milan Aug '22"
105554458561947,"Club Pack AC Milan Aug '22"
105554458562929,"Club Pack AC Milan Aug '22"
105554458579277,"Club Pack AC Milan Aug '22"
53877411954105,"POTM J.League Division1 Jul '22"
53877411954781,"POTM J.League Division1 Jul '22"
53877411955176,"POTM J.League Division1 Jul '22"
53877411977324,"POTM J.League Division1 Jul '22"
53877411995698,"POTM J.League Division1 Jul '22"
53877412044292,"POTM J.League Division1 Jul '22"
53877412045677,"POTM J.League Division1 Jul '22"
53877412049394,"POTM J.League Division1 Jul '22"
53877412053277,"POTM J.League Division1 Jul '22"
53877412059944,"POTM J.League Division1 Jul '22"
53877412060014,"POTM J.League Division1 Jul '22"
53877412060130,"POTM J.League Division1 Jul '22"
53877412062525,"POTM J.League Division1 Jul '22"
53877412063593,"POTM J.League Division1 Jul '22"
53877412064922,"POTM J.League Division1 Jul '22"
53877412068847,"POTM J.League Division1 Jul '22"
53877412071362,"POTM J.League Division1 Jul '22"
53877412076101,"POTM J.League Division1 Jul '22"
52776826602802,"POTW 25 Aug '22"
52776826628464,"POTW 25 Aug '22"
52776826629150,"POTW 25 Aug '22"
52776826679422,"POTW 25 Aug '22"
52776826683085,"POTW 25 Aug '22"
52776826683366,"POTW 25 Aug '22"
52776826690666,"POTW 25 Aug '22"
52776826695393,"POTW 25 Aug '22"
52776826695742,"POTW 25 Aug '22"
52776826697424,"POTW 25 Aug '22"
52776826701919,"POTW 25 Aug '22"
105554726917887,"Club Selection Sevilla Triana VB 5 Sep '22"
105554726920332,"Club Selection Sevilla Triana VB 5 Sep '22"
105554726925194,"Club Selection Sevilla Triana VB 5 Sep '22"
105554726926447,"Club Selection Sevilla Triana VB 5 Sep '22"
105554726939070,"Club Selection Sevilla Triana VB 5 Sep '22"
105554726939859,"Club Selection Sevilla Triana VB 5 Sep '22"
105554726980849,"Club Selection Sevilla Triana VB 5 Sep '22"
105554726993672,"Club Selection Sevilla Triana VB 5 Sep '22"
52777095067617,"POTW 1 Sep '22"
52777095130236,"POTW 1 Sep '22"
52777095131110,"POTW 1 Sep '22"
52777095137754,"POTW 1 Sep '22"
52777095107564,"POTW 1 Sep '22"
52777095109189,"POTW 1 Sep '22"
52777095137703,"POTW 1 Sep '22"
52777095125910,"POTW 1 Sep '22"
52777095137317,"POTW 1 Sep '22"
52777095122129,"POTW 1 Sep '22"
52777095122296,"POTW 1 Sep '22"
105554995414847,"Club Selection Leicester B 12 Sep '22"
105554995426772,"Club Selection Leicester B 12 Sep '22"
105554995426825,"Club Selection Leicester B 12 Sep '22"
105554995428724,"Club Selection Leicester B 12 Sep '22"
105554995429543,"Club Selection Leicester B 12 Sep '22"
105554995429649,"Club Selection Leicester B 12 Sep '22"
105554995449860,"Club Selection Leicester B 12 Sep '22"
105555263790439,"Premium Ambassador Pack Alexander-Arnold Sep '22"
105555263794984,"Premium Ambassador Pack Alexander-Arnold Sep '22"
105555263797430,"Premium Ambassador Pack Alexander-Arnold Sep '22"
105555263797431,"Premium Ambassador Pack Alexander-Arnold Sep '22"
105555263807267,"Premium Ambassador Pack Alexander-Arnold Sep '22"
105555263851172,"Premium Ambassador Pack Alexander-Arnold Sep '22"
105555263858377,"Premium Ambassador Pack Alexander-Arnold Sep '22"
105555263863210,"Premium Ambassador Pack Alexander-Arnold Sep '22"
105555263868240,"Premium Ambassador Pack Alexander-Arnold Sep '22"
105555263872415,"Premium Ambassador Pack Alexander-Arnold Sep '22"
105555532218679,"Club Selection Piemonte BN 19 Sep '22"
105555532222706,"Club Selection Piemonte BN 19 Sep '22"
105555532226537,"Club Selection Piemonte BN 19 Sep '22"
105555532293549,"Club Selection Piemonte BN 19 Sep '22"
105555532297086,"Club Selection Piemonte BN 19 Sep '22"
105555532300193,"Club Selection Piemonte BN 19 Sep '22"
105555532303213,"Club Selection Piemonte BN 19 Sep '22"
105554995350193,"Club Selection Leicester B 12 Sep '22"
105555532232651,"Club Selection Piemonte BN 19 Sep '22"
105555800664471,"Club Selection Bayer Leverkusen 26 Sep '22"
105555800682758,"Club Selection Bayer Leverkusen 26 Sep '22"
105555800723775,"Club Selection Bayer Leverkusen 26 Sep '22"
105555800733432,"Club Selection Bayer Leverkusen 26 Sep '22"
105555800743048,"Club Selection Bayer Leverkusen 26 Sep '22"
105555800753203,"Club Selection Bayer Leverkusen 26 Sep '22"
105555800761107,"Club Selection Bayer Leverkusen 26 Sep '22"
105555800763294,"Club Selection Bayer Leverkusen 26 Sep '22"
52777363474443,"POTW 8 Sep '22"
52777363480535,"POTW 8 Sep '22"
52777363487158,"POTW 8 Sep '22"
52777363544351,"POTW 8 Sep '22"
52777363548980,"POTW 8 Sep '22"
52777363549695,"POTW 8 Sep '22"
52777363550254,"POTW 8 Sep '22"
52777363550400,"POTW 8 Sep '22"
52777363558769,"POTW 8 Sep '22"
52777363562076,"POTW 8 Sep '22"
52777363559398,"POTW 8 Sep '22"
87963077840306,"England 2002"
87963077840406,"England 2002"
87963077840308,"England 2010"
87963077709801,"Spain 2010"
87963077840313,"Spain 2010"
87963077709936,"Spain 2010"
87963077840381,"Spain 2010"
87963077840333,"Brazil 1994"
87963077840374,"Brazil 1994"
87963077840392,"Brazil 1998"
87963077840342,"Argentina 1998"
87963077840343,"Japan 2002"
87963077705808,"Japan 2006"
87963077711033,"Japan 2010"
87963077840302,"Republic of Korea 2010"
89060441984433,"Big Time 7 Jun '02"
89060710285542,"Big Time 26 Jun '90"
89060978855375,"Big Time 13 Jul '94"
89061247290863,"Big Time 22 Jun '86"
89061515600624,"Big Time 10 Oct '21"
89061784067488,"Big Time 12 Jun '14（Limited）"
89062052470103,"Big Time 26 Jun '14（Limited）"
89062589455364,"Big Time 1 Feb '22"
52777631884050,"POTW 15 Sep '22"
52777631915074,"POTW 15 Sep '22"
52777631917450,"POTW 15 Sep '22"
52777631935313,"POTW 15 Sep '22"
52777631993516,"POTW 15 Sep '22"
52777631994049,"POTW 15 Sep '22"
52777631997084,"POTW 15 Sep '22"
52777632000874,"POTW 15 Sep '22"
52777632002278,"POTW 15 Sep '22"
52777632007969,"POTW 15 Sep '22"
52777632022363,"POTW 15 Sep '22"
105556069117062,"Club Selection Newcastle WB 3 Oct '22"
105556069156811,"Club Selection Newcastle WB 3 Oct '22"
105556069159204,"Club Selection Newcastle WB 3 Oct '22"
105556069160342,"Club Selection Newcastle WB 3 Oct '22"
105556069173561,"Club Selection Newcastle WB 3 Oct '22"
105556069174429,"Club Selection Newcastle WB 3 Oct '22"
105556069181914,"Club Selection Newcastle WB 3 Oct '22"
105556069163148,"Club Selection Newcastle WB 3 Oct '22"
52778168783622,"POTW European Club Championship 22 Sep '22"
52778168787119,"POTW European Club Championship 22 Sep '22"
52778168788648,"POTW European Club Championship 22 Sep '22"
52778168793771,"POTW European Club Championship 22 Sep '22"
52778168806780,"POTW European Club Championship 22 Sep '22"
52778168850701,"POTW European Club Championship 22 Sep '22"
52778168859895,"POTW European Club Championship 22 Sep '22"
52778168860037,"POTW European Club Championship 22 Sep '22"
52778168860317,"POTW European Club Championship 22 Sep '22"
52778168879578,"POTW European Club Championship 22 Sep '22"
52778168860418,"POTW European Club Championship 22 Sep '22"
52777900352952,"POTW 29 Sep '22"
52777900353591,"POTW 29 Sep '22"
52777900357362,"POTW 29 Sep '22"
52777900410957,"POTW 29 Sep '22"
52777900411643,"POTW 29 Sep '22"
52777900432872,"POTW 29 Sep '22"
52777900452020,"POTW 29 Sep '22"
52777900457761,"POTW 29 Sep '22"
52777900367881,"POTW 29 Sep '22"
52777900415013,"POTW 29 Sep '22"
52777900432392,"POTW 29 Sep '22"
105556605969020,"Transfer Oct '22"
105556605970093,"Transfer Oct '22"
105556605974288,"Transfer Oct '22"
105556605974603,"Transfer Oct '22"
105556605988118,"Transfer Oct '22"
105556606035098,"Transfer Oct '22"
105556606032159,"Transfer Oct '22"
105556606038002,"Transfer Oct '22"
105556606038208,"Transfer Oct '22"
105556606038520,"Transfer Oct '22"
105556606043999,"Transfer Oct '22"
105556606055705,"Transfer Oct '22"
105556606068126,"Transfer Oct '22"
105556874371824,"Club Selection Madrid Chamartin B 10 Oct '22"
105556874404004,"Club Selection Madrid Chamartin B 10 Oct '22"
105556874407263,"Club Selection Madrid Chamartin B 10 Oct '22"
105556874470769,"Club Selection Madrid Chamartin B 10 Oct '22"
105556874476405,"Club Selection Madrid Chamartin B 10 Oct '22"
105556874479927,"Club Selection Madrid Chamartin B 10 Oct '22"
105556874482662,"Club Selection Madrid Chamartin B 10 Oct '22"
105556874490958,"Club Selection Madrid Chamartin B 10 Oct '22"
105557142802858,"Premium Ambassador Pack Bruno Fernandes Oct '22"
105557142807469,"Premium Ambassador Pack Bruno Fernandes Oct '22"
105557142833204,"Premium Ambassador Pack Bruno Fernandes Oct '22"
105557142845406,"Premium Ambassador Pack Bruno Fernandes Oct '22"
105557142858963,"Premium Ambassador Pack Bruno Fernandes Oct '22"
105557142902562,"Premium Ambassador Pack Bruno Fernandes Oct '22"
105557142908980,"Premium Ambassador Pack Bruno Fernandes Oct '22"
105557142910136,"Premium Ambassador Pack Bruno Fernandes Oct '22"
105557142917489,"Premium Ambassador Pack Bruno Fernandes Oct '22"
105557142924672,"Premium Ambassador Pack Bruno Fernandes Oct '22"
105557411337196,"Club Pack Arsenal Oct '22"
105557411341992,"Club Pack Arsenal Oct '22"
105557411344999,"Club Pack Arsenal Oct '22"
105557411347132,"Club Pack Arsenal Oct '22"
105557411349020,"Club Pack Arsenal Oct '22"
105557411355605,"Club Pack Arsenal Oct '22"
105557411359956,"Club Pack Arsenal Oct '22"
105557411360481,"Club Pack Arsenal Oct '22"
105557411361336,"Club Pack Arsenal Oct '22"
105557411366310,"Club Pack Arsenal Oct '22"
105557411371787,"Club Pack Arsenal Oct '22"
105557679707816,"Club Pack FC Barcelona Oct '22"
105557679709250,"Club Pack FC Barcelona Oct '22"
105557679709673,"Club Pack FC Barcelona Oct '22"
105557679730920,"Club Pack FC Barcelona Oct '22"
105557679773093,"Club Pack FC Barcelona Oct '22"
105557679777183,"Club Pack FC Barcelona Oct '22"
105557679779892,"Club Pack FC Barcelona Oct '22"
105557679801792,"Club Pack FC Barcelona Oct '22"
105557679802405,"Club Pack FC Barcelona Oct '22"
105557679802463,"Club Pack FC Barcelona Oct '22"
105557679816483,"Club Pack FC Barcelona Oct '22"
105557948137889,"Club Pack FC Bayern München Oct '22"
105557948145418,"Club Pack FC Bayern München Oct '22"
105557948162008,"Club Pack FC Bayern München Oct '22"
105557948165084,"Club Pack FC Bayern München Oct '22"
105557948207605,"Club Pack FC Bayern München Oct '22"
105557948209421,"Club Pack FC Bayern München Oct '22"
105557948213709,"Club Pack FC Bayern München Oct '22"
105557948218809,"Club Pack FC Bayern München Oct '22"
105557948221359,"Club Pack FC Bayern München Oct '22"
105557948231773,"Club Pack FC Bayern München Oct '22"
105557948242704,"Club Pack FC Bayern München Oct '22"
105558216544682,"Club Pack Manchester United Oct '22"
105558216580731,"Club Pack Manchester United Oct '22"
105558216583236,"Club Pack Manchester United Oct '22"
105558216597593,"Club Pack Manchester United Oct '22"
105558216600672,"Club Pack Manchester United Oct '22"
105558216649489,"Club Pack Manchester United Oct '22"
105558216650798,"Club Pack Manchester United Oct '22"
105558216656765,"Club Pack Manchester United Oct '22"
105558216657953,"Club Pack Manchester United Oct '22"
105558216658167,"Club Pack Manchester United Oct '22"
105558216658198,"Club Pack Manchester United Oct '22"
105558485018191,"eFootball™ Point Rewards AW '22"
105558753525595,"eFootball™ Point Rewards AW '22"
105559021961373,"eFootball™ Point Rewards AW '22"
53877680412395,"POTM Eredivisie 6 Oct '22"
53877680412557,"POTM Eredivisie 6 Oct '22"
53877680480548,"POTM Eredivisie 6 Oct '22"
53877680492034,"POTM Eredivisie 6 Oct '22"
53877680495772,"POTM Eredivisie 6 Oct '22"
53877680499857,"POTM Eredivisie 6 Oct '22"
53877680499940,"POTM Eredivisie 6 Oct '22"
53877680500374,"POTM Eredivisie 6 Oct '22"
53877680509942,"POTM Eredivisie 6 Oct '22"
53877680515942,"POTM Eredivisie 6 Oct '22"
53877680518757,"POTM Eredivisie 6 Oct '22"
52778437221697,"POTW 6 Oct '22"
52778437223736,"POTW 6 Oct '22"
52778437228630,"POTW 6 Oct '22"
52778437241800,"POTW 6 Oct '22"
52778437283055,"POTW 6 Oct '22"
52778437284864,"POTW 6 Oct '22"
52778437296081,"POTW 6 Oct '22"
52778437296248,"POTW 6 Oct '22"
52778437299084,"POTW 6 Oct '22"
52778437313168,"POTW 6 Oct '22"
52778437319440,"POTW 6 Oct '22"
105559290326363,"Club Selection Manchester B 17 Oct '22"
105559290328799,"Club Selection Manchester B 17 Oct '22"
105559290329771,"Club Selection Manchester B 17 Oct '22"
105559290391108,"Club Selection Manchester B 17 Oct '22"
105559290392799,"Club Selection Manchester B 17 Oct '22"
105559290393784,"Club Selection Manchester B 17 Oct '22"
105559290396792,"Club Selection Manchester B 17 Oct '22"
105559290415527,"Club Selection Manchester B 17 Oct '22"
52778705738888,"POTW 13 Oct '22"
52778705677064,"POTW 13 Oct '22"
52778705733945,"POTW 13 Oct '22"
52778705728732,"POTW 13 Oct '22"
52778705743006,"POTW 13 Oct '22"
52778705653841,"POTW 13 Oct '22"
52778705728882,"POTW 13 Oct '22"
52778705734992,"POTW 13 Oct '22"
52778705744440,"POTW 13 Oct '22"
52778705729961,"POTW 13 Oct '22"
52778705674151,"POTW 13 Oct '22"
105559827200270,"Club Selection Napoli 24 Oct '22"
105559827257381,"Club Selection Napoli 24 Oct '22"
105559827261298,"Club Selection Napoli 24 Oct '22"
105559827269866,"Club Selection Napoli 24 Oct '22"
105559827275356,"Club Selection Napoli 24 Oct '22"
105559827275612,"Club Selection Napoli 24 Oct '22"
105559827279791,"Club Selection Napoli 24 Oct '22"
105559827281616,"Club Selection Napoli 24 Oct '22"
105560095741727,"National Team Selection Indonesia [Deluxe] Oct ’22"
105560095744659,"National Team Selection Indonesia [Deluxe] Oct ’22"
105560095744660,"National Team Selection Indonesia [Deluxe] Oct ’22"
105560095744662,"National Team Selection Indonesia [Deluxe] Oct ’22"
105560095744663,"National Team Selection Indonesia [Deluxe] Oct ’22"
105560095744664,"National Team Selection Indonesia [Deluxe] Oct ’22"
105560095744665,"National Team Selection Indonesia [Deluxe] Oct ’22"
105560095744673,"National Team Selection Indonesia [Deluxe] Oct ’22"
105560095744674,"National Team Selection Indonesia [Deluxe] Oct ’22"
105560095744675,"National Team Selection Indonesia [Deluxe] Oct ’22"
105560095744676,"National Team Selection Indonesia [Deluxe] Oct ’22"
105560364070540,"National Team Selection Malaysia [Deluxe] Oct ’22"
105560364137048,"National Team Selection Malaysia [Deluxe] Oct ’22"
105560364153628,"National Team Selection Malaysia [Deluxe] Oct ’22"
105560364153636,"National Team Selection Malaysia [Deluxe] Oct ’22"
105560364153647,"National Team Selection Malaysia [Deluxe] Oct ’22"
105560364153650,"National Team Selection Malaysia [Deluxe] Oct ’22"
105560364153652,"National Team Selection Malaysia [Deluxe] Oct ’22"
105560364159592,"National Team Selection Malaysia [Deluxe] Oct ’22"
105560364169249,"National Team Selection Malaysia [Deluxe] Oct ’22"
105560364178624,"National Team Selection Malaysia [Deluxe] Oct ’22"
105560364180106,"National Team Selection Malaysia [Deluxe] Oct ’22"
105560632489917,"National Team Selection Thailand [Deluxe] Oct ’22"
105560632497078,"National Team Selection Thailand [Deluxe] Oct ’22"
105560632516363,"National Team Selection Thailand [Deluxe] Oct ’22"
105560632519242,"National Team Selection Thailand [Deluxe] Oct ’22"
105560632522720,"National Team Selection Thailand [Deluxe] Oct ’22"
105560632564253,"National Team Selection Thailand [Deluxe] Oct ’22"
105560632570936,"National Team Selection Thailand [Deluxe] Oct ’22"
105560632581754,"National Team Selection Thailand [Deluxe] Oct ’22"
105560632584393,"National Team Selection Thailand [Deluxe] Oct ’22"
105560632584676,"National Team Selection Thailand [Deluxe] Oct ’22"
105560632584787,"National Team Selection Thailand [Deluxe] Oct ’22"
105561437866729,"National Team Selection Turkey [Deluxe] Oct ’22"
105561437873486,"National Team Selection Turkey [Deluxe] Oct ’22"
105561437877716,"National Team Selection Turkey [Deluxe] Oct ’22"
105561437879720,"National Team Selection Turkey [Deluxe] Oct ’22"
105561437881862,"National Team Selection Turkey [Deluxe] Oct ’22"
105561437886720,"National Team Selection Turkey [Deluxe] Oct ’22"
105561437888792,"National Team Selection Turkey [Deluxe] Oct ’22"
105561437889377,"National Team Selection Turkey [Deluxe] Oct ’22"
105561437892439,"National Team Selection Turkey [Deluxe] Oct ’22"
105561437905862,"National Team Selection Turkey [Deluxe] Oct ’22"
105561437907858,"National Team Selection Turkey [Deluxe] Oct ’22"
52778974156038,"POTW 20 Oct '22"
52778974166368,"POTW 20 Oct '22"
52778974099594,"POTW 20 Oct '22"
52778974166263,"POTW 20 Oct '22"
52778974094597,"POTW 20 Oct '22"
52778974094730,"POTW 20 Oct '22"
52778974112979,"POTW 20 Oct '22"
52778974094781,"POTW 20 Oct '22"
52778974096341,"POTW 20 Oct '22"
52778974109475,"POTW 20 Oct '22"
52778974163559,"POTW 20 Oct '22"
105556337499280,"Liga MX x Day of the Dead 2022"
105556337526070,"Liga MX x Day of the Dead 2022"
105556337557240,"Liga MX x Day of the Dead 2022"
105556337597326,"Liga MX x Day of the Dead 2022"
105556337603204,"Liga MX x Day of the Dead 2022"
105556337606022,"Liga MX x Day of the Dead 2022"
105556337610962,"Liga MX x Day of the Dead 2022"
105556337611013,"Liga MX x Day of the Dead 2022"
105556337625137,"Liga MX x Day of the Dead 2022"
105556337639866,"Liga MX x Day of the Dead 2022"
105556337552276,"Liga MX x Day of the Dead 2022"
87963346142036,"Spain 2010"
87963346275820,"Germany 1974"
87963346275821,"Germany 1982"
87963346144942,"Brazil 2006"
87963346275788,"Brazil 2002"
87963346275779,"Italy 2006"
87963346275808,"Italy 2006"
87963346275841,"Chelsea B 11-12"
87963346144375,"Chelsea B 11-12"
87963346275803,"FC Barcelona 91-92"
87963346275817,"AC Milan 88-89"
87963346275818,"AC Milan 87-88"
87963346275782,"Arsenal 06-07"
89062857776404,"Big Time 25 Jun '10"
89063126342373,"Big Time 9 Jul '06"
89063394774510,"Big Time 2 Jul '82"
89063663209957,"Big Time 1 Jul '90"
89063931645407,"Big Time 3 May '03"
89064200084194,"Big Time 7 May '05"
89064468384045,"Big Time 27 Apr '94"
89064736951784,"Big Time 24 May '90"
89065005387197,"Big Time 25 Apr '04"
87963346275802,"Arsenal 01-02"
52779242534859,"POTW 27 Oct '22"
52779242599258,"POTW 27 Oct '22"
52779242535332,"POTW 27 Oct '22"
52779242528315,"POTW 27 Oct '22"
52779242602374,"POTW 27 Oct '22"
52779242532657,"POTW 27 Oct '22"
52779242596465,"POTW 27 Oct '22"
52779242530124,"POTW 27 Oct '22"
52779242598434,"POTW 27 Oct '22"
52779242618508,"POTW 27 Oct '22"
52779242588107,"POTW 27 Oct '22"
105561169363255,"National Team Selection Italy [Deluxe] Nov '22"
105561169371242,"National Team Selection Italy [Deluxe] Nov '22"
105561169393696,"National Team Selection Italy [Deluxe] Nov '22"
105561169430796,"National Team Selection Italy [Deluxe] Nov '22"
105561169433862,"National Team Selection Italy [Deluxe] Nov '22"
105561169436847,"National Team Selection Italy [Deluxe] Nov '22"
105561169438125,"National Team Selection Italy [Deluxe] Nov '22"
105561169438455,"National Team Selection Italy [Deluxe] Nov '22"
105561169444838,"National Team Selection Italy [Deluxe] Nov '22"
105561169448347,"National Team Selection Italy [Deluxe] Nov '22"
105561169438272,"National Team Selection Italy [Deluxe] Nov '22"
52779511050159,"POTW 3 Nov '22"
52779510986930,"POTW 3 Nov '22"
52779510963616,"POTW 3 Nov '22"
52779510980568,"POTW 3 Nov '22"
52779511041204,"POTW 3 Nov '22"
52779510938339,"POTW 3 Nov '22"
52779510963835,"POTW 3 Nov '22"
52779510964139,"POTW 3 Nov '22"
52779510964860,"POTW 3 Nov '22"
52779510980521,"POTW 3 Nov '22"
52779511041043,"POTW 3 Nov '22"
52779779367359,"POTW 10 Nov '22"
52779779397211,"POTW 10 Nov '22"
52779779405357,"POTW 10 Nov '22"
52779779405584,"POTW 10 Nov '22"
52779779415843,"POTW 10 Nov '22"
52779779422119,"POTW 10 Nov '22"
52779779461840,"POTW 10 Nov '22"
52779779465514,"POTW 10 Nov '22"
52779779469927,"POTW 10 Nov '22"
52779779479077,"POTW 10 Nov '22"
52779779485580,"POTW 10 Nov '22"
17593528356343,"Madrid Rosas RB 09-10 (Carryover)"
17593528225454,"Milano RN 06-07 (Carryover)"
17593528223194,"FC Barcelona 08-09 (Carryover)"
17593528359653,"Madrid Chamartin B 06-07 (Carryover)"
17593528356353,"Chelsea B 11-12 (Carryover)"
17593528356315,"FC Barcelona 91-92 (Carryover)"
17593528285558,"Madrid Chamartin B 01-02 (Carryover)"
17593528368293,"FC Bayern München 00-01 (Carryover)"
17593528359650,"Madrid Chamartin B 01-02 (Carryover)"
17593528337577,"Milano RN 02-03 (Carryover)"
105561706210226,"Alltime Greats Nov '22"
105561706236584,"Alltime Greats Nov '22"
105561706237715,"Alltime Greats Nov '22"
105561706237976,"Alltime Greats Nov '22"
105561706238116,"Alltime Greats Nov '22"
105561706239656,"Alltime Greats Nov '22"
105561706239884,"Alltime Greats Nov '22"
105561706240865,"Alltime Greats Nov '22"
105561706241802,"Alltime Greats Nov '22"
105561706243333,"Alltime Greats Nov '22"
105561706243466,"Alltime Greats Nov '22"
105561706243718,"Alltime Greats Nov '22"
105561706246267,"Alltime Greats Nov '22"
105561974671019,"National Team Selection Uruguay 21 Nov '22"
105561974671425,"National Team Selection Uruguay 21 Nov '22"
105561974672021,"National Team Selection Uruguay 21 Nov '22"
105561974695383,"National Team Selection Uruguay 21 Nov '22"
105561974741841,"National Team Selection Uruguay 21 Nov '22"
105561974746393,"National Team Selection Uruguay 21 Nov '22"
105561974750455,"National Team Selection Uruguay 21 Nov '22"
105561974769845,"National Team Selection Uruguay 21 Nov '22"
105562243114296,"National Team Selection France 21 Nov '22"
105562243119051,"National Team Selection France 21 Nov '22"
105562243132447,"National Team Selection France 21 Nov '22"
105562243176752,"National Team Selection France 21 Nov '22"
105562243182718,"National Team Selection France 21 Nov '22"
105562511544562,"National Team Pack Argentina [Premium] Nov '22"
105562511548181,"National Team Pack Argentina [Premium] Nov '22"
105562511549052,"National Team Pack Argentina [Premium] Nov '22"
105562511552812,"National Team Pack Argentina [Premium] Nov '22"
105562511554635,"National Team Pack Argentina [Premium] Nov '22"
105562511567697,"National Team Pack Argentina [Premium] Nov '22"
105562511608532,"National Team Pack Argentina [Premium] Nov '22"
105562511616113,"National Team Pack Argentina [Premium] Nov '22"
105562511618552,"National Team Pack Argentina [Premium] Nov '22"
105562511618736,"National Team Pack Argentina [Premium] Nov '22"
105562779986901,"National Team Pack Brazil [Premium] Nov '22"
105562779988905,"National Team Pack Brazil [Premium] Nov '22"
105562779989727,"National Team Pack Brazil [Premium] Nov '22"
105562780000345,"National Team Pack Brazil [Premium] Nov '22"
105562780006519,"National Team Pack Brazil [Premium] Nov '22"
105562780053556,"National Team Pack Brazil [Premium] Nov '22"
105562780053778,"National Team Pack Brazil [Premium] Nov '22"
105562780054119,"National Team Pack Brazil [Premium] Nov '22"
105562780054716,"National Team Pack Brazil [Premium] Nov '22"
105562780059961,"National Team Pack Brazil [Premium] Nov '22"
105563048386942,"National Team Pack France [Premium] Nov '22"
105563048416995,"National Team Pack France [Premium] Nov '22"
105563048420684,"National Team Pack France [Premium] Nov '22"
105563048421444,"National Team Pack France [Premium] Nov '22"
105563048481574,"National Team Pack France [Premium] Nov '22"
105563048487352,"National Team Pack France [Premium] Nov '22"
105563048489152,"National Team Pack France [Premium] Nov '22"
105563048489620,"National Team Pack France [Premium] Nov '22"
105563048493006,"National Team Pack France [Premium] Nov '22"
105563048498150,"National Team Pack France [Premium] Nov '22"
105563316829041,"National Team Pack Japan [Premium] Nov '22"
105563316829257,"National Team Pack Japan [Premium] Nov '22"
105563316830298,"National Team Pack Japan [Premium] Nov '22"
105563316830624,"National Team Pack Japan [Premium] Nov '22"
105563316875095,"National Team Pack Japan [Premium] Nov '22"
105563316929483,"National Team Pack Japan [Premium] Nov '22"
105563316929486,"National Team Pack Japan [Premium] Nov '22"
105563316935540,"National Team Pack Japan [Premium] Nov '22"
105563316936362,"National Team Pack Japan [Premium] Nov '22"
105563316940684,"National Team Pack Japan [Premium] Nov '22"
105563585294548,"National Team Pack England '22"
105563585296566,"National Team Pack England '22"
105563585296567,"National Team Pack England '22"
105563585297065,"National Team Pack England '22"
105563585358239,"National Team Pack England '22"
105563585358609,"National Team Pack England '22"
105563585359636,"National Team Pack England '22"
105563585362685,"National Team Pack England '22"
105563585364088,"National Team Pack England '22"
105563585367376,"National Team Pack England '22"
105563585382213,"National Team Pack England '22"
105563853717921,"National Team Pack Germany '22"
105563853730681,"National Team Pack Germany '22"
105563853789413,"National Team Pack Germany '22"
105563853793741,"National Team Pack Germany '22"
105563853795563,"National Team Pack Germany '22"
105563853799242,"National Team Pack Germany '22"
105563853800872,"National Team Pack Germany '22"
105563853801388,"National Team Pack Germany '22"
105563853803676,"National Team Pack Germany '22"
105563853826973,"National Team Pack Germany '22"
105563853830753,"National Team Pack Germany '22"
53877948849281,"POTM Spor Toto Süper Lig Nov '22"
53877948849848,"POTM Spor Toto Süper Lig Nov '22"
53877948850220,"POTM Spor Toto Süper Lig Nov '22"
53877948851389,"POTM Spor Toto Süper Lig Nov '22"
53877948853002,"POTM Spor Toto Süper Lig Nov '22"
53877948868873,"POTM Spor Toto Süper Lig Nov '22"
53877948913650,"POTM Spor Toto Süper Lig Nov '22"
53877948927573,"POTM Spor Toto Süper Lig Nov '22"
53877948930409,"POTM Spor Toto Süper Lig Nov '22"
53877948944600,"POTM Spor Toto Süper Lig Nov '22"
53877948946475,"POTM Spor Toto Süper Lig Nov '22"
53878217281228,"POTS American League 2022"
53878217305702,"POTS American League 2022"
53878217305707,"POTS American League 2022"
53878217349671,"POTS American League 2022"
53878217349705,"POTS American League 2022"
53878217353672,"POTS American League 2022"
53878217357711,"POTS American League 2022"
53878217362173,"POTS American League 2022"
53878217387144,"POTS American League 2022"
53878217387168,"POTS American League 2022"
53878217387197,"POTS American League 2022"
105564122135267,"J.League Awards 2022"
105564122135983,"J.League Awards 2022"
105564122166241,"J.League Awards 2022"
105564122181463,"J.League Awards 2022"
105564122181521,"J.League Awards 2022"
105564122227565,"J.League Awards 2022"
105564122235165,"J.League Awards 2022"
105564122241832,"J.League Awards 2022"
105564122241908,"J.League Awards 2022"
105564122242051,"J.League Awards 2022"
105564122242729,"J.League Awards 2022"
105564390616160,"Bruno Fernandes Cup 2022"
105564658993593,"National Team Selection Japan '22"
105564659006918,"National Team Selection Japan '22"
105564659007450,"National Team Selection Japan '22"
105564659097089,"National Team Selection Japan '22"
105564659112968,"National Team Selection Japan '22"
105564659115211,"National Team Selection Japan '22"
105564659118069,"National Team Selection Japan '22"
105564659124083,"National Team Selection Japan '22"
105565195877824,"National Team Selection Japan 21 Nov '22"
105565195878744,"National Team Selection Japan 21 Nov '22"
105565195900972,"National Team Selection Japan 21 Nov '22"
105565195901036,"National Team Selection Japan 21 Nov '22"
105565195925762,"National Team Selection Japan 21 Nov '22"
105565195968005,"National Team Selection Japan 21 Nov '22"
105565195983717,"National Team Selection Japan 21 Nov '22"
105565195983766,"National Team Selection Japan 21 Nov '22"
52780047830946,"POTW 17 Nov '22"
52780047831814,"POTW 17 Nov '22"
52780047857671,"POTW 17 Nov '22"
52780047857953,"POTW 17 Nov '22"
52780047897580,"POTW 17 Nov '22"
52780047903181,"POTW 17 Nov '22"
52780047903540,"POTW 17 Nov '22"
52780047908800,"POTW 17 Nov '22"
52780047924863,"POTW 17 Nov '22"
52780047926932,"POTW 17 Nov '22"
52780047949039,"POTW 17 Nov '22"
105564927460658,"National Team Selection Croatia 24 Nov '22"
105564927464906,"National Team Selection Croatia 24 Nov '22"
105564927464999,"National Team Selection Croatia 24 Nov '22"
105564927469695,"National Team Selection Croatia 24 Nov '22"
105564927473956,"National Team Selection Croatia 24 Nov '22"
105564927488280,"National Team Selection Croatia 24 Nov '22"
105564927531309,"National Team Selection Croatia 24 Nov '22"
105564927540156,"National Team Selection Croatia 24 Nov '22"
105565464337897,"National Team Pack Spain '22"
105565464338554,"National Team Pack Spain '22"
105565464340566,"National Team Pack Spain '22"
105565464344994,"National Team Pack Spain '22"
105565464400480,"National Team Pack Spain '22"
105565464404429,"National Team Pack Spain '22"
105565464408287,"National Team Pack Spain '22"
105565464408374,"National Team Pack Spain '22"
105565464412382,"National Team Pack Spain '22"
105565464414223,"National Team Pack Spain '22"
105565464430629,"National Team Pack Spain '22"
105565732771563,"National Team Pack Netherlands '22"
105565732773803,"National Team Pack Netherlands '22"
105565732777768,"National Team Pack Netherlands '22"
105565732777777,"National Team Pack Netherlands '22"
105565732778321,"National Team Pack Netherlands '22"
105565732779807,"National Team Pack Netherlands '22"
105565732837663,"National Team Pack Netherlands '22"
105565732841590,"National Team Pack Netherlands '22"
105565732844914,"National Team Pack Netherlands '22"
105565732847033,"National Team Pack Netherlands '22"
105565732851244,"National Team Pack Netherlands '22"
105566269638745,"National Team Pack Belgium '22"
105566269640838,"National Team Pack Belgium '22"
105566269641667,"National Team Pack Belgium '22"
105566269643962,"National Team Pack Belgium '22"
105566269648219,"National Team Pack Belgium '22"
105566269648223,"National Team Pack Belgium '22"
105566269648241,"National Team Pack Belgium '22"
105566269650487,"National Team Pack Belgium '22"
105566269663641,"National Team Pack Belgium '22"
105566269663642,"National Team Pack Belgium '22"
105566269721726,"National Team Pack Belgium '22"
105566538043818,"National Team Pack Portugal '22"
105566538048429,"National Team Pack Portugal '22"
105566538082311,"National Team Pack Portugal '22"
105566538087083,"National Team Pack Portugal '22"
105566538099131,"National Team Pack Portugal '22"
105566538099808,"National Team Pack Portugal '22"
105566538102791,"National Team Pack Portugal '22"
105566538143500,"National Team Pack Portugal '22"
105566538143522,"National Team Pack Portugal '22"
105566538158449,"National Team Pack Portugal '22"
105566538166334,"National Team Pack Portugal '22"
52780316359998,"POTW International Cup 28 Nov '22"
52780316347467,"POTW International Cup 28 Nov '22"
52780316357176,"POTW International Cup 28 Nov '22"
52780316362565,"POTW International Cup 28 Nov '22"
52780316276702,"POTW International Cup 28 Nov '22"
52780316289248,"POTW International Cup 28 Nov '22"
52780316333477,"POTW International Cup 28 Nov '22"
52780316355359,"POTW International Cup 28 Nov '22"
52780316268259,"POTW International Cup 28 Nov '22"
52780316271948,"POTW International Cup 28 Nov '22"
52780316276683,"POTW International Cup 28 Nov '22"
105566001215454,"Dominant Defenders Dec '22"
105566001225737,"Dominant Defenders Dec '22"
105566001228150,"Dominant Defenders Dec '22"
105566001271141,"Dominant Defenders Dec '22"
105566001272229,"Dominant Defenders Dec '22"
105566001279158,"Dominant Defenders Dec '22"
105566001282344,"Dominant Defenders Dec '22"
105566001290844,"Dominant Defenders Dec '22"
105566806515623,"Marvelous Midfielders Dec '22"
105566806517176,"Marvelous Midfielders Dec '22"
105566806522126,"Marvelous Midfielders Dec '22"
105566806535132,"Marvelous Midfielders Dec '22"
105566806539502,"Marvelous Midfielders Dec '22"
105566806576367,"Marvelous Midfielders Dec '22"
105566806584127,"Marvelous Midfielders Dec '22"
105566806592365,"Marvelous Midfielders Dec '22"
105567343385666,"Amazing Attackers Dec '22"
105567343388727,"Amazing Attackers Dec '22"
105567343388926,"Amazing Attackers Dec '22"
105567343406548,"Amazing Attackers Dec '22"
105567343446779,"Amazing Attackers Dec '22"
105567343457768,"Amazing Attackers Dec '22"
105567343459902,"Amazing Attackers Dec '22"
105567343472000,"Amazing Attackers Dec '22"
105567075021694,"Golden Boys Dec '22"
105567075032213,"Golden Boys Dec '22"
105567075036822,"Golden Boys Dec '22"
105567075036897,"Golden Boys Dec '22"
105567075037724,"Golden Boys Dec '22"
105567075037752,"Golden Boys Dec '22"
105567075042361,"Golden Boys Dec '22"
105567075042363,"Golden Boys Dec '22"
105567075042400,"Golden Boys Dec '22"
105567075042964,"Golden Boys Dec '22"
105567075052406,"Golden Boys Dec '22"
105567075052618,"Golden Boys Dec '22"
105567075057443,"Golden Boys Dec '22"
89065273822644,"Big Time 26 May '05"
89065542187382,"Big Time 16 May '02"
89065810693651,"Big Time 19 Aug '89"
89066079129079,"Big Time 3 Nov '02"
89066347431386,"Big Time 28 May '09"
89066615870262,"Big Time 2 Jul '10"
89066884435465,"Big Time 12 Jun '05"
89067152870864,"Big Time 19 Nov '05"
89067421306306,"Big Time 19 May '94"
89067689741763,"Big Time 17 Jun '01"
87963614711293,"Liverpool R 04-05"
87963614591960,"Manchester United FC 12-13"
87963614711285,"Manchester United FC 64-65"
87963614698500,"Kashiwa Reysol 2018"
87963614576888,"Gamba Osaka 2000"
87963614711221,"Madrid Chamartin B 00-01"
87963614577565,"Madrid Chamartin B 97-98"
87963614711255,"Shonan Bellmare 1995"
87963614577506,"FC Barcelona 10-11"
87963614711291,"FC Barcelona 96-97"
87963614577563,"Netherlands 1998"
87963614711275,"Netherlands 1974"
87963614583789,"AC Milan 93-94"
87963614711250,"Internazionale Milano 98-99"
87963614580713,"FC Barcelona 08-09"
87963614711307,"FC Barcelona 05-06"
87963614714608,"AS Roma 99-00"
87963614577526,"AS Roma 00-01"
87963614698504,"F.C. Tokyo 2019"
87963614592448,"Urawa Reds 2022"
87963614576720,"Sanfrecce Hiroshima 2012"
87963614711266,"FC Bayern München 02-03"
87963614723237,"FC Bayern München 00-01"
87963614711279,"SSC Napoli 89-90"
87963614711249,"SS Lazio 99-00"
87963614581408,"Internazionale Milano 09-10"
87963614711245,"AS Roma 00-01"
87963614577617,"AC Milan 06-07"
87963614711236,"Atalanta BC 96-97"
87963614580848,"Liverpool R 07-08"
87963614711242,"Internazionale Milano 05-06"
87963614723230,"Atalanta BC 74-75"
87963614723231,"Atalanta BC 97-98"
87963614711318,"Liverpool R 97-98"
87963614711232,"FC Barcelona 98–99"
52780584703884,"POTW International Cup 1 Dec '22"
52780584706025,"POTW International Cup 1 Dec '22"
52780584708182,"POTW International Cup 1 Dec '22"
52780584708223,"POTW International Cup 1 Dec '22"
52780584725600,"POTW International Cup 1 Dec '22"
52780584767483,"POTW International Cup 1 Dec '22"
52780584775806,"POTW International Cup 1 Dec '22"
52780584775954,"POTW International Cup 1 Dec '22"
52780584776340,"POTW International Cup 1 Dec '22"
52780584793369,"POTW International Cup 1 Dec '22"
52780584795566,"POTW International Cup 1 Dec '22"
52780853115761,"POTW Japan National Team 1 Dec '22"
52780853115977,"POTW Japan National Team 1 Dec '22"
52780853117272,"POTW Japan National Team 1 Dec '22"
52780853206529,"POTW Japan National Team 1 Dec '22"
52780853216203,"POTW Japan National Team 1 Dec '22"
52780853227276,"POTW Japan National Team 1 Dec '22"
52780853227509,"POTW Japan National Team 1 Dec '22"
105567611828122,"eFootball™ Point Rewards AW '22"
105567880321380,"eFootball™ Point Rewards AW '22"
105568148754322,"eFootball™ Point Rewards AW '22"
52781121576422,"POTW International Cup 8 Dec '22"
52781121579063,"POTW International Cup 8 Dec '22"
52781121597525,"POTW International Cup 8 Dec '22"
52781121646638,"POTW International Cup 8 Dec '22"
52781121650238,"POTW International Cup 8 Dec '22"
52781121650506,"POTW International Cup 8 Dec '22"
52781121651576,"POTW International Cup 8 Dec '22"
52781121652543,"POTW International Cup 8 Dec '22"
52781121658012,"POTW International Cup 8 Dec '22"
52781121668192,"POTW International Cup 8 Dec '22"
52781121682456,"POTW International Cup 8 Dec '22"
87963614724854,"AC Monza 09-10"
53878485695166,"POTS Campeonato Brasileiro Série A 2022"
53878485717071,"POTS Campeonato Brasileiro Série A 2022"
53878485725703,"POTS Campeonato Brasileiro Série A 2022"
53878485725754,"POTS Campeonato Brasileiro Série A 2022"
53878485725889,"POTS Campeonato Brasileiro Série A 2022"
53878485726460,"POTS Campeonato Brasileiro Série A 2022"
53878485741653,"POTS Campeonato Brasileiro Série A 2022"
53878485783779,"POTS Campeonato Brasileiro Série A 2022"
53878485790687,"POTS Campeonato Brasileiro Série A 2022"
53878485791536,"POTS Campeonato Brasileiro Série A 2022"
53878485800247,"POTS Campeonato Brasileiro Série A 2022"
52781389980589,"POTW International Cup 15 Dec '22"
52781390011808,"POTW International Cup 15 Dec '22"
52781390074598,"POTW International Cup 15 Dec '22"
52781390076201,"POTW International Cup 15 Dec '22"
52781390082552,"POTW International Cup 15 Dec '22"
52781390083442,"POTW International Cup 15 Dec '22"
52781390083703,"POTW International Cup 15 Dec '22"
52781390085052,"POTW International Cup 15 Dec '22"
52781390086264,"POTW International Cup 15 Dec '22"
52781390091238,"POTW International Cup 15 Dec '22"
52781390106250,"POTW International Cup 15 Dec '22"
105568417094999,"Shining Stars 26 Dec '22"
105568417124115,"Shining Stars 26 Dec '22"
105568417125927,"Shining Stars 26 Dec '22"
105568417128359,"Shining Stars 26 Dec '22"
105568417128425,"Shining Stars 26 Dec '22"
105568417129734,"Shining Stars 26 Dec '22"
105568417129804,"Shining Stars 26 Dec '22"
105568417131871,"Shining Stars 26 Dec '22"
105568417131895,"Shining Stars 26 Dec '22"
105568417147729,"Shining Stars 26 Dec '22"
105568417148000,"Shining Stars 26 Dec '22"
105568417148042,"Shining Stars 26 Dec '22"
105568417192165,"Shining Stars 26 Dec '22"
105568417198303,"Shining Stars 26 Dec '22"
105568417198354,"Shining Stars 26 Dec '22"
105568417201399,"Shining Stars 26 Dec '22"
105568417201448,"Shining Stars 26 Dec '22"
105568417205884,"Shining Stars 26 Dec '22"
105568417206145,"Shining Stars 26 Dec '22"
105568417209500,"Shining Stars 26 Dec '22"
105568417214102,"Shining Stars 26 Dec '22"
105568417220421,"Shining Stars 26 Dec '22"
52781658441010,"POTW International Cup 22 Dec '22"
52781658444018,"POTW International Cup 22 Dec '22"
52781658453914,"POTW International Cup 22 Dec '22"
52781658507324,"POTW International Cup 22 Dec '22"
52781658507988,"POTW International Cup 22 Dec '22"
52781658517630,"POTW International Cup 22 Dec '22"
52781658518164,"POTW International Cup 22 Dec '22"
52781658521887,"POTW International Cup 22 Dec '22"
52781658523455,"POTW International Cup 22 Dec '22"
52781658533536,"POTW International Cup 22 Dec '22"
52781658564383,"POTW International Cup 22 Dec '22"
89067958050135,"Big Time 18 Dec '22"
89068226588798,"Big Time 18 Dec '22"
89068495045728,"Big Time 17 Dec '22"
105568685564063,"Derby Day Manchester 14 Jan '23"
105568685582710,"Derby Day Manchester 14 Jan '23"
105568685637752,"Derby Day Manchester 14 Jan '23"
105568685649568,"Derby Day Manchester 14 Jan '23"
105568685563515,"Derby Day Manchester 14 Jan '23"
105568685583456,"Derby Day Manchester 14 Jan '23"
105568685640737,"Derby Day Manchester 14 Jan '23"
105568685650104,"Derby Day Manchester 14 Jan '23"
105568953959383,"Club Icons Jan '23"
105568953966214,"Club Icons Jan '23"
105568953995025,"Club Icons Jan '23"
105568953998683,"Club Icons Jan '23"
105568953999039,"Club Icons Jan '23"
105568954001059,"Club Icons Jan '23"
105568954005066,"Club Icons Jan '23"
105568954017881,"Club Icons Jan '23"
105568954019129,"Club Icons Jan '23"
105568954067359,"Club Icons Jan '23"
105568954070776,"Club Icons Jan '23"
105569222440690,"Mid-season MVPs Jan '23"
105569222494155,"Mid-season MVPs Jan '23"
105569222501460,"Mid-season MVPs Jan '23"
105569222502056,"Mid-season MVPs Jan '23"
105569222507872,"Mid-season MVPs Jan '23"
105569222513556,"Mid-season MVPs Jan '23"
105569222522576,"Mid-season MVPs Jan '23"
105569222526012,"Mid-season MVPs Jan '23"
105569222527013,"Mid-season MVPs Jan '23"
105569222530856,"Mid-season MVPs Jan '23"
105569222531856,"Mid-season MVPs Jan '23"
105569222535348,"Mid-season MVPs Jan '23"
105569222536117,"Mid-season MVPs Jan '23"
105569490837886,"Club Selection Tottenham WB 16 Jan '23"
105569490872375,"Club Selection Tottenham WB 16 Jan '23"
105569490876599,"Club Selection Tottenham WB 16 Jan '23"
105569490888859,"Club Selection Tottenham WB 16 Jan '23"
105569490934609,"Club Selection Tottenham WB 16 Jan '23"
105569490940592,"Club Selection Tottenham WB 16 Jan '23"
105569490941530,"Club Selection Tottenham WB 16 Jan '23"
105569490953033,"Club Selection Tottenham WB 16 Jan '23"
52781926875605,"POTW 12 Jan '23"
52781926886357,"POTW 12 Jan '23"
52781926889005,"POTW 12 Jan '23"
52781926899717,"POTW 12 Jan '23"
52781926943426,"POTW 12 Jan '23"
52781926952994,"POTW 12 Jan '23"
52781926959873,"POTW 12 Jan '23"
52781926968546,"POTW 12 Jan '23"
52781926969263,"POTW 12 Jan '23"
52781926973458,"POTW 12 Jan '23"
52781926980856,"POTW 12 Jan '23"
105569759305705,"Club Selection Piemonte BN 23 Jan '23"
105569759308757,"Club Selection Piemonte BN 23 Jan '23"
105569759311632,"Club Selection Piemonte BN 23 Jan '23"
105569759372717,"Club Selection Piemonte BN 23 Jan '23"
105569759376254,"Club Selection Piemonte BN 23 Jan '23"
105569759379003,"Club Selection Piemonte BN 23 Jan '23"
105569759379361,"Club Selection Piemonte BN 23 Jan '23"
105569759379392,"Club Selection Piemonte BN 23 Jan '23"
105570027747620,"Derby Day Milano 5 Feb '23"
105570027801321,"Derby Day Milano 5 Feb '23"
105570027808881,"Derby Day Milano 5 Feb '23"
105570027811398,"Derby Day Milano 5 Feb '23"
105570027738851,"Derby Day Milano 5 Feb '23"
105570027813289,"Derby Day Milano 5 Feb '23"
105570027818395,"Derby Day Milano 5 Feb '23"
105570027819377,"Derby Day Milano 5 Feb '23"
52782195316997,"POTW 19 Jan '23"
52782195320120,"POTW 19 Jan '23"
52782195325003,"POTW 19 Jan '23"
52782195378085,"POTW 19 Jan '23"
52782195388423,"POTW 19 Jan '23"
52782195388462,"POTW 19 Jan '23"
52782195388475,"POTW 19 Jan '23"
52782195392759,"POTW 19 Jan '23"
52782195393052,"POTW 19 Jan '23"
52782195399688,"POTW 19 Jan '23"
52782195425059,"POTW 19 Jan '23"
52782463750050,"POTW 26 Jan '23"
52782463754198,"POTW 26 Jan '23"
52782463827466,"POTW 26 Jan '23"
52782463830250,"POTW 26 Jan '23"
52782463831196,"POTW 26 Jan '23"
52782463831520,"POTW 26 Jan '23"
52782463833108,"POTW 26 Jan '23"
52782463835315,"POTW 26 Jan '23"
52782463840140,"POTW 26 Jan '23"
52782463846823,"POTW 26 Jan '23"
52782463851304,"POTW 26 Jan '23"
105570296176806,"Derby Day Merseyside 13 Feb '23"
105570296192803,"Derby Day Merseyside 13 Feb '23"
105570296236708,"Derby Day Merseyside 13 Feb '23"
105570296268981,"Derby Day Merseyside 13 Feb '23"
105570296182966,"Derby Day Merseyside 13 Feb '23"
105570296237461,"Derby Day Merseyside 13 Feb '23"
105570296255515,"Derby Day Merseyside 13 Feb '23"
105570296283138,"Derby Day Merseyside 13 Feb '23"
105570296236975,"Derby Day Merseyside 13 Feb '23"
52782732157778,"POTW 2 Feb '23"
52782732190909,"POTW 2 Feb '23"
52782732208217,"POTW 2 Feb '23"
52782732209035,"POTW 2 Feb '23"
52782732209430,"POTW 2 Feb '23"
52782732212233,"POTW 2 Feb '23"
52782732252053,"POTW 2 Feb '23"
52782732257393,"POTW 2 Feb '23"
52782732275073,"POTW 2 Feb '23"
52782732275468,"POTW 2 Feb '23"
52782732288566,"POTW 2 Feb '23"
105570833043590,"eFootball™ Point Rewards Vol.5"
105571101482679,"eFootball™ Point Rewards Vol.5"
105571369999775,"eFootball™ Point Rewards Vol.5"
105570564610309,"Club Selection Chelsea B 13 Feb '23"
105570564611459,"Club Selection Chelsea B 13 Feb '23"
105570564616404,"Club Selection Chelsea B 13 Feb '23"
105570564618378,"Club Selection Chelsea B 13 Feb '23"
105570564673893,"Club Selection Chelsea B 13 Feb '23"
105570564684474,"Club Selection Chelsea B 13 Feb '23"
105570564685642,"Club Selection Chelsea B 13 Feb '23"
105570564687711,"Club Selection Chelsea B 13 Feb '23"
52783000624617,"POTW 9 Feb '23"
52783000631479,"POTW 9 Feb '23"
52783000631734,"POTW 9 Feb '23"
52783000644638,"POTW 9 Feb '23"
52783000685289,"POTW 9 Feb '23"
52783000689266,"POTW 9 Feb '23"
52783000692901,"POTW 9 Feb '23"
52783000698152,"POTW 9 Feb '23"
52783000702183,"POTW 9 Feb '23"
52783000712912,"POTW 9 Feb '23"
52783000717244,"POTW 9 Feb '23"
105572443660734,"Club Selection CD Guadalajara 16 Feb '23"
105572443680766,"Club Selection CD Guadalajara 16 Feb '23"
105572443738099,"Club Selection CD Guadalajara 16 Feb '23"
105572443738141,"Club Selection CD Guadalajara 16 Feb '23"
105572443738223,"Club Selection CD Guadalajara 16 Feb '23"
105572443738355,"Club Selection CD Guadalajara 16 Feb '23"
105572443738373,"Club Selection CD Guadalajara 16 Feb '23"
105572443767107,"Club Selection CD Guadalajara 16 Feb '23"
105572443767108,"Club Selection CD Guadalajara 16 Feb '23"
105572443767110,"Club Selection CD Guadalajara 16 Feb '23"
105572443773928,"Club Selection CD Guadalajara 16 Feb '23"
105572175228255,"Derby Day Madrid 26 Feb '23"
105572175224996,"Derby Day Madrid 26 Feb '23"
105572175300919,"Derby Day Madrid 26 Feb '23"
105572175311950,"Derby Day Madrid 26 Feb '23"
105572175226188,"Derby Day Madrid 26 Feb '23"
105572175226966,"Derby Day Madrid 26 Feb '23"
105572175286880,"Derby Day Madrid 26 Feb '23"
105572175294968,"Derby Day Madrid 26 Feb '23"
105571906785043,"Transfer Feb '23"
105571906786762,"Transfer Feb '23"
105571906787213,"Transfer Feb '23"
105571906791678,"Transfer Feb '23"
105571906807874,"Transfer Feb '23"
105571906850033,"Transfer Feb '23"
105571906850942,"Transfer Feb '23"
105571906851558,"Transfer Feb '23"
105571906855914,"Transfer Feb '23"
105571906862826,"Transfer Feb '23"
105571906867500,"Transfer Feb '23"
105571906874752,"Transfer Feb '23"
105571906875738,"Transfer Feb '23"
105571638316701,"Club Icons Feb '23"
105571638345159,"Club Icons Feb '23"
105571638349687,"Club Icons Feb '23"
105571638358094,"Club Icons Feb '23"
105571638358963,"Club Icons Feb '23"
105571638360088,"Club Icons Feb '23"
105571638370312,"Club Icons Feb '23"
105571638413119,"Club Icons Feb '23"
105571638419754,"Club Icons Feb '23"
105571638423556,"Club Icons Feb '23"
105571638439006,"Club Icons Feb '23"
87963614714597,"SSC Napoli 94-95"
89068763496227,"Big Time 15 Jan '23"
89069031903601,"Big Time 3 Sep '22"
89069300328561,"Big Time 21 Feb '21"
89069568702539,"Big Time 30 Aug '22"
89069837151262,"Big Time 23 Aug '20"
89070105636910,"Big Time 28 Feb '16"
89070374083541,"Big Time 26 Sep '21"
89070642439480,"Big Time 20 Oct '19"
89070910839048,"Big Time 27 May '17"
89071179308448,"Big Time 8 Mar '17"
89071447742146,"Big Time 19 Oct '13"
89071716139171,"Big Time 21 Nov '06"
89071984709041,"Big Time 17 Aug '96"
89072253144526,"Big Time 17 Jun '01"
87963883146703,"FC Barcelona 93-94"
87963883146764,"FC Barcelona 05-06"
87963883146746,"Arsenal FC 03-04"
87963883146770,"Arsenal FC 01-02"
87963883027542,"Cerezo Osaka 2009"
87963883146684,"Arsenal FC 97-98"
87963883012904,"Arsenal FC 90-91"
87963883012392,"Santos FC 1990"
87963883146674,"Manchester United FC 98-99"
87963883146670,"Manchester United FC 08-09"
87963883146723,"FC Barcelona 01-02"
52783269061944,"POTW 16 Feb '23"
52783269066718,"POTW 16 Feb '23"
52783269079886,"POTW 16 Feb '23"
52783269080532,"POTW 16 Feb '23"
52783269130463,"POTW 16 Feb '23"
52783269133684,"POTW 16 Feb '23"
52783269146578,"POTW 16 Feb '23"
52783269151803,"POTW 16 Feb '23"
52783269152805,"POTW 16 Feb '23"
52783269157572,"POTW 16 Feb '23"
52783269176813,"POTW 16 Feb '23"
105572712169350,"Club Selection eFootball™ Championship Vol.1"
105572712190285,"Club Selection eFootball™ Championship Vol.1"
105572712158188,"Club Selection eFootball™ Championship Vol.1"
105572712172700,"Club Selection eFootball™ Championship Vol.1"
105572712116467,"Club Selection eFootball™ Championship Vol.1"
105572712176116,"Club Selection eFootball™ Championship Vol.1"
105572712095024,"Club Selection eFootball™ Championship Vol.1"
105572712161455,"Club Selection eFootball™ Championship Vol.1"
105572712097676,"Club Selection eFootball™ Championship Vol.1"
105572712165410,"Club Selection eFootball™ Championship Vol.1"
105572712157685,"Club Selection eFootball™ Championship Vol.1"
105572712163789,"Club Selection eFootball™ Championship Vol.1"
105572712092422,"Club Selection eFootball™ Championship Vol.1"
105572712162470,"Club Selection eFootball™ Championship Vol.1"
105572712095355,"Club Selection eFootball™ Championship Vol.1"
105572712095655,"Club Selection eFootball™ Championship Vol.1"
105572980553714,"Derby Day England 5 Mar '23"
105572980594577,"Derby Day England 5 Mar '23"
105572980612252,"Derby Day England 5 Mar '23"
105572980617354,"Derby Day England 5 Mar '23"
105572980532909,"Derby Day England 5 Mar '23"
105572980533316,"Derby Day England 5 Mar '23"
105572980537951,"Derby Day England 5 Mar '23"
105572980600878,"Derby Day England 5 Mar '23"
105573248959794,"League Selection Spanish 2 Mar '23"
105573248961173,"League Selection Spanish 2 Mar '23"
105573248983049,"League Selection Spanish 2 Mar '23"
105573248984535,"League Selection Spanish 2 Mar '23"
105573248985534,"League Selection Spanish 2 Mar '23"
105573249032653,"League Selection Spanish 2 Mar '23"
105573249034358,"League Selection Spanish 2 Mar '23"
105573249036329,"League Selection Spanish 2 Mar '23"
105573249039934,"League Selection Spanish 2 Mar '23"
105573249040606,"League Selection Spanish 2 Mar '23"
105573249042167,"League Selection Spanish 2 Mar '23"
105573517405531,"League Selection English 2 Mar '23"
105573517421702,"League Selection English 2 Mar '23"
105573517462228,"League Selection English 2 Mar '23"
105573517470516,"League Selection English 2 Mar '23"
105573517470692,"League Selection English 2 Mar '23"
105573517471024,"League Selection English 2 Mar '23"
105573517479038,"League Selection English 2 Mar '23"
105573517479159,"League Selection English 2 Mar '23"
105573517484873,"League Selection English 2 Mar '23"
105573517487841,"League Selection English 2 Mar '23"
105573517488358,"League Selection English 2 Mar '23"
105573785833714,"League Selection Italian 2 Mar '23"
105573785843982,"League Selection Italian 2 Mar '23"
105573785856668,"League Selection Italian 2 Mar '23"
105573785905871,"League Selection Italian 2 Mar '23"
105573785907860,"League Selection Italian 2 Mar '23"
105573785908594,"League Selection Italian 2 Mar '23"
105573785909191,"League Selection Italian 2 Mar '23"
105573785911443,"League Selection Italian 2 Mar '23"
105573785913090,"League Selection Italian 2 Mar '23"
105573785919547,"League Selection Italian 2 Mar '23"
105573785937148,"League Selection Italian 2 Mar '23"
105574054274442,"Club Selection AFC Ajax 6 Mar '23"
105574054276913,"Club Selection AFC Ajax 6 Mar '23"
105574054292123,"Club Selection AFC Ajax 6 Mar '23"
105574054336799,"Club Selection AFC Ajax 6 Mar '23"
105574054346668,"Club Selection AFC Ajax 6 Mar '23"
105574054358678,"Club Selection AFC Ajax 6 Mar '23"
105574054364219,"Club Selection AFC Ajax 6 Mar '23"
105574054364221,"Club Selection AFC Ajax 6 Mar '23"
52783537493759,"POTW 23 Feb '23"
52783537495629,"POTW 23 Feb '23"
52783537498167,"POTW 23 Feb '23"
52783537501640,"POTW 23 Feb '23"
52783537514910,"POTW 23 Feb '23"
52783537515616,"POTW 23 Feb '23"
52783537565822,"POTW 23 Feb '23"
52783537568444,"POTW 23 Feb '23"
52783537571855,"POTW 23 Feb '23"
52783537581963,"POTW 23 Feb '23"
52783537602009,"POTW 23 Feb '23"
106652627934624,"Show Time Rewards 2 Mar '23"
106652627941559,"Show Time 2 Mar '23"
106652628021167,"Show Time 2 Mar '23"
106652628027815,"Show Time 2 Mar '23"
52783805898071,"POTW 2 Mar '23"
52783805927896,"POTW 2 Mar '23"
52783805933229,"POTW 2 Mar '23"
52783805937188,"POTW 2 Mar '23"
52783806001840,"POTW 2 Mar '23"
52783806005368,"POTW 2 Mar '23"
52783806009713,"POTW 2 Mar '23"
52783806011874,"POTW 2 Mar '23"
52783806012420,"POTW 2 Mar '23"
52783806025499,"POTW 2 Mar '23"
52783806030893,"POTW 2 Mar '23"
106652896368901,"Show Time 9 Mar '23"
106652896374568,"Show Time 9 Mar '23"
106652896443253,"Show Time 9 Mar '23"
105574591142978,"Derby Day Classic 19 Mar '23"
105574591164648,"Derby Day Classic 19 Mar '23"
105574591235520,"Derby Day Classic 19 Mar '23"
105574591236191,"Derby Day Classic 19 Mar '23"
105574591111920,"Derby Day Classic 19 Mar '23"
105574591207653,"Derby Day Classic 19 Mar '23"
105574591216887,"Derby Day Classic 19 Mar '23"
105574591221953,"Derby Day Classic 19 Mar '23"
105574859577290,"Derby Day Roma 19 Mar '23"
105574859585611,"Derby Day Roma 19 Mar '23"
105574859651498,"Derby Day Roma 19 Mar '23"
105574859646528,"Derby Day Roma 19 Mar '23"
105574859585622,"Derby Day Roma 19 Mar '23"
105574859601889,"Derby Day Roma 19 Mar '23"
105574859579498,"Derby Day Roma 19 Mar '23"
105574859647807,"Derby Day Roma 19 Mar '23"
52784074369031,"POTW 9 Mar '23"
52784074371839,"POTW 9 Mar '23"
52784074372895,"POTW 9 Mar '23"
52784074383139,"POTW 9 Mar '23"
52784074386725,"POTW 9 Mar '23"
52784074389511,"POTW 9 Mar '23"
52784074428499,"POTW 9 Mar '23"
52784074432687,"POTW 9 Mar '23"
52784074440121,"POTW 9 Mar '23"
52784074443956,"POTW 9 Mar '23"
52784074448008,"POTW 9 Mar '23"
105575396416673,"European Club Championship Selection 16 Mar '23"
105575396418477,"European Club Championship Selection 16 Mar '23"
105575396447783,"European Club Championship Selection 16 Mar '23"
105575396456159,"European Club Championship Selection 16 Mar '23"
105575396469412,"European Club Championship Selection 16 Mar '23"
105575396469735,"European Club Championship Selection 16 Mar '23"
105575396517577,"European Club Championship Selection 16 Mar '23"
105575396522588,"European Club Championship Selection 16 Mar '23"
105575396523397,"European Club Championship Selection 16 Mar '23"
105575396529126,"European Club Championship Selection 16 Mar '23"
105575396537625,"European Club Championship Selection 16 Mar '23"
105575396541497,"European Club Championship Selection 16 Mar '23"
105575396556799,"European Club Championship Selection 16 Mar '23"
105575128078373,"Club Selection SSC Napoli 20 Mar '23"
105575128082290,"Club Selection SSC Napoli 20 Mar '23"
105575128086222,"Club Selection SSC Napoli 20 Mar '23"
105575128090142,"Club Selection SSC Napoli 20 Mar '23"
105575128090858,"Club Selection SSC Napoli 20 Mar '23"
105575128096348,"Club Selection SSC Napoli 20 Mar '23"
105575128100783,"Club Selection SSC Napoli 20 Mar '23"
105575128102608,"Club Selection SSC Napoli 20 Mar '23"
53878754132310,"POTM J.LEAGUE Division1 16 Mar '23"
53878754154604,"POTM J.LEAGUE Division1 16 Mar '23"
53878754172991,"POTM J.LEAGUE Division1 16 Mar '23"
53878754226667,"POTM J.LEAGUE Division1 16 Mar '23"
53878754235977,"POTM J.LEAGUE Division1 16 Mar '23"
53878754237258,"POTM J.LEAGUE Division1 16 Mar '23"
53878754237281,"POTM J.LEAGUE Division1 16 Mar '23"
53878754237470,"POTM J.LEAGUE Division1 16 Mar '23"
53878754242484,"POTM J.LEAGUE Division1 16 Mar '23"
53878754244374,"POTM J.LEAGUE Division1 16 Mar '23"
53878754267753,"POTM J.LEAGUE Division1 16 Mar '23"
52784342794236,"POTW 16 Mar '23"
52784342864419,"POTW 16 Mar '23"
52784342866224,"POTW 16 Mar '23"
52784342871551,"POTW 16 Mar '23"
52784342872116,"POTW 16 Mar '23"
52784342872123,"POTW 16 Mar '23"
52784342881172,"POTW 16 Mar '23"
52784342885198,"POTW 16 Mar '23"
52784342886842,"POTW 16 Mar '23"
52784342895066,"POTW 16 Mar '23"
52784342898472,"POTW 16 Mar '23"
105575664905651,"Club Selection eFootball™ Championship Vol.2"
105575664955357,"Club Selection eFootball™ Championship Vol.2"
105575664953000,"Club Selection eFootball™ Championship Vol.2"
105575664958140,"Club Selection eFootball™ Championship Vol.2"
105575664946675,"Club Selection eFootball™ Championship Vol.2"
105575664971520,"Club Selection eFootball™ Championship Vol.2"
105575664945407,"Club Selection eFootball™ Championship Vol.2"
105575664952896,"Club Selection eFootball™ Championship Vol.2"
105575664955444,"Club Selection eFootball™ Championship Vol.2"
105575664955584,"Club Selection eFootball™ Championship Vol.2"
105575664905180,"Club Selection eFootball™ Championship Vol.2"
105575664905684,"Club Selection eFootball™ Championship Vol.2"
105575664853778,"Club Selection eFootball™ Championship Vol.2"
105575664948486,"Club Selection eFootball™ Championship Vol.2"
105575664887469,"Club Selection eFootball™ Championship Vol.2"
105575664891870,"Club Selection eFootball™ Championship Vol.2"
52784611233954,"POTW 23 Mar '23"
52784611243792,"POTW 23 Mar '23"
52784611254141,"POTW 23 Mar '23"
52784611304863,"POTW 23 Mar '23"
52784611306191,"POTW 23 Mar '23"
52784611307536,"POTW 23 Mar '23"
52784611312007,"POTW 23 Mar '23"
52784611313139,"POTW 23 Mar '23"
52784611315576,"POTW 23 Mar '23"
52784611318792,"POTW 23 Mar '23"
52784611324472,"POTW 23 Mar '23"
105574322713465,"Club Selection Manchester B 3 Apr '23"
105574322715305,"Club Selection Manchester B 3 Apr '23"
105574322768635,"Club Selection Manchester B 3 Apr '23"
105574322771746,"Club Selection Manchester B 3 Apr '23"
105574322776644,"Club Selection Manchester B 3 Apr '23"
105574322778335,"Club Selection Manchester B 3 Apr '23"
105574322779320,"Club Selection Manchester B 3 Apr '23"
105574322801063,"Club Selection Manchester B 3 Apr '23"
52784879636906,"POTW National Teams 30 Mar '23"
52784879669824,"POTW National Teams 30 Mar '23"
52784879672506,"POTW National Teams 30 Mar '23"
52784879677842,"POTW National Teams 30 Mar '23"
52784879734910,"POTW National Teams 30 Mar '23"
52784879741343,"POTW National Teams 30 Mar '23"
52784879743286,"POTW National Teams 30 Mar '23"
52784879747359,"POTW National Teams 30 Mar '23"
52784879748989,"POTW National Teams 30 Mar '23"
52784879762703,"POTW National Teams 30 Mar '23"
52784879774621,"POTW National Teams 30 Mar '23"
105575933321338,"Club Selection Madrid Rosas RB 10 Apr '23"
105575933322572,"Club Selection Madrid Rosas RB 10 Apr '23"
105575933323544,"Club Selection Madrid Rosas RB 10 Apr '23"
105575933324360,"Club Selection Madrid Rosas RB 10 Apr '23"
105575933327135,"Club Selection Madrid Rosas RB 10 Apr '23"
105575933337469,"Club Selection Madrid Rosas RB 10 Apr '23"
105575933340497,"Club Selection Madrid Rosas RB 10 Apr '23"
105575933390253,"Club Selection Madrid Rosas RB 10 Apr '23"
106653164826909,"Show Time 13 Apr '23"
106653164882231,"Show Time 13 Apr '23"
106653164892044,"Show Time 13 Apr '23"
105576470191463,"Club Selection Liverpool R 17 Apr '23"
105576470192294,"Club Selection Liverpool R 17 Apr '23"
105576470196008,"Club Selection Liverpool R 17 Apr '23"
105576470214642,"Club Selection Liverpool R 17 Apr '23"
105576470252196,"Club Selection Liverpool R 17 Apr '23"
105576470264573,"Club Selection Liverpool R 17 Apr '23"
105576470271075,"Club Selection Liverpool R 17 Apr '23"
105576470284469,"Club Selection Liverpool R 17 Apr '23"
105576201756631,"Masterful Stars 13 Apr '23"
105576201761705,"Masterful Stars 13 Apr '23"
105576201779319,"Masterful Stars 13 Apr '23"
105576201818720,"Masterful Stars 13 Apr '23"
105576201824681,"Masterful Stars 13 Apr '23"
105576201826408,"Masterful Stars 13 Apr '23"
105576201829947,"Masterful Stars 13 Apr '23"
105576201830621,"Masterful Stars 13 Apr '23"
105576201833822,"Masterful Stars 13 Apr '23"
105576201834462,"Masterful Stars 13 Apr '23"
105576201840551,"Masterful Stars 13 Apr '23"
105576201842385,"Masterful Stars 13 Apr '23"
105576201858377,"Masterful Stars 13 Apr '23"
105576738645383,"Gabriel Barbosa Campaign Reward 13 Apr '23"
53879022566360,"POTM J.LEAGUE Division1 13 Apr '23"
53879022567343,"POTM J.LEAGUE Division1 13 Apr '23"
53879022597648,"POTM J.LEAGUE Division1 13 Apr '23"
53879022598143,"POTM J.LEAGUE Division1 13 Apr '23"
53879022659509,"POTM J.LEAGUE Division1 13 Apr '23"
53879022673491,"POTM J.LEAGUE Division1 13 Apr '23"
53879022675166,"POTM J.LEAGUE Division1 13 Apr '23"
53879022675261,"POTM J.LEAGUE Division1 13 Apr '23"
53879022690755,"POTM J.LEAGUE Division1 13 Apr '23"
53879022691966,"POTM J.LEAGUE Division1 13 Apr '23"
53879022695025,"POTM J.LEAGUE Division1 13 Apr '23"
89072521567240,"Big Time 10 Nov '19"
89072790015452,"Big Time 30 Apr '05"
89073058450936,"Big Time 24 Feb '10"
89073326886422,"Big Time 5 May '01"
89073595321804,"Big Time 15 May '02"
89073863757293,"Big Time 13 Jun '81"
87964151463360,"Olympique de Marseille 17-18"
87964151447800,"Fulham W 02-03"
87964151447782,"Nagoya Grampus 1995"
87964151504651,"Consadole Sapporo 2018"
87964151454996,"Vissel Kobe 2019"
87964151451760,"Sagan Tosu 2018"
87964151454624,"Internazionale Milano 09-10"
87964151449050,"Internazionale Milano 09-10"
87964151582174,"Madrid Chamartin B 08-09"
87964151582201,"FC Bayern München 05-06"
87964151582229,"FC Bayern München 99-00"
87964151481654,"Club América 06-07"
87964151484108,"Los Angeles WBY 2022"
52785148076784,"POTW 6 Apr '23"
52785148104128,"POTW 6 Apr '23"
52785148107842,"POTW 6 Apr '23"
52785148108554,"POTW 6 Apr '23"
52785148110994,"POTW 6 Apr '23"
52785148128390,"POTW 6 Apr '23"
52785148168916,"POTW 6 Apr '23"
52785148168955,"POTW 6 Apr '23"
52785148181884,"POTW 6 Apr '23"
52785148186011,"POTW 6 Apr '23"
52785148203416,"POTW 6 Apr '23"
105577007063163,"Club Selection Pumas 20 Apr '23"
105577007066035,"Club Selection Pumas 20 Apr '23"
105577007068134,"Club Selection Pumas 20 Apr '23"
105577007082126,"Club Selection Pumas 20 Apr '23"
105577007083205,"Club Selection Pumas 20 Apr '23"
105577007083633,"Club Selection Pumas 20 Apr '23"
105577007153854,"Club Selection Pumas 20 Apr '23"
105577007168870,"Club Selection Pumas 20 Apr '23"
105577007169863,"Club Selection Pumas 20 Apr '23"
105577007171010,"Club Selection Pumas 20 Apr '23"
105577007181623,"Club Selection Pumas 20 Apr '23"
105577275498817,"Club Selection Tigres UANL 20 Apr '23"
105577275501216,"Club Selection Tigres UANL 20 Apr '23"
105577275516322,"Club Selection Tigres UANL 20 Apr '23"
105577275503261,"Club Selection Tigres UANL 20 Apr '23"
105577275576416,"Club Selection Tigres UANL 20 Apr '23"
105577275496482,"Club Selection Tigres UANL 20 Apr '23"
105577275499094,"Club Selection Tigres UANL 20 Apr '23"
105577275522808,"Club Selection Tigres UANL 20 Apr '23"
105577275563803,"Club Selection Tigres UANL 20 Apr '23"
105577275571590,"Club Selection Tigres UANL 20 Apr '23"
105577275492553,"Club Selection Tigres UANL 20 Apr '23"
105577543953439,"Club Selection eFootball™ Championship Vol.3"
105577544011173,"Club Selection eFootball™ Championship Vol.3"
105577543994607,"Club Selection eFootball™ Championship Vol.3"
105577544019156,"Club Selection eFootball™ Championship Vol.3"
105577544002571,"Club Selection eFootball™ Championship Vol.3"
105577544010824,"Club Selection eFootball™ Championship Vol.3"
105577543993622,"Club Selection eFootball™ Championship Vol.3"
105577544010983,"Club Selection eFootball™ Championship Vol.3"
105577544009743,"Club Selection eFootball™ Championship Vol.3"
105577544001654,"Club Selection eFootball™ Championship Vol.3"
105577544009647,"Club Selection eFootball™ Championship Vol.3"
105577544020061,"Club Selection eFootball™ Championship Vol.3"
105577543933114,"Club Selection eFootball™ Championship Vol.3"
105577544007654,"Club Selection eFootball™ Championship Vol.3"
105577543940703,"Club Selection eFootball™ Championship Vol.3"
105577544011030,"Club Selection eFootball™ Championship Vol.3"
105577812366502,"Club Selection eFootball™ Championship Vol.4"
105577812376236,"Club Selection eFootball™ Championship Vol.4"
105577812436221,"Club Selection eFootball™ Championship Vol.4"
105577812461918,"Club Selection eFootball™ Championship Vol.4"
105577812370872,"Club Selection eFootball™ Championship Vol.4"
105577812440517,"Club Selection eFootball™ Championship Vol.4"
105577812442492,"Club Selection eFootball™ Championship Vol.4"
105577812466443,"Club Selection eFootball™ Championship Vol.4"
105577812345248,"Club Selection eFootball™ Championship Vol.4"
105577812389460,"Club Selection eFootball™ Championship Vol.4"
105577812441731,"Club Selection eFootball™ Championship Vol.4"
105577812472881,"Club Selection eFootball™ Championship Vol.4"
105577812368705,"Club Selection eFootball™ Championship Vol.4"
105577812441514,"Club Selection eFootball™ Championship Vol.4"
105577812451608,"Club Selection eFootball™ Championship Vol.4"
105577812468988,"Club Selection eFootball™ Championship Vol.4"
105577812371605,"Club Selection eFootball™ Championship Vol.4"
105577812432293,"Club Selection eFootball™ Championship Vol.4"
105577812461663,"Club Selection eFootball™ Championship Vol.4"
105577812475681,"Club Selection eFootball™ Championship Vol.4"
105577812370693,"Club Selection eFootball™ Championship Vol.4"
105577812385752,"Club Selection eFootball™ Championship Vol.4"
105577812442553,"Club Selection eFootball™ Championship Vol.4"
105577812458409,"Club Selection eFootball™ Championship Vol.4"
105577812368384,"Club Selection eFootball™ Championship Vol.4"
105577812373124,"Club Selection eFootball™ Championship Vol.4"
105577812430173,"Club Selection eFootball™ Championship Vol.4"
105577812433252,"Club Selection eFootball™ Championship Vol.4"
105577812371524,"Club Selection eFootball™ Championship Vol.4"
105577812443324,"Club Selection eFootball™ Championship Vol.4"
105577812445053,"Club Selection eFootball™ Championship Vol.4"
105577812455608,"Club Selection eFootball™ Championship Vol.4"
105578080867308,"Derby Day London 2 May '23"
105578080875111,"Derby Day London 2 May '23"
105578080879132,"Derby Day London 2 May '23"
105578080896422,"Derby Day London 2 May '23"
105578080877242,"Derby Day London 2 May '23"
105578080878410,"Derby Day London 2 May '23"
105578080882000,"Derby Day London 2 May '23"
105578080885277,"Derby Day London 2 May '23"
52785416510807,"POTW 13 Apr '23"
52785416547675,"POTW 13 Apr '23"
52785416548145,"POTW 13 Apr '23"
52785416563798,"POTW 13 Apr '23"
52785416566753,"POTW 13 Apr '23"
52785416614392,"POTW 13 Apr '23"
52785416617401,"POTW 13 Apr '23"
52785416618202,"POTW 13 Apr '23"
52785416620266,"POTW 13 Apr '23"
52785416625046,"POTW 13 Apr '23"
52785416630354,"POTW 13 Apr '23"
52785684979752,"POTW 20 Apr '23"
52785684981626,"POTW 20 Apr '23"
52785685041042,"POTW 20 Apr '23"
52785685043432,"POTW 20 Apr '23"
52785685046848,"POTW 20 Apr '23"
52785685049470,"POTW 20 Apr '23"
52785685052429,"POTW 20 Apr '23"
52785685056794,"POTW 20 Apr '23"
52785685057633,"POTW 20 Apr '23"
52785685065912,"POTW 20 Apr '23"
52785685085264,"POTW 20 Apr '23"
53879291028051,"POTM Liga MX 27 Apr '23"
53879291029502,"POTM Liga MX 27 Apr '23"
53879291047889,"POTM Liga MX 27 Apr '23"
53879291091014,"POTM Liga MX 27 Apr '23"
53879291096238,"POTM Liga MX 27 Apr '23"
53879291100553,"POTM Liga MX 27 Apr '23"
53879291102613,"POTM Liga MX 27 Apr '23"
53879291105489,"POTM Liga MX 27 Apr '23"
53879291106529,"POTM Liga MX 27 Apr '23"
53879291134276,"POTM Liga MX 27 Apr '23"
53879291134436,"POTM Liga MX 27 Apr '23"
105578617670692,"Club Selection Chelsea B 8 May '23"
105578617677951,"Club Selection Chelsea B 8 May '23"
105578617736150,"Club Selection Chelsea B 8 May '23"
105578617744895,"Club Selection Chelsea B 8 May '23"
105578617746920,"Club Selection Chelsea B 8 May '23"
105578617748257,"Club Selection Chelsea B 8 May '23"
105578617762138,"Club Selection Chelsea B 8 May '23"
105578617766544,"Club Selection Chelsea B 8 May '23"
105578349208304,"Club Selection Madrid Chamartin B 1 May '23"
105578349242234,"Club Selection Madrid Chamartin B 1 May '23"
105578349243743,"Club Selection Madrid Chamartin B 1 May '23"
105578349302780,"Club Selection Madrid Chamartin B 1 May '23"
105578349304037,"Club Selection Madrid Chamartin B 1 May '23"
105578349304070,"Club Selection Madrid Chamartin B 1 May '23"
105578349313271,"Club Selection Madrid Chamartin B 1 May '23"
105578349327438,"Club Selection Madrid Chamartin B 1 May '23"
52785953412699,"POTW 27 Apr '23"
52785953414933,"POTW 27 Apr '23"
52785953434005,"POTW 27 Apr '23"
52785953434655,"POTW 27 Apr '23"
52785953482441,"POTW 27 Apr '23"
52785953484647,"POTW 27 Apr '23"
52785953484992,"POTW 27 Apr '23"
52785953496924,"POTW 27 Apr '23"
52785953499578,"POTW 27 Apr '23"
52785953500633,"POTW 27 Apr '23"
52785953502286,"POTW 27 Apr '23"
53879559460933,"POTM J.LEAGUE Division1 11 May '23"
53879559460978,"POTM J.LEAGUE Division1 11 May '23"
53879559483265,"POTM J.LEAGUE Division1 11 May '23"
53879559483274,"POTM J.LEAGUE Division1 11 May '23"
53879559529896,"POTM J.LEAGUE Division1 11 May '23"
53879559543802,"POTM J.LEAGUE Division1 11 May '23"
53879559543833,"POTM J.LEAGUE Division1 11 May '23"
53879559546053,"POTM J.LEAGUE Division1 11 May '23"
53879559547239,"POTM J.LEAGUE Division1 11 May '23"
53879559549188,"POTM J.LEAGUE Division1 11 May '23"
53879559581950,"POTM J.LEAGUE Division1 11 May '23"
105579154566489,"J.LEAGUE Monthly MVPs Feb & Mar '23"
105579154616811,"J.LEAGUE Monthly MVPs Feb & Mar '23"
105579423075079,"J.LEAGUE Monthly MVPs Feb & Mar '23"
105579423080898,"J.LEAGUE Monthly MVPs Feb & Mar '23"
105579691391715,"J.LEAGUE Monthly MVPs Feb & Mar '23"
105579691481424,"J.LEAGUE Monthly MVPs Feb & Mar '23"
105579691482628,"J.LEAGUE Monthly MVPs Feb & Mar '23"
105579691498498,"J.LEAGUE Monthly MVPs Feb & Mar '23"
105579691501931,"J.LEAGUE Monthly MVPs Feb & Mar '23"
105579691506839,"J.LEAGUE Monthly MVPs Feb & Mar '23"
105579959848814,"End-season MVPs 11 May '23"
105579959915926,"End-season MVPs 11 May '23"
105579959916322,"End-season MVPs 11 May '23"
105579959919577,"End-season MVPs 11 May '23"
105579959920765,"End-season MVPs 11 May '23"
105579959928114,"End-season MVPs 11 May '23"
105579959930138,"End-season MVPs 11 May '23"
105579959930540,"End-season MVPs 11 May '23"
105579959935841,"End-season MVPs 11 May '23"
105579959938955,"End-season MVPs 11 May '23"
105579959944852,"End-season MVPs 11 May '23"
105579959953674,"End-season MVPs 11 May '23"
105579959955292,"End-season MVPs 11 May '23"
105580228280631,"Club Selection Piemonte BN 15 May '23"
105580228288489,"Club Selection Piemonte BN 15 May '23"
105580228291541,"Club Selection Piemonte BN 15 May '23"
105580228292575,"Club Selection Piemonte BN 15 May '23"
105580228294416,"Club Selection Piemonte BN 15 May '23"
105580228355501,"Club Selection Piemonte BN 15 May '23"
105580228359038,"Club Selection Piemonte BN 15 May '23"
105580228395502,"Club Selection Piemonte BN 15 May '23"
105580496727628,"League Selection Italian 15 May '23"
105580496741661,"League Selection Italian 15 May '23"
105580496743246,"League Selection Italian 15 May '23"
105580496746528,"League Selection Italian 15 May '23"
105580496746675,"League Selection Italian 15 May '23"
105580496794182,"League Selection Italian 15 May '23"
105580496801179,"League Selection Italian 15 May '23"
105580496801324,"League Selection Italian 15 May '23"
105580496803365,"League Selection Italian 15 May '23"
105580496806734,"League Selection Italian 15 May '23"
105580496813365,"League Selection Italian 15 May '23"
106653433237410,"Show Time 18 May '23"
106653433246643,"Show Time 18 May '23"
106653433333573,"Show Time 18 May '23"
106653433261152,"Show Time Rewards 18 May '23"
52786221844101,"POTW 11 May '23"
52786221849786,"POTW 11 May '23"
52786221850171,"POTW 11 May '23"
52786221855609,"POTW 11 May '23"
52786221912565,"POTW 11 May '23"
52786221917145,"POTW 11 May '23"
52786221917903,"POTW 11 May '23"
52786221920916,"POTW 11 May '23"
52786221920944,"POTW 11 May '23"
52786221926355,"POTW 11 May '23"
52786221936870,"POTW 11 May '23"
105580765180136,"Club Selection FC Barcelona 22 May '23"
105580765226399,"Club Selection FC Barcelona 22 May '23"
105580765227126,"Club Selection FC Barcelona 22 May '23"
105580765229090,"Club Selection FC Barcelona 22 May '23"
105580765235215,"Club Selection FC Barcelona 22 May '23"
105580765244801,"Club Selection FC Barcelona 22 May '23"
105580765265697,"Club Selection FC Barcelona 22 May '23"
105580765265699,"Club Selection FC Barcelona 22 May '23"
105581033561247,"League Selection Spanish 22 May '23"
105581033587157,"League Selection Spanish 22 May '23"
105581033592699,"League Selection Spanish 22 May '23"
105581033617319,"League Selection Spanish 22 May '23"
105581033654935,"League Selection Spanish 22 May '23"
105581033656662,"League Selection Spanish 22 May '23"
105581033664704,"League Selection Spanish 22 May '23"
105581033668251,"League Selection Spanish 22 May '23"
105581033672897,"League Selection Spanish 22 May '23"
105581033680335,"League Selection Spanish 22 May '23"
105581033694253,"League Selection Spanish 22 May '23"
105593381689381,"Champions Campaign Rewards 22-23 SSC Napoli"
105593381701150,"Champions Campaign Rewards 22-23 SSC Napoli"
105593381701866,"Champions Campaign Rewards 22-23 SSC Napoli"
105593381713616,"Champions Campaign Rewards 22-23 SSC Napoli"
105593381711791,"Champions Campaign Rewards 22-23 SSC Napoli"
52786490285122,"POTW 18 May '23"
52786490286273,"POTW 18 May '23"
52786490287575,"POTW 18 May '23"
52786490306004,"POTW 18 May '23"
52786490354992,"POTW 18 May '23"
52786490357654,"POTW 18 May '23"
52786490359713,"POTW 18 May '23"
52786490360026,"POTW 18 May '23"
52786490372636,"POTW 18 May '23"
52786490375163,"POTW 18 May '23"
52786490379878,"POTW 18 May '23"
53879827916604,"POTM Liga MX 25 May '23"
53879827960781,"POTM Liga MX 25 May '23"
53879827964367,"POTM Liga MX 25 May '23"
53879827968827,"POTM Liga MX 25 May '23"
53879827973817,"POTM Liga MX 25 May '23"
53879827974909,"POTM Liga MX 25 May '23"
53879827976427,"POTM Liga MX 25 May '23"
53879827976453,"POTM Liga MX 25 May '23"
53879827976481,"POTM Liga MX 25 May '23"
53879827979691,"POTM Liga MX 25 May '23"
53879827987664,"POTM Liga MX 25 May '23"
105581302111257,"J.LEAGUE Monthly MVPs Apr '23"
105581302103849,"J.LEAGUE Monthly MVPs Apr '23"
105581570551219,"J.LEAGUE Monthly MVPs Apr '23"
105581570577054,"J.LEAGUE Monthly MVPs Apr '23"
105581838877080,"J.LEAGUE Monthly MVPs Apr '23"
105581838877152,"J.LEAGUE Monthly MVPs Apr '23"
105581838924047,"J.LEAGUE Monthly MVPs Apr '23"
105581838971977,"J.LEAGUE Monthly MVPs Apr '23"
105581838982003,"J.LEAGUE Monthly MVPs Apr '23"
105581838982012,"J.LEAGUE Monthly MVPs Apr '23"
105582107355202,"Club Selection Arsenal FC 29 May '23"
105582107397359,"Club Selection Arsenal FC 29 May '23"
105582107403944,"Club Selection Arsenal FC 29 May '23"
105582107405315,"Club Selection Arsenal FC 29 May '23"
105582107409084,"Club Selection Arsenal FC 29 May '23"
105582107410972,"Club Selection Arsenal FC 29 May '23"
105582107417557,"Club Selection Arsenal FC 29 May '23"
105582107428262,"Club Selection Arsenal FC 29 May '23"
105582375772319,"League Selection English 29 May '23"
105582375840529,"League Selection English 29 May '23"
105582375791754,"League Selection English 29 May '23"
105582375838917,"League Selection English 29 May '23"
105582375842480,"League Selection English 29 May '23"
105582375871162,"League Selection English 29 May '23"
105582375846135,"League Selection English 29 May '23"
105582375848249,"League Selection English 29 May '23"
105582375859499,"League Selection English 29 May '23"
105582375846080,"League Selection English 29 May '23"
105582375865998,"League Selection English 29 May '23"
105593650063244,"Champions Campaign Rewards 22-23 FC Barcelona"
105593650124197,"Champions Campaign Rewards 22-23 FC Barcelona"
105593650130996,"Champions Campaign Rewards 22-23 FC Barcelona"
105593650153509,"Champions Campaign Rewards 22-23 FC Barcelona"
105593650153567,"Champions Campaign Rewards 22-23 FC Barcelona"
88029649699136,"Urawa Reds 2006"
88029649698971,"Japan 2004"
88029918173298,"Albirex Niigata 2011"
52786758719203,"POTW 25 May '23"
52786758721147,"POTW 25 May '23"
52786758723231,"POTW 25 May '23"
52786758727766,"POTW 25 May '23"
52786758785605,"POTW 25 May '23"
52786758788978,"POTW 25 May '23"
52786758790573,"POTW 25 May '23"
52786758798686,"POTW 25 May '23"
52786758802909,"POTW 25 May '23"
52786758807200,"POTW 25 May '23"
52786758814229,"POTW 25 May '23"
105582644203283,"Club Selection FC Bayern München 5 Jun '23"
105582644214443,"Club Selection FC Bayern München 5 Jun '23"
105582644223960,"Club Selection FC Bayern München 5 Jun '23"
105582644271408,"Club Selection FC Bayern München 5 Jun '23"
105582644275661,"Club Selection FC Bayern München 5 Jun '23"
105582644280761,"Club Selection FC Bayern München 5 Jun '23"
105582644304656,"Club Selection FC Bayern München 5 Jun '23"
105582644207370,"Club Selection FC Bayern München 5 Jun '23"
105593918494376,"Campaign Rewards 8 Jun '23"
106653701683166,"Show Time 8 Jun '23"
106653701736395,"Show Time 8 Jun '23"
106653701749501,"Show Time 8 Jun '23"
105594723804421,"Champions Campaign Rewards 22-23 FC Bayern München"
105594723822556,"Champions Campaign Rewards 22-23 FC Bayern München"
105594723822622,"Champions Campaign Rewards 22-23 FC Bayern München"
105594723823060,"Champions Campaign Rewards 22-23 FC Bayern München"
105594723878831,"Champions Campaign Rewards 22-23 FC Bayern München"
52787027123543,"POTW 1 Jun '23"
52787027158348,"POTW 1 Jun '23"
52787027158456,"POTW 1 Jun '23"
52787027217090,"POTW 1 Jun '23"
52787027224689,"POTW 1 Jun '23"
52787027233740,"POTW 1 Jun '23"
52787027239094,"POTW 1 Jun '23"
52787027242152,"POTW 1 Jun '23"
52787027252076,"POTW 1 Jun '23"
52787027253032,"POTW 1 Jun '23"
52787027254032,"POTW 1 Jun '23"
53881438486685,"POTM J.LEAGUE Division1 8 Jun '23"
53881438531411,"POTM J.LEAGUE Division1 8 Jun '23"
53881438580710,"POTM J.LEAGUE Division1 8 Jun '23"
53881438587865,"POTM J.LEAGUE Division1 8 Jun '23"
53881438594345,"POTM J.LEAGUE Division1 8 Jun '23"
53881438598875,"POTM J.LEAGUE Division1 8 Jun '23"
53881438598934,"POTM J.LEAGUE Division1 8 Jun '23"
53881438603543,"POTM J.LEAGUE Division1 8 Jun '23"
53881438605334,"POTM J.LEAGUE Division1 8 Jun '23"
53881438611390,"POTM J.LEAGUE Division1 8 Jun '23"
53881438613314,"POTM J.LEAGUE Division1 8 Jun '23"
105583181080608,"National Team Selection Germany 12 Jun '23"
105583181140469,"National Team Selection Germany 12 Jun '23"
105583181148395,"National Team Selection Germany 12 Jun '23"
105583181153704,"National Team Selection Germany 12 Jun '23"
105583181179766,"National Team Selection Germany 12 Jun '23"
105583181179779,"National Team Selection Germany 12 Jun '23"
105583181179805,"National Team Selection Germany 12 Jun '23"
105583181183585,"National Team Selection Germany 12 Jun '23"
105582912611154,"Perfect Introduction 8 Jun '23"
105582912646283,"Perfect Introduction 8 Jun '23"
105582912659370,"Perfect Introduction 8 Jun '23"
105582912711236,"Perfect Introduction 8 Jun '23"
105582912713208,"Perfect Introduction 8 Jun '23"
105582912718583,"Perfect Introduction 8 Jun '23"
105582912723972,"Perfect Introduction 8 Jun '23"
105582912724124,"Perfect Introduction 8 Jun '23"
105582912724572,"Perfect Introduction 8 Jun '23"
105582912727514,"Perfect Introduction 8 Jun '23"
105582912728736,"Perfect Introduction 8 Jun '23"
105582912734268,"Perfect Introduction 8 Jun '23"
105582912743333,"Perfect Introduction 8 Jun '23"
105593918496233,"Campaign Rewards 8 Jun '23"
52787295558817,"POTW 8 Jun '23"
52787295560432,"POTW 8 Jun '23"
52787295585287,"POTW 8 Jun '23"
52787295590284,"POTW 8 Jun '23"
52787295608743,"POTW 8 Jun '23"
52787295614945,"POTW 8 Jun '23"
52787295665723,"POTW 8 Jun '23"
52787295666397,"POTW 8 Jun '23"
52787295669804,"POTW 8 Jun '23"
52787295670641,"POTW 8 Jun '23"
52787295691821,"POTW 8 Jun '23"
105584254786903,"Fans' Choice Ligue 1 Uber Eats 22-23"
105584254788434,"Fans' Choice Ligue 1 Uber Eats 22-23"
105584254816110,"Fans' Choice Ligue 1 Uber Eats 22-23"
105584254816427,"Fans' Choice Ligue 1 Uber Eats 22-23"
105584254820988,"Fans' Choice Ligue 1 Uber Eats 22-23"
105584254821688,"Fans' Choice Ligue 1 Uber Eats 22-23"
105584254836641,"Fans' Choice Ligue 1 Uber Eats 22-23"
105584254880389,"Fans' Choice Ligue 1 Uber Eats 22-23"
105584254881875,"Fans' Choice Ligue 1 Uber Eats 22-23"
105584254886873,"Fans' Choice Ligue 1 Uber Eats 22-23"
105584254888416,"Fans' Choice Ligue 1 Uber Eats 22-23"
105584254888652,"Fans' Choice Ligue 1 Uber Eats 22-23"
105584254893408,"Fans' Choice Ligue 1 Uber Eats 22-23"
105584254899261,"Fans' Choice Ligue 1 Uber Eats 22-23"
105584254899269,"Fans' Choice Ligue 1 Uber Eats 22-23"
105584254904231,"Fans' Choice Ligue 1 Uber Eats 22-23"
105584254905821,"Fans' Choice Ligue 1 Uber Eats 22-23"
105584254906933,"Fans' Choice Ligue 1 Uber Eats 22-23"
105584254912408,"Fans' Choice Ligue 1 Uber Eats 22-23"
105584254912943,"Fans' Choice Ligue 1 Uber Eats 22-23"
89074132192745,"Big Time 25 Jun '88"
89074400628164,"Big Time 23 May '07"
87964419887216,"Madrid Rosas RB 03-04"
87964420017642,"Netherlands 1988"
87964420017640,"Netherlands 1988"
87964419886766,"AC Milan 06-07"
87964420017613,"AC Milan 03-04"
88030186577239,"Argentina 2022"
88030455045536,"Brazil 2022"
88029649836778,"AC Milan 03-04"
88029649833411,"AS Roma 00-01"
88029649703734,"Internazionale Milano 10-11"
88029649814697,"Italy 2000"
88029649833420,"Brazil 1997"
88029649833415,"Germany 2002"
88029649833393,"Manchester United FC 98-99"
88029649836770,"Chelsea B 04-05"
88029649698868,"Shimizu S-Pulse 2010"
88029649714624,"Kashiwa Reysol 2011"
88029649706260,"FC Barcelona 10-11"
88029649833402,"Madrid Chamartin B 97-98"
88029649833445,"FC Bayern München 84-85"
88029649833460,"Manchester United FC 84-85"
88029649700454,"FC Bayern München 02-03"
88029649701165,"Bulgaria 1994"
88029649833482,"Czechia 2004"
88029649698979,"Japan 2004"
88029649833431,"Japan 1997"
88029649707945,"FC Bayern München 12-13"
88029649833464,"Internazionale Milano 09-10"
88029649699741,"AC Milan 06-07"
88029649833457,"AC Milan 93-94"
88029649705888,"Internazionale Milano 09-10"
88029649699702,"AS Roma 00-01"
88029649833469,"Liverpool R 04-05"
88029649833432,"Manchester United FC 93-94"
88029649833437,"Manchester B 09-10"
88029649833414,"Arsenal FC 13-14"
88029649700314,"FC Barcelona 08-09"
88029649833430,"Argentina 1993"
88029649833424,"AC Milan 09-10"
105621835778113,"Leo Messi Edition '23"
105621835780338,"Leo Messi Edition '23"
105621835788588,"Leo Messi Edition '23"
105621835803473,"Leo Messi Edition '23"
105621835804904,"Leo Messi Edition '23"
105621835878299,"Leo Messi Edition '23"
105621835854512,"Leo Messi Edition '23"
105621835857192,"Leo Messi Edition '23"
105621835876389,"Leo Messi Edition '23"
105621835784828,"Leo Messi Edition '23"
105584523253868,"J.LEAGUE Monthly MVPs May '23"
105584523366858,"J.LEAGUE Monthly MVPs May '23"
105584791793474,"J.LEAGUE Monthly MVPs May '23"
105584791774479,"J.LEAGUE Monthly MVPs May '23"
105585060089833,"J.LEAGUE Monthly MVPs May '23"
105585060102298,"J.LEAGUE Monthly MVPs May '23"
105585060102338,"J.LEAGUE Monthly MVPs May '23"
105585060211308,"J.LEAGUE Monthly MVPs May '23"
105585060217049,"J.LEAGUE Monthly MVPs May '23"
105585060227006,"J.LEAGUE Monthly MVPs May '23"
105585328538028,"Fans' Choice Asia 22-23"
105585328564279,"Fans' Choice Asia 22-23"
105585328581194,"Fans' Choice Asia 22-23"
105585328627166,"Fans' Choice Asia 22-23"
105585328637510,"Fans' Choice Asia 22-23"
105585328642966,"Fans' Choice Asia 22-23"
105585328643029,"Fans' Choice Asia 22-23"
105585328643706,"Fans' Choice Asia 22-23"
105585328647641,"Fans' Choice Asia 22-23"
105585328648076,"Fans' Choice Asia 22-23"
105585328654195,"Fans' Choice Asia 22-23"
105585597064951,"Fans' Choice Young Stars 22-23"
105585597067456,"Fans' Choice Young Stars 22-23"
105585597070197,"Fans' Choice Young Stars 22-23"
105585597070777,"Fans' Choice Young Stars 22-23"
105585597071480,"Fans' Choice Young Stars 22-23"
105585597075825,"Fans' Choice Young Stars 22-23"
105585597086633,"Fans' Choice Young Stars 22-23"
105585597089190,"Fans' Choice Young Stars 22-23"
105585597089829,"Fans' Choice Young Stars 22-23"
105585597094672,"Fans' Choice Young Stars 22-23"
105585597099868,"Fans' Choice Young Stars 22-23"
105585865432635,"Highlight Ligue 1 Uber Eats 22-23"
105585865492626,"Highlight Ligue 1 Uber Eats 22-23"
105585865499732,"Highlight Ligue 1 Uber Eats 22-23"
105585865506088,"Highlight Ligue 1 Uber Eats 22-23"
105585865506097,"Highlight Ligue 1 Uber Eats 22-23"
105585865506127,"Highlight Ligue 1 Uber Eats 22-23"
105585865509772,"Highlight Ligue 1 Uber Eats 22-23"
105585865519628,"Highlight Ligue 1 Uber Eats 22-23"
106653970112552,"Show Time Ligue 1 Uber Eats 22-23"
106653970117545,"Show Time Ligue 1 Uber Eats 22-23"
106653970182270,"Show Time Ligue 1 Uber Eats 22-23"
52787564025383,"POTW National Teams 22 Jun '23"
52787564047146,"POTW National Teams 22 Jun '23"
52787564047456,"POTW National Teams 22 Jun '23"
52787564093901,"POTW National Teams 22 Jun '23"
52787564100349,"POTW National Teams 22 Jun '23"
52787564101179,"POTW National Teams 22 Jun '23"
52787564103174,"POTW National Teams 22 Jun '23"
52787564107184,"POTW National Teams 22 Jun '23"
52787564109672,"POTW National Teams 22 Jun '23"
52787564115022,"POTW National Teams 22 Jun '23"
52787564134650,"POTW National Teams 22 Jun '23"
105586133858603,"Fans' Choice Italian League 22-23"
105586133862397,"Fans' Choice Italian League 22-23"
105586133864690,"Fans' Choice Italian League 22-23"
105586133864920,"Fans' Choice Italian League 22-23"
105586133871051,"Fans' Choice Italian League 22-23"
105586133874138,"Fans' Choice Italian League 22-23"
105586133874418,"Fans' Choice Italian League 22-23"
105586133887065,"Fans' Choice Italian League 22-23"
105586133888135,"Fans' Choice Italian League 22-23"
105586133891041,"Fans' Choice Italian League 22-23"
105586133931565,"Fans' Choice Italian League 22-23"
105586133932329,"Fans' Choice Italian League 22-23"
105586133936241,"Fans' Choice Italian League 22-23"
105586133937527,"Fans' Choice Italian League 22-23"
105586133938183,"Fans' Choice Italian League 22-23"
105586133938836,"Fans' Choice Italian League 22-23"
105586133940650,"Fans' Choice Italian League 22-23"
105586133943635,"Fans' Choice Italian League 22-23"
105586133943639,"Fans' Choice Italian League 22-23"
105586133954479,"Fans' Choice Italian League 22-23"
105586402310582,"Highlight European Club Championship 22-23"
105586402310825,"Highlight European Club Championship 22-23"
105586402367844,"Highlight European Club Championship 22-23"
105586402372045,"Highlight European Club Championship 22-23"
105586402380010,"Highlight European Club Championship 22-23"
105586402380087,"Highlight European Club Championship 22-23"
105586402381211,"Highlight European Club Championship 22-23"
105586402391321,"Highlight European Club Championship 22-23"
106654238617823,"Show Time European Club Championship 22-23"
106654238621670,"Show Time European Club Championship 22-23"
106654238640551,"Show Time European Club Championship 22-23"
53881170072502,"POTS Hilux Revo Thai League 22-23"
53881170160213,"POTS Hilux Revo Thai League 22-23"
53881170163465,"POTS Hilux Revo Thai League 22-23"
53881170180836,"POTS Hilux Revo Thai League 22-23"
53881170165310,"POTS Hilux Revo Thai League 22-23"
53881170160805,"POTS Hilux Revo Thai League 22-23"
53881170093206,"POTS Hilux Revo Thai League 22-23"
53881170141682,"POTS Hilux Revo Thai League 22-23"
53881170170246,"POTS Hilux Revo Thai League 22-23"
53881170157177,"POTS Hilux Revo Thai League 22-23"
53881170186832,"POTS Hilux Revo Thai League 22-23"
53881170168488,"POTS Hilux Revo Thai League 22-23"
53881170160239,"POTS Hilux Revo Thai League 22-23"
53881170140788,"POTS Hilux Revo Thai League 22-23"
53881170135949,"POTS Hilux Revo Thai League 22-23"
53881170143728,"POTS Hilux Revo Thai League 22-23"
53881706920697,"POTM J.LEAGUE Division1 6 Jul '23"
53881706922099,"POTM J.LEAGUE Division1 6 Jul '23"
53881706944565,"POTM J.LEAGUE Division1 6 Jul '23"
53881706966901,"POTM J.LEAGUE Division1 6 Jul '23"
53881706966918,"POTM J.LEAGUE Division1 6 Jul '23"
53881707012152,"POTM J.LEAGUE Division1 6 Jul '23"
53881707012168,"POTM J.LEAGUE Division1 6 Jul '23"
53881707016689,"POTM J.LEAGUE Division1 6 Jul '23"
53881707020896,"POTM J.LEAGUE Division1 6 Jul '23"
53881707026391,"POTM J.LEAGUE Division1 6 Jul '23"
53881707033903,"POTM J.LEAGUE Division1 6 Jul '23"
105586670755629,"Breakout Stars 6 Jul '23"
105586670810505,"Breakout Stars 6 Jul '23"
105586670812540,"Breakout Stars 6 Jul '23"
105586670813575,"Breakout Stars 6 Jul '23"
105586670814750,"Breakout Stars 6 Jul '23"
105586670824525,"Breakout Stars 6 Jul '23"
105586670825882,"Breakout Stars 6 Jul '23"
105586670827865,"Breakout Stars 6 Jul '23"
105586670833290,"Breakout Stars 6 Jul '23"
105586670840115,"Breakout Stars 6 Jul '23"
105586670840757,"Breakout Stars 6 Jul '23"
105586670845146,"Breakout Stars 6 Jul '23"
105586670847466,"Breakout Stars 6 Jul '23"
105586939167189,"Fans' Choice Spanish League 22-23"
105586939167957,"Fans' Choice Spanish League 22-23"
105586939169429,"Fans' Choice Spanish League 22-23"
105586939170577,"Fans' Choice Spanish League 22-23"
105586939172731,"Fans' Choice Spanish League 22-23"
105586939178335,"Fans' Choice Spanish League 22-23"
105586939180618,"Fans' Choice Spanish League 22-23"
105586939181358,"Fans' Choice Spanish League 22-23"
105586939193790,"Fans' Choice Spanish League 22-23"
105586939194193,"Fans' Choice Spanish League 22-23"
105586939194377,"Fans' Choice Spanish League 22-23"
105586939194574,"Fans' Choice Spanish League 22-23"
105586939234967,"Fans' Choice Spanish League 22-23"
105586939236242,"Fans' Choice Spanish League 22-23"
105586939237642,"Fans' Choice Spanish League 22-23"
105586939241806,"Fans' Choice Spanish League 22-23"
105586939246455,"Fans' Choice Spanish League 22-23"
105586939248283,"Fans' Choice Spanish League 22-23"
105586939259715,"Fans' Choice Spanish League 22-23"
105586939281187,"Fans' Choice Spanish League 22-23"
105587207613397,"Highlight Italian League 22-23"
105587207616587,"Highlight Italian League 22-23"
105587207672174,"Highlight Italian League 22-23"
105587207672528,"Highlight Italian League 22-23"
105587207673094,"Highlight Italian League 22-23"
105587207679965,"Highlight Italian League 22-23"
105587207687724,"Highlight Italian League 22-23"
105587207696597,"Highlight Italian League 22-23"
106654507064924,"Show Time Italian League 22-23"
106654507051839,"Show Time Italian League 22-23"
106654507071184,"Show Time Italian League 22-23"
17593796791823,"Madrid Chamartin B 07-08"
17593796795120,"AS Roma 99-00"
17593796791775,"Manchester United FC 02-03"
17593796795111,"Manchester United FC 98-99"
17593796664596,"FC Barcelona 10-11"
17593796791801,"FC Bayern München 05-06"
17593796662070,"Internazionale Milano 09-10"
17593796805177,"FC Bayern München 73-74"
17593796659501,"FC Barcelona 93-94"
17593796791755,"AC Milan 02-03"
17593796658075,"Piemonte BN 01-02"
17593796791827,"FC Bayern München 89-90"
17593796791817,"Internazionale Milano 04-05"
17593796791803,"FC Barcelona 96-97"
17593796664301,"AC Milan 93-94"
17593796791819,"FC Barcelona 05-06"
17593796658038,"AS Roma 00-01"
17593796661920,"Internazionale Milano 09-10"
17593796658129,"AC Milan 06-07"
17593796791754,"Internazionale Milano 05-06"
17593796803742,"Atalanta BC 74-75"
17593796803743,"Atalanta BC 97-98"
17593796805366,"AC Monza 09-10"
17593796663560,"Arsenal FC 16-17"
17593796695746,"Arsenal FC 13-14"
17593796791820,"FC Barcelona 05-06"
17593796657960,"Arsenal FC 90-91"
17593796791779,"FC Barcelona 01-02"
17593796791800,"Internazionale Milano 09-10"
17593796657382,"Nagoya Grampus 1995"
17593796664224,"Internazionale Milano 09-10"
17593796791829,"FC Bayern München 99-00"
17593796693708,"Los Angeles WBY 2022"
17593796658077,"AC Milan 02-03"
53880096327294,"POTS Liga BBVA MX 22-23"
53880096330376,"POTS Liga BBVA MX 22-23"
53880096334145,"POTS Liga BBVA MX 22-23"
53880096334422,"POTS Liga BBVA MX 22-23"
53880096352060,"POTS Liga BBVA MX 22-23"
53880096406918,"POTS Liga BBVA MX 22-23"
53880096408981,"POTS Liga BBVA MX 22-23"
53880096411857,"POTS Liga BBVA MX 22-23"
53880096411858,"POTS Liga BBVA MX 22-23"
53880096411909,"POTS Liga BBVA MX 22-23"
53880096438613,"POTS Liga BBVA MX 22-23"
53880096440732,"POTS Liga BBVA MX 22-23"
53880096440766,"POTS Liga BBVA MX 22-23"
53880096440803,"POTS Liga BBVA MX 22-23"
105587476043161,"Fans' Choice English League 22-23"
105587476044037,"Fans' Choice English League 22-23"
105587476047402,"Fans' Choice English League 22-23"
105587476049704,"Fans' Choice English League 22-23"
105587476050809,"Fans' Choice English League 22-23"
105587476051400,"Fans' Choice English League 22-23"
105587476052150,"Fans' Choice English League 22-23"
105587476052151,"Fans' Choice English League 22-23"
105587476064624,"Fans' Choice English League 22-23"
105587476105163,"Fans' Choice English League 22-23"
105587476113823,"Fans' Choice English League 22-23"
105587476115502,"Fans' Choice English League 22-23"
105587476117670,"Fans' Choice English League 22-23"
105587476118900,"Fans' Choice English League 22-23"
105587476119799,"Fans' Choice English League 22-23"
105587476121407,"Fans' Choice English League 22-23"
105587476122906,"Fans' Choice English League 22-23"
105587476132408,"Fans' Choice English League 22-23"
105587476142855,"Fans' Choice English League 22-23"
105587476145388,"Fans' Choice English League 22-23"
105587744482636,"Highlight Spanish League 22-23"
105587744499159,"Highlight Spanish League 22-23"
105587744500680,"Highlight Spanish League 22-23"
105587744543933,"Highlight Spanish League 22-23"
105587744544735,"Highlight Spanish League 22-23"
105587744544997,"Highlight Spanish League 22-23"
105587744549421,"Highlight Spanish League 22-23"
105587744559297,"Highlight Spanish League 22-23"
106654775417922,"Show Time Spanish League 22-23"
106654775499784,"Show Time Spanish League 22-23"
106654775510464,"Show Time Spanish League 22-23"
105588549807955,"J.LEAGUE Monthly MVPs Jun '23"
105588549807449,"J.LEAGUE Monthly MVPs Jun '23"
105588818306292,"J.LEAGUE Monthly MVPs Jun '23"
105588818334349,"J.LEAGUE Monthly MVPs Jun '23"
105589086633964,"J.LEAGUE Monthly MVPs Jun '23"
105589086634197,"J.LEAGUE Monthly MVPs Jun '23"
105589086663596,"J.LEAGUE Monthly MVPs Jun '23"
105589086741706,"J.LEAGUE Monthly MVPs Jun '23"
105589086746374,"J.LEAGUE Monthly MVPs Jun '23"
105589086747791,"J.LEAGUE Monthly MVPs Jun '23"
105589086753050,"J.LEAGUE Monthly MVPs Jun '23"
105589086764871,"J.LEAGUE Monthly MVPs Jun '23"
105589086769772,"J.LEAGUE Monthly MVPs Jun '23"
105589355095725,"Highlight English League 22-23"
105589355112822,"Highlight English League 22-23"
105589355154171,"Highlight English League 22-23"
105589355154576,"Highlight English League 22-23"
105589355155748,"Highlight English League 22-23"
105589355159692,"Highlight English League 22-23"
105589355170835,"Highlight English League 22-23"
105589355179745,"Highlight English League 22-23"
105589623527139,"National Team Selection France 24 Jul '23"
105589623535563,"National Team Selection France 24 Jul '23"
105589623593229,"National Team Selection France 24 Jul '23"
105589623593264,"National Team Selection France 24 Jul '23"
105589623596581,"National Team Selection France 24 Jul '23"
105589623599138,"National Team Selection France 24 Jul '23"
105589623599230,"National Team Selection France 24 Jul '23"
105589623603487,"National Team Selection France 24 Jul '23"
105589623603766,"National Team Selection France 24 Jul '23"
105589623605167,"National Team Selection France 24 Jul '23"
105589623608294,"National Team Selection France 24 Jul '23"
105592307850583,"Messi's New Journey 20 Jul '23"
106655043870499,"ShowTime English League 22-23"
106655043916780,"ShowTime English League 22-23"
106655043925176,"ShowTime English League 22-23"
106655312282930,"Show Time 27 Jul '23"
106655312291148,"Show Time 27 Jul '23"
106655312293211,"Show Time 27 Jul '23"
105588281351863,"National Team Selection Colombia 31 Jul '23"
105588281352813,"National Team Selection Colombia 31 Jul '23"
105588281356917,"National Team Selection Colombia 31 Jul '23"
105588281359016,"National Team Selection Colombia 31 Jul '23"
105588281372700,"National Team Selection Colombia 31 Jul '23"
105588281415844,"National Team Selection Colombia 31 Jul '23"
105588281420861,"National Team Selection Colombia 31 Jul '23"
105588281431139,"National Team Selection Colombia 31 Jul '23"
105589891928490,"National Team Selection Worldwide 31 Jul '23"
105589891960682,"National Team Selection Worldwide 31 Jul '23"
105589891964090,"National Team Selection Worldwide 31 Jul '23"
105589891971342,"National Team Selection Worldwide 31 Jul '23"
105589891971490,"National Team Selection Worldwide 31 Jul '23"
105589892025065,"National Team Selection Worldwide 31 Jul '23"
105589892026660,"National Team Selection Worldwide 31 Jul '23"
105589892035954,"National Team Selection Worldwide 31 Jul '23"
105589892037564,"National Team Selection Worldwide 31 Jul '23"
105589892040034,"National Team Selection Worldwide 31 Jul '23"
105589892040615,"National Team Selection Worldwide 31 Jul '23"
53880633180599,"POTM J.LEAGUE Division1 3 Aug '23"
53880633209825,"POTM J.LEAGUE Division1 3 Aug '23"
53880633210384,"POTM J.LEAGUE Division1 3 Aug '23"
53880633265144,"POTM J.LEAGUE Division1 3 Aug '23"
53880633268560,"POTM J.LEAGUE Division1 3 Aug '23"
53880633269754,"POTM J.LEAGUE Division1 3 Aug '23"
53880633282275,"POTM J.LEAGUE Division1 3 Aug '23"
53880633285425,"POTM J.LEAGUE Division1 3 Aug '23"
53880633285492,"POTM J.LEAGUE Division1 3 Aug '23"
53880633285540,"POTM J.LEAGUE Division1 3 Aug '23"
53880633293869,"POTM J.LEAGUE Division1 3 Aug '23"
105590160392609,"Back in the Game 3 Aug '23"
105590160400490,"Back in the Game 3 Aug '23"
105590160400550,"Back in the Game 3 Aug '23"
105590160402145,"Back in the Game 3 Aug '23"
105590160459934,"Back in the Game 3 Aug '23"
105590160462630,"Back in the Game 3 Aug '23"
105590160462692,"Back in the Game 3 Aug '23"
105590160463478,"Back in the Game 3 Aug '23"
105590160464721,"Back in the Game 3 Aug '23"
105590160469780,"Back in the Game 3 Aug '23"
105590160470327,"Back in the Game 3 Aug '23"
105590160474541,"Back in the Game 3 Aug '23"
105590160485839,"Back in the Game 3 Aug '23"
105590428836004,"Club Selection Madrid Chamartin B 7 Aug '23"
105590428852233,"Club Selection Madrid Chamartin B 7 Aug '23"
105590428898288,"Club Selection Madrid Chamartin B 7 Aug '23"
105590428927813,"Club Selection Madrid Chamartin B 7 Aug '23"
105590428922958,"Club Selection Madrid Chamartin B 7 Aug '23"
105590428909446,"Club Selection Madrid Chamartin B 7 Aug '23"
105590428903956,"Club Selection Madrid Chamartin B 7 Aug '23"
105590428911927,"Club Selection Madrid Chamartin B 7 Aug '23"
105592844749860,"Summer Transfer 3 Aug '23"
105592844757119,"Summer Transfer 3 Aug '23"
105592844759274,"Summer Transfer 3 Aug '23"
105592844773819,"Summer Transfer 3 Aug '23"
105592844822968,"Summer Transfer 3 Aug '23"
105592844825158,"Summer Transfer 3 Aug '23"
105592844828490,"Summer Transfer 3 Aug '23"
105592844832155,"Summer Transfer 3 Aug '23"
105590697333237,"Summer Tour in Japan 14 Aug '23"
105590697335088,"Summer Tour in Japan 14 Aug '23"
105590697348102,"Summer Tour in Japan 14 Aug '23"
105590697344441,"Summer Tour in Japan 14 Aug '23"
105590697338022,"Summer Tour in Japan 14 Aug '23"
105590697344998,"Summer Tour in Japan 14 Aug '23"
105590697345171,"Summer Tour in Japan 14 Aug '23"
105590697338993,"Summer Tour in Japan 14 Aug '23"
105593113192515,"Summer Transfer 10 Aug '23"
105593113252860,"Summer Transfer 10 Aug '23"
105593113261544,"Summer Transfer 10 Aug '23"
105593113263476,"Summer Transfer 10 Aug '23"
105593113264350,"Summer Transfer 10 Aug '23"
105593113267536,"Summer Transfer 10 Aug '23"
105593113271432,"Summer Transfer 10 Aug '23"
105593113281595,"Summer Transfer 10 Aug '23"
88029918268869,"Czechia 2004"
88029918268910,"Brazil 1982"
88029918268855,"Spain 2000"
88029918268929,"Chelsea B 09-10"
88029918268890,"Arsenal FC 97-98"
88029918268949,"FC Bayern München 99-00"
88029918135138,"FC Barcelona 08-09"
88029918268943,"Madrid Chamartin B 01-02"
88029918268927,"FC Barcelona 05-06"
88029918197892,"Internazionale Milano 06-07"
88030723479666,"Vissel Kobe 2021"
88029918272221,"Portugal 2004"
88029918268861,"Arsenal FC 03-04"
88029918268922,"Arsenal FC 06-07"
88029918137463,"Chelsea B 04-05"
88029918268857,"FC Barcelona 05-06"
88029918268940,"FC Barcelona 05-06"
88029918135124,"Madrid Chamartin B 99-00"
88029918268896,"Piemonte BN 11-12"
88029918268906,"AC Milan 87-88"
88029918294849,"AC Milan 02-03"
88029918139577,"Kawasaki Frontale 2017"
88029918256136,"F.C. Tokyo 2019"
88029918174624,"Santos FC 2011"
88029918268911,"FC Barcelona 82-83"
88029918172866,"Arsenal FC 10-11"
88029918197891,"AC Milan 95-96"
88029918268908,"FC Bayern München 73-74"
88029918268859,"FC Bayern München 02-03"
88029918268912,"FC Bayern München 09-10"
88029918268950,"Liverpool R 00-01"
88029918268889,"Manchester United FC 99-00"
88029918268847,"Tottenham WB 07-08"
88029918268852,"England 2006"
88029918138345,"Spain 2012"
88029918268894,"Netherlands 2010"
89129161334103,"Big Time 27 May '09"
89129429769559,"Big Time 6 May '15"
89129698205015,"Big Time 13 Dec '22"
89129966765504,"Big Time 20 Mar '22"
89129966741622,"Big Time 17 Apr '21"
89129966766175,"Big Time 26 Sep '21"
89129966675852,"Big Time 8 Mar '17"
105591234140268,"J.LEAGUE Monthly MVPs Jul '23"
105591234260361,"J.LEAGUE Monthly MVPs Jul '23"
105591502552150,"J.LEAGUE Monthly MVPs Jul '23"
105591502553181,"J.LEAGUE Monthly MVPs Jul '23"
105591770988875,"J.LEAGUE Monthly MVPs Jul '23"
105591770988982,"J.LEAGUE Monthly MVPs Jul '23"
105591771033426,"J.LEAGUE Monthly MVPs Jul '23"
105591771033497,"J.LEAGUE Monthly MVPs Jul '23"
105591771086586,"J.LEAGUE Monthly MVPs Jul '23"
105591771094016,"J.LEAGUE Monthly MVPs Jul '23"
105591771096288,"J.LEAGUE Monthly MVPs Jul '23"
105591771099901,"J.LEAGUE Monthly MVPs Jul '23"
105591771100990,"J.LEAGUE Monthly MVPs Jul '23"
105592039471090,"Club Selection Liverpool R 21 Aug '23"
105592039508644,"Club Selection Liverpool R 21 Aug '23"
105592039511953,"Club Selection Liverpool R 21 Aug '23"
105592039515849,"Club Selection Liverpool R 21 Aug '23"
105592039524159,"Club Selection Liverpool R 21 Aug '23"
105592039529628,"Club Selection Liverpool R 21 Aug '23"
105592039534730,"Club Selection Liverpool R 21 Aug '23"
105592039537935,"Club Selection Liverpool R 21 Aug '23"
105594455335571,"Highlight American League 17 Aug '23"
105594455360421,"Highlight American League 17 Aug '23"
105594455372462,"Highlight American League 17 Aug '23"
105594455386922,"Highlight American League 17 Aug '23"
88029918136423,"AC Milan 02-03"
88029918268901,"Germany 1990"
52788369338456,"POTW 17 Aug '23"
52788369398047,"POTW 17 Aug '23"
52788369401297,"POTW 17 Aug '23"
52788369403184,"POTW 17 Aug '23"
52788369404096,"POTW 17 Aug '23"
52788369404127,"POTW 17 Aug '23"
52788369408391,"POTW 17 Aug '23"
52788369420828,"POTW 17 Aug '23"
52788369420856,"POTW 17 Aug '23"
52788369426245,"POTW 17 Aug '23"
52788369434931,"POTW 17 Aug '23"
105594186935643,"Club Selection Manchester B 28 Aug '23"
105594186938079,"Club Selection Manchester B 28 Aug '23"
105594186939049,"Club Selection Manchester B 28 Aug '23"
105594186995490,"Club Selection Manchester B 28 Aug '23"
105594187000388,"Club Selection Manchester B 28 Aug '23"
105594187006072,"Club Selection Manchester B 28 Aug '23"
105594187017888,"Club Selection Manchester B 28 Aug '23"
105594187024807,"Club Selection Manchester B 28 Aug '23"
52788637736279,"POTW 24 Aug '23"
52788637745568,"POTW 24 Aug '23"
52788637767134,"POTW 24 Aug '23"
52788637776055,"POTW 24 Aug '23"
52788637792486,"POTW 24 Aug '23"
52788637837430,"POTW 24 Aug '23"
52788637843886,"POTW 24 Aug '23"
52788637845250,"POTW 24 Aug '23"
52788637845738,"POTW 24 Aug '23"
52788637855628,"POTW 24 Aug '23"
52788637871029,"POTW 24 Aug '23"
52788906209492,"POTW 31 Aug '23"
52788906224030,"POTW 31 Aug '23"
52788906224933,"POTW 31 Aug '23"
52788906265416,"POTW 31 Aug '23"
52788906266107,"POTW 31 Aug '23"
52788906274942,"POTW 31 Aug '23"
52788906278253,"POTW 31 Aug '23"
52788906278886,"POTW 31 Aug '23"
52788906294185,"POTW 31 Aug '23"
52788906296380,"POTW 31 Aug '23"
52788906297525,"POTW 31 Aug '23"
105622104221562,"New Captains 7 Sep '23"
105622104221580,"New Captains 7 Sep '23"
105622104221751,"New Captains 7 Sep '23"
105622104222677,"New Captains 7 Sep '23"
105622104223528,"New Captains 7 Sep '23"
105622104226217,"New Captains 7 Sep '23"
105622104239200,"New Captains 7 Sep '23"
105622104283423,"New Captains 7 Sep '23"
105622104287345,"New Captains 7 Sep '23"
105622104289284,"New Captains 7 Sep '23"
105622104297336,"New Captains 7 Sep '23"
105622104304734,"New Captains 7 Sep '23"
105622372651369,"Süper Lig Selection 11 Sep '23"
105622372651782,"Süper Lig Selection 11 Sep '23"
105622372654209,"Süper Lig Selection 11 Sep '23"
105622372654398,"Süper Lig Selection 11 Sep '23"
105622372658315,"Süper Lig Selection 11 Sep '23"
105622372673692,"Süper Lig Selection 11 Sep '23"
105622372722006,"Süper Lig Selection 11 Sep '23"
105622372723466,"Süper Lig Selection 11 Sep '23"
105622372728232,"Süper Lig Selection 11 Sep '23"
105622372740479,"Süper Lig Selection 11 Sep '23"
105622372744961,"Süper Lig Selection 11 Sep '23"
105622641084529,"Italian League Selection 7 Sep '23"
105622641096464,"Italian League Selection 7 Sep '23"
105622641109081,"Italian League Selection 7 Sep '23"
105622641110102,"Italian League Selection 7 Sep '23"
105622641153286,"Italian League Selection 7 Sep '23"
105622641163990,"Italian League Selection 7 Sep '23"
105622641165660,"Italian League Selection 7 Sep '23"
105622641167874,"Italian League Selection 7 Sep '23"
105622641172539,"Italian League Selection 7 Sep '23"
105622641176565,"Italian League Selection 7 Sep '23"
105622641178320,"Italian League Selection 7 Sep '23"
105622909525058,"Startup Campaign 7 Sep '23"
105622909527927,"Startup Campaign 7 Sep '23"
105622909601807,"Startup Campaign 7 Sep '23"
105622909611393,"Startup Campaign 7 Sep '23"
105622909632289,"Startup Campaign 7 Sep '23"
105623177980507,"Highlight Liga BBVA MX & American League 2023"
105623178025511,"Highlight Liga BBVA MX & American League 2023"
105623178029512,"Highlight Liga BBVA MX & American League 2023"
105623178031931,"Highlight Liga BBVA MX & American League 2023"
105623178033551,"Highlight Liga BBVA MX & American League 2023"
105623178039251,"Highlight Liga BBVA MX & American League 2023"
105623178041294,"Highlight Liga BBVA MX & American League 2023"
105623178062466,"Highlight Liga BBVA MX & American League 2023"
105623178063037,"Highlight Liga BBVA MX & American League 2023"
105623178063134,"Highlight Liga BBVA MX & American League 2023"
105623178068407,"Highlight Liga BBVA MX & American League 2023"
105623446415770,"National Teams Selection Guardians 8 Sep '23"
105623446416478,"National Teams Selection Guardians 8 Sep '23"
105623446464247,"National Teams Selection Guardians 8 Sep '23"
105623446466498,"National Teams Selection Guardians 8 Sep '23"
105623446467220,"National Teams Selection Guardians 8 Sep '23"
105623446472104,"National Teams Selection Guardians 8 Sep '23"
105623446488724,"National Teams Selection Guardians 8 Sep '23"
105623446498378,"National Teams Selection Guardians 8 Sep '23"
105623714807898,"National Team Selection Japan 8 Sep '23"
105623714852695,"National Team Selection Japan 8 Sep '23"
105623714897409,"National Team Selection Japan 8 Sep '23"
105623714907083,"National Team Selection Japan 8 Sep '23"
105623714913288,"National Team Selection Japan 8 Sep '23"
105623714913962,"National Team Selection Japan 8 Sep '23"
105623714915531,"National Team Selection Japan 8 Sep '23"
105623714918284,"National Team Selection Japan 8 Sep '23"
105623983266816,"Italian League Selection Attackers 11 Sep '23"
105623983271937,"Italian League Selection Attackers 11 Sep '23"
105623983340944,"Italian League Selection Attackers 11 Sep '23"
105623983342056,"Italian League Selection Attackers 11 Sep '23"
105623983343421,"Italian League Selection Attackers 11 Sep '23"
105623983346691,"Italian League Selection Attackers 11 Sep '23"
105623983348885,"Italian League Selection Attackers 11 Sep '23"
105623983353775,"Italian League Selection Attackers 11 Sep '23"
105627741365933,"Startup Campaign 7 Sep '23"
105627741428068,"Startup Campaign 7 Sep '23"
105627741438140,"Startup Campaign 7 Sep '23"
105627741450424,"Startup Campaign 7 Sep '23"
105627741478127,"Startup Campaign 7 Sep '23"
105628009799434,"Startup Campaign 7 Sep '23"
105628009878609,"Startup Campaign 7 Sep '23"
105628009885789,"Startup Campaign 7 Sep '23"
105628009888681,"Startup Campaign 7 Sep '23"
105628009896720,"Startup Campaign 7 Sep '23"
53944789343748,"POTM J1 LEAGUE 7 Sep '23"
53944789346229,"POTM J1 LEAGUE 7 Sep '23"
53944789346572,"POTM J1 LEAGUE 7 Sep '23"
53944789359646,"POTM J1 LEAGUE 7 Sep '23"
53944789361870,"POTM J1 LEAGUE 7 Sep '23"
53944789372898,"POTM J1 LEAGUE 7 Sep '23"
53944789373017,"POTM J1 LEAGUE 7 Sep '23"
53944789373687,"POTM J1 LEAGUE 7 Sep '23"
53944789378541,"POTM J1 LEAGUE 7 Sep '23"
53944789381745,"POTM J1 LEAGUE 7 Sep '23"
53944789397758,"POTM J1 LEAGUE 7 Sep '23"
105622909546728,"Startup Campaign 7 Sep '23"
105628009906175,"Startup Campaign 7 Sep '23"
52845277653047,"POTW 7 Sep '23"
52845277653973,"POTW 7 Sep '23"
52845277657289,"POTW 7 Sep '23"
52845277673441,"POTW 7 Sep '23"
52845277718943,"POTW 7 Sep '23"
52845277731848,"POTW 7 Sep '23"
52845277738970,"POTW 7 Sep '23"
52845277743527,"POTW 7 Sep '23"
52845277749882,"POTW 7 Sep '23"
52845277756380,"POTW 7 Sep '23"
52845277757600,"POTW 7 Sep '23"
105624251703891,"Liga BBVA MX Selection 14 Sep '23"
105624251708020,"Liga BBVA MX Selection 14 Sep '23"
105624251710266,"Liga BBVA MX Selection 14 Sep '23"
105624251766650,"Liga BBVA MX Selection 14 Sep '23"
105624251768646,"Liga BBVA MX Selection 14 Sep '23"
105624251770145,"Liga BBVA MX Selection 14 Sep '23"
105624251772466,"Liga BBVA MX Selection 14 Sep '23"
105624251781147,"Liga BBVA MX Selection 14 Sep '23"
105624251785482,"Liga BBVA MX Selection 14 Sep '23"
105624251808088,"Liga BBVA MX Selection 14 Sep '23"
105624251822733,"Liga BBVA MX Selection 14 Sep '23"
105624520140617,"English League Selection 14 Sep '23"
105624520157388,"English League Selection 14 Sep '23"
105624520206751,"English League Selection 14 Sep '23"
105624520210010,"English League Selection 14 Sep '23"
105624520211816,"English League Selection 14 Sep '23"
105624520212637,"English League Selection 14 Sep '23"
105624520215791,"English League Selection 14 Sep '23"
105624520215799,"English League Selection 14 Sep '23"
105624520224094,"English League Selection 14 Sep '23"
105624520229984,"English League Selection 14 Sep '23"
105624520238662,"English League Selection 14 Sep '23"
105624788573877,"Club América Selection 14 Sep '23"
105624788573913,"Club América Selection 14 Sep '23"
105624788578972,"Club América Selection 14 Sep '23"
105624788592444,"Club América Selection 14 Sep '23"
105624788650096,"Club América Selection 14 Sep '23"
105624788651995,"Club América Selection 14 Sep '23"
105624788652242,"Club América Selection 14 Sep '23"
105624788652267,"Club América Selection 14 Sep '23"
105624788678994,"Club América Selection 14 Sep '23"
105624788681023,"Club América Selection 14 Sep '23"
105624788681146,"Club América Selection 14 Sep '23"
105625057010110,"CD Guadalajara Selection 14 Sep '23"
105625057030142,"CD Guadalajara Selection 14 Sep '23"
105625057075012,"CD Guadalajara Selection 14 Sep '23"
105625057087517,"CD Guadalajara Selection 14 Sep '23"
105625057087591,"CD Guadalajara Selection 14 Sep '23"
105625057087599,"CD Guadalajara Selection 14 Sep '23"
105625057087616,"CD Guadalajara Selection 14 Sep '23"
105625057087622,"CD Guadalajara Selection 14 Sep '23"
105625057087749,"CD Guadalajara Selection 14 Sep '23"
105625057116484,"CD Guadalajara Selection 14 Sep '23"
105625057123304,"CD Guadalajara Selection 14 Sep '23"
105625325463961,"English League Selection Midfielders 18 Sep '23"
105625325510796,"English League Selection Midfielders 18 Sep '23"
105625325510960,"English League Selection Midfielders 18 Sep '23"
105625325513700,"English League Selection Midfielders 18 Sep '23"
105625325514599,"English League Selection Midfielders 18 Sep '23"
105625325514975,"English League Selection Midfielders 18 Sep '23"
105625325542316,"English League Selection Midfielders 18 Sep '23"
105625325547356,"English League Selection Midfielders 18 Sep '23"
52845546085217,"POTW National Teams 14 Sep '23"
52845546085792,"POTW National Teams 14 Sep '23"
52845546086559,"POTW National Teams 14 Sep '23"
52845546104987,"POTW National Teams 14 Sep '23"
52845546106005,"POTW National Teams 14 Sep '23"
52845546148582,"POTW National Teams 14 Sep '23"
52845546156386,"POTW National Teams 14 Sep '23"
52845546156720,"POTW National Teams 14 Sep '23"
52845546158780,"POTW National Teams 14 Sep '23"
52845546159351,"POTW National Teams 14 Sep '23"
52845546165222,"POTW National Teams 14 Sep '23"
105625593886744,"National Teams Selection 21 Sep '23"
105625593886902,"National Teams Selection 21 Sep '23"
105625593899382,"National Teams Selection 21 Sep '23"
105625593900544,"National Teams Selection 21 Sep '23"
105625593943229,"National Teams Selection 21 Sep '23"
105625593950242,"National Teams Selection 21 Sep '23"
105625593952881,"National Teams Selection 21 Sep '23"
105625593957752,"National Teams Selection 21 Sep '23"
105625593959147,"National Teams Selection 21 Sep '23"
105625593980484,"National Teams Selection 21 Sep '23"
105625593981771,"National Teams Selection 21 Sep '23"
105626130745545,"Tigres UANL Selection 21 Sep '23"
105626130749474,"Tigres UANL Selection 21 Sep '23"
105626130751809,"Tigres UANL Selection 21 Sep '23"
105626130752086,"Tigres UANL Selection 21 Sep '23"
105626130756253,"Tigres UANL Selection 21 Sep '23"
105626130769314,"Tigres UANL Selection 21 Sep '23"
105626130775800,"Tigres UANL Selection 21 Sep '23"
105626130816795,"Tigres UANL Selection 21 Sep '23"
105626130829293,"Tigres UANL Selection 21 Sep '23"
105626130829312,"Tigres UANL Selection 21 Sep '23"
105626130829408,"Tigres UANL Selection 21 Sep '23"
105626399183288,"Spanish League Selection Attackers 25 Sep '23"
105626399186623,"Spanish League Selection Attackers 25 Sep '23"
105626399188300,"Spanish League Selection Attackers 25 Sep '23"
105626399191946,"Spanish League Selection Attackers 25 Sep '23"
105626399203333,"Spanish League Selection Attackers 25 Sep '23"
105626399250038,"Spanish League Selection Attackers 25 Sep '23"
105626399256628,"Spanish League Selection Attackers 25 Sep '23"
105626399263031,"Spanish League Selection Attackers 25 Sep '23"
105627472928160,"Neymar's New Journey 21 Sep '23"
105625862277578,"Spanish League Selection 21 Sep '23"
105625862317628,"Spanish League Selection 21 Sep '23"
105625862318166,"Spanish League Selection 21 Sep '23"
105625862321017,"Spanish League Selection 21 Sep '23"
105625862336130,"Spanish League Selection 21 Sep '23"
105625862378080,"Spanish League Selection 21 Sep '23"
105625862379396,"Spanish League Selection 21 Sep '23"
105625862379487,"Spanish League Selection 21 Sep '23"
105625862394049,"Spanish League Selection 21 Sep '23"
105625862400068,"Spanish League Selection 21 Sep '23"
105625862405274,"Spanish League Selection 21 Sep '23"
52845814520832,"POTW 21 Sep '23"
52845814523435,"POTW 21 Sep '23"
52845814528683,"POTW 21 Sep '23"
52845814544416,"POTW 21 Sep '23"
52845814581924,"POTW 21 Sep '23"
52845814585122,"POTW 21 Sep '23"
52845814592382,"POTW 21 Sep '23"
52845814604617,"POTW 21 Sep '23"
52845814615835,"POTW 21 Sep '23"
52845814621126,"POTW 21 Sep '23"
52845814637911,"POTW 21 Sep '23"
105626667618036,"Pumas Selection 28 Sep '23"
105626667622523,"Pumas Selection 28 Sep '23"
105626667627494,"Pumas Selection 28 Sep '23"
105626667629270,"Pumas Selection 28 Sep '23"
105626667642565,"Pumas Selection 28 Sep '23"
105626667642987,"Pumas Selection 28 Sep '23"
105626667642993,"Pumas Selection 28 Sep '23"
105626667694921,"Pumas Selection 28 Sep '23"
105626667713903,"Pumas Selection 28 Sep '23"
105626667728230,"Pumas Selection 28 Sep '23"
105626667729223,"Pumas Selection 28 Sep '23"
105626936055932,"J1 LEAGUE Selection 28 Sep '23"
105626936059995,"J1 LEAGUE Selection 28 Sep '23"
105626936078221,"J1 LEAGUE Selection 28 Sep '23"
105626936138504,"J1 LEAGUE Selection 28 Sep '23"
105626936138706,"J1 LEAGUE Selection 28 Sep '23"
105626936138778,"J1 LEAGUE Selection 28 Sep '23"
105626936139358,"J1 LEAGUE Selection 28 Sep '23"
105626936152093,"J1 LEAGUE Selection 28 Sep '23"
105626936169177,"J1 LEAGUE Selection 28 Sep '23"
105627204512743,"European Clubs Selection Midfielders 2 Oct '23"
105627204512871,"European Clubs Selection Midfielders 2 Oct '23"
105627204560448,"European Clubs Selection Midfielders 2 Oct '23"
105627204561357,"European Clubs Selection Midfielders 2 Oct '23"
105627204564367,"European Clubs Selection Midfielders 2 Oct '23"
105627204566462,"European Clubs Selection Midfielders 2 Oct '23"
105627204569401,"European Clubs Selection Midfielders 2 Oct '23"
105627204572134,"European Clubs Selection Midfielders 2 Oct '23"
105628278230803,"Italian League Selection Guardians 2 Oct '23"
105628278241042,"Italian League Selection Guardians 2 Oct '23"
105628278294806,"Italian League Selection Guardians 2 Oct '23"
105628278306759,"Italian League Selection Guardians 2 Oct '23"
105628278307241,"Italian League Selection Guardians 2 Oct '23"
105628278308769,"Italian League Selection Guardians 2 Oct '23"
105628278308956,"Italian League Selection Guardians 2 Oct '23"
105628278310430,"Italian League Selection Guardians 2 Oct '23"
106721347417004,"J.LEAGUE Monthly MVPs Aug '23"
106721347492939,"J.LEAGUE Monthly MVPs Aug '23"
106721615934767,"J.LEAGUE Monthly MVPs Aug '23"
106721615928096,"J.LEAGUE Monthly MVPs Aug '23"
106721884302367,"Italian League Selection Guardians 2 Oct '23"
106721884349606,"Italian League Selection Guardians 2 Oct '23"
106721884358890,"Italian League Selection Guardians 2 Oct '23"
52846351454928,"POTW European Club Championship 28 Sep '23"
52846351456485,"POTW European Club Championship 28 Sep '23"
52846351465768,"POTW European Club Championship 28 Sep '23"
52846351466435,"POTW European Club Championship 28 Sep '23"
52846351468279,"POTW European Club Championship 28 Sep '23"
52846351469737,"POTW European Club Championship 28 Sep '23"
52846351471508,"POTW European Club Championship 28 Sep '23"
52846351478144,"POTW European Club Championship 28 Sep '23"
52846351478432,"POTW European Club Championship 28 Sep '23"
52846351482015,"POTW European Club Championship 28 Sep '23"
52846351499263,"POTW European Club Championship 28 Sep '23"
88030455005347,"Yokohama FC 2021"
89130235068579,"Big Time 14 Nov '98"
89130503504035,"Big Time 17 Aug '13"
88030455005256,"Urawa Reds 2017"
88030455007969,"Manchester United FC 93-94"
88030455139819,"FC Barcelona 73-74"
88030455069046,"Madrid Chamartin B 98-99"
88030455139831,"Madrid Rosas RB 08-09"
88030455139826,"Internazionale Milano 88-89"
88030455143152,"AS Roma 99-00"
88030455139778,"AC Milan 02-03"
88030455139821,"FC Bayern München 80-81"
88030455006837,"FC Bayern München 02-03"
88030455153209,"FC Bayern München 73-74"
88030455139804,"Chelsea B 11-12"
88030455020504,"Manchester United FC 12-13"
88030455139858,"Arsenal FC 01-02"
89130772069289,"Big Time 25 Feb '20"
89130771980042,"Big Time 23 Apr '13"
89130772048333,"Big Time 26 May '20"
89130772077328,"Big Time 27 May '23"
88030455139790,"FC Barcelona 98-99"
88030455139761,"Madrid Chamartin B 03-04"
88030455139768,"FC Barcelona 02-03"
88030455139854,"Piemonte BN 07-08"
88030455011956,"Internazionale Milano 09-10"
88030455171056,"Atalanta BC 90-91"
88030455143143,"Manchester United FC 95-96"
88030455139772,"Arsenal FC 97-98"
88030455165763,"Arsenal FC 90-91"
88030455139807,"Madrid Chamartin B 06-07"
88030455139794,"Madrid Chamartin B 94-95"
88030455139856,"FC Barcelona 03-04"
88030455139822,"CR Flamengo 1988"
52846082951857,"POTW 28 Sep '23"
52846082959446,"POTW 28 Sep '23"
52846082963639,"POTW 28 Sep '23"
52846082975833,"POTW 28 Sep '23"
52846083016651,"POTW 28 Sep '23"
52846083018133,"POTW 28 Sep '23"
52846083025021,"POTW 28 Sep '23"
52846083031606,"POTW 28 Sep '23"
52846083034427,"POTW 28 Sep '23"
52846083038302,"POTW 28 Sep '23"
52846083043212,"POTW 28 Sep '23"
89131040540663,"Big Time 10 Jun '01"
89131040376575,"Big Time 7 Aug '05"
89131040540664,"Big Time 16 Oct '94"
105628546739211,"New Chapter 5 Oct '23"
105628546741701,"New Chapter 5 Oct '23"
105628546742970,"New Chapter 5 Oct '23"
105628546744270,"New Chapter 5 Oct '23"
105628546756246,"New Chapter 5 Oct '23"
105628546756690,"New Chapter 5 Oct '23"
105628546757148,"New Chapter 5 Oct '23"
105628546762565,"New Chapter 5 Oct '23"
105628546762611,"New Chapter 5 Oct '23"
105628546762847,"New Chapter 5 Oct '23"
105628815099969,"Brasileirão Assaí Selection 5 Oct '23"
105628815099996,"Brasileirão Assaí Selection 5 Oct '23"
105628815107540,"Brasileirão Assaí Selection 5 Oct '23"
105628815123853,"Brasileirão Assaí Selection 5 Oct '23"
105628815126613,"Brasileirão Assaí Selection 5 Oct '23"
105628815170721,"Brasileirão Assaí Selection 5 Oct '23"
105628815172359,"Brasileirão Assaí Selection 5 Oct '23"
105628815175482,"Brasileirão Assaí Selection 5 Oct '23"
105628815199571,"Brasileirão Assaí Selection 5 Oct '23"
105628815205289,"Brasileirão Assaí Selection 5 Oct '23"
105628815216605,"Brasileirão Assaí Selection 5 Oct '23"
105629083540546,"FC Barcelona Pack 5 Oct '23"
105629083543436,"FC Barcelona Pack 5 Oct '23"
105629083546489,"FC Barcelona Pack 5 Oct '23"
105629083548331,"FC Barcelona Pack 5 Oct '23"
105629083562216,"FC Barcelona Pack 5 Oct '23"
105629083604389,"FC Barcelona Pack 5 Oct '23"
105629083609206,"FC Barcelona Pack 5 Oct '23"
105629083611328,"FC Barcelona Pack 5 Oct '23"
105629083626880,"FC Barcelona Pack 5 Oct '23"
105629083633701,"FC Barcelona Pack 5 Oct '23"
105629083647779,"FC Barcelona Pack 5 Oct '23"
105629351976871,"Manchester United FC Pack 5 Oct '23"
105629351978669,"Manchester United FC Pack 5 Oct '23"
105629351979076,"Manchester United FC Pack 5 Oct '23"
105629351996512,"Manchester United FC Pack 5 Oct '23"
105629352040804,"Manchester United FC Pack 5 Oct '23"
105629352045123,"Manchester United FC Pack 5 Oct '23"
105629352046638,"Manchester United FC Pack 5 Oct '23"
105629352050876,"Manchester United FC Pack 5 Oct '23"
105629352053793,"Manchester United FC Pack 5 Oct '23"
105629352054096,"Manchester United FC Pack 5 Oct '23"
105629352077221,"Manchester United FC Pack 5 Oct '23"
105629620474860,"Arsenal FC Pack 5 Oct '23"
105629620479656,"Arsenal FC Pack 5 Oct '23"
105629620480415,"Arsenal FC Pack 5 Oct '23"
105629620482663,"Arsenal FC Pack 5 Oct '23"
105629620485500,"Arsenal FC Pack 5 Oct '23"
105629620485962,"Arsenal FC Pack 5 Oct '23"
105629620486684,"Arsenal FC Pack 5 Oct '23"
105629620493269,"Arsenal FC Pack 5 Oct '23"
105629620498145,"Arsenal FC Pack 5 Oct '23"
105629620499000,"Arsenal FC Pack 5 Oct '23"
105629620503974,"Arsenal FC Pack 5 Oct '23"
105629888847207,"National Teams Selection Midfielders 9 Oct '23"
105629888852915,"National Teams Selection Midfielders 9 Oct '23"
105629888853963,"National Teams Selection Midfielders 9 Oct '23"
105629888854286,"National Teams Selection Midfielders 9 Oct '23"
105629888854308,"National Teams Selection Midfielders 9 Oct '23"
105629888866569,"National Teams Selection Midfielders 9 Oct '23"
105629888911116,"National Teams Selection Midfielders 9 Oct '23"
105629888933817,"National Teams Selection Midfielders 9 Oct '23"
53945057689866,"POTM J1 LEAGUE 5 Oct '23"
53945057734528,"POTM J1 LEAGUE 5 Oct '23"
53945057784888,"POTM J1 LEAGUE 5 Oct '23"
53945057789525,"POTM J1 LEAGUE 5 Oct '23"
53945057794941,"POTM J1 LEAGUE 5 Oct '23"
53945057795041,"POTM J1 LEAGUE 5 Oct '23"
53945057800116,"POTM J1 LEAGUE 5 Oct '23"
53945057801927,"POTM J1 LEAGUE 5 Oct '23"
53945057811013,"POTM J1 LEAGUE 5 Oct '23"
53945057816091,"POTM J1 LEAGUE 5 Oct '23"
53945057826099,"POTM J1 LEAGUE 5 Oct '23"
53945326154479,"POTM Liga BBVA MX 5 Oct '23"
53945326155300,"POTM Liga BBVA MX 5 Oct '23"
53945326214907,"POTM Liga BBVA MX 5 Oct '23"
53945326215631,"POTM Liga BBVA MX 5 Oct '23"
53945326224790,"POTM Liga BBVA MX 5 Oct '23"
53945326228587,"POTM Liga BBVA MX 5 Oct '23"
53945326236930,"POTM Liga BBVA MX 5 Oct '23"
53945326251743,"POTM Liga BBVA MX 5 Oct '23"
53945326253533,"POTM Liga BBVA MX 5 Oct '23"
53945326254345,"POTM Liga BBVA MX 5 Oct '23"
53945326256571,"POTM Liga BBVA MX 5 Oct '23"
106723494897719,"Show Time 7 Dec '23"
106723494911779,"Show Time 7 Dec '23"
106723494968891,"Show Time 7 Dec '23"
52846619824370,"POTW 5 Oct '23"
52846619847432,"POTW 5 Oct '23"
52846619847973,"POTW 5 Oct '23"
52846619895921,"POTW 5 Oct '23"
52846619897860,"POTW 5 Oct '23"
52846619905306,"POTW 5 Oct '23"
52846619907092,"POTW 5 Oct '23"
52846619916004,"POTW 5 Oct '23"
52846619917943,"POTW 5 Oct '23"
52846619920197,"POTW 5 Oct '23"
52846619935436,"POTW 5 Oct '23"
88030455171360,"Malaysia 2011"
88030455062283,"Thailand 2014"
88030455158559,"Indonesia 2021"
105630157281023,"Liga BBVA MX Selection 12 Oct '23"
105630157347758,"Liga BBVA MX Selection 12 Oct '23"
105630157349206,"Liga BBVA MX Selection 12 Oct '23"
105630157356425,"Liga BBVA MX Selection 12 Oct '23"
105630157356656,"Liga BBVA MX Selection 12 Oct '23"
105630157361266,"Liga BBVA MX Selection 12 Oct '23"
105630157361295,"Liga BBVA MX Selection 12 Oct '23"
105630157364651,"Liga BBVA MX Selection 12 Oct '23"
105630157390159,"Liga BBVA MX Selection 12 Oct '23"
105630157390253,"Liga BBVA MX Selection 12 Oct '23"
105630157390294,"Liga BBVA MX Selection 12 Oct '23"
105630425723979,"J1 LEAGUE Selection 12 Oct '23"
105630425793225,"J1 LEAGUE Selection 12 Oct '23"
105630425799666,"J1 LEAGUE Selection 12 Oct '23"
105630425802005,"J1 LEAGUE Selection 12 Oct '23"
105630425805045,"J1 LEAGUE Selection 12 Oct '23"
105630425806716,"J1 LEAGUE Selection 12 Oct '23"
105630425807310,"J1 LEAGUE Selection 12 Oct '23"
105630425813201,"J1 LEAGUE Selection 12 Oct '23"
105630425820567,"J1 LEAGUE Selection 12 Oct '23"
105630694227266,"European Clubs Selection Attackers 16 Oct '23"
105630694227518,"European Clubs Selection Attackers 16 Oct '23"
105630694231390,"European Clubs Selection Attackers 16 Oct '23"
105630694233187,"European Clubs Selection Attackers 16 Oct '23"
105630694238119,"European Clubs Selection Attackers 16 Oct '23"
105630694242301,"European Clubs Selection Attackers 16 Oct '23"
105630694246543,"European Clubs Selection Attackers 16 Oct '23"
105630694255358,"European Clubs Selection Attackers 16 Oct '23"
52847156696743,"POTW European Club Championship 12 Oct '23"
52847156698890,"POTW European Club Championship 12 Oct '23"
52847156705719,"POTW European Club Championship 12 Oct '23"
52847156719353,"POTW European Club Championship 12 Oct '23"
52847156719848,"POTW European Club Championship 12 Oct '23"
52847156761862,"POTW European Club Championship 12 Oct '23"
52847156762788,"POTW European Club Championship 12 Oct '23"
52847156770634,"POTW European Club Championship 12 Oct '23"
52847156772984,"POTW European Club Championship 12 Oct '23"
52847156775223,"POTW European Club Championship 12 Oct '23"
52847156800016,"POTW European Club Championship 12 Oct '23"
52846888261347,"POTW 12 Oct '23"
52846888263043,"POTW 12 Oct '23"
52846888267988,"POTW 12 Oct '23"
52846888283166,"POTW 12 Oct '23"
52846888336397,"POTW 12 Oct '23"
52846888339325,"POTW 12 Oct '23"
52846888355238,"POTW 12 Oct '23"
52846888355625,"POTW 12 Oct '23"
52846888357787,"POTW 12 Oct '23"
52846888358904,"POTW 12 Oct '23"
52846888363457,"POTW 12 Oct '23"
105630962593862,"Süper Lig Selection 19 Oct '23"
105630962595738,"Süper Lig Selection 19 Oct '23"
105630962606169,"Süper Lig Selection 19 Oct '23"
105630962649509,"Süper Lig Selection 19 Oct '23"
105630962653383,"Süper Lig Selection 19 Oct '23"
105630962656642,"Süper Lig Selection 19 Oct '23"
105630962659405,"Süper Lig Selection 19 Oct '23"
105630962662332,"Süper Lig Selection 19 Oct '23"
105630962662789,"Süper Lig Selection 19 Oct '23"
105630962665407,"Süper Lig Selection 19 Oct '23"
105630962666838,"Süper Lig Selection 19 Oct '23"
105631231024906,"FC Bayern München Pack 19 Oct '23"
105631231031479,"FC Bayern München Pack 19 Oct '23"
105631231044572,"FC Bayern München Pack 19 Oct '23"
105631231044638,"FC Bayern München Pack 19 Oct '23"
105631231087093,"FC Bayern München Pack 19 Oct '23"
105631231093194,"FC Bayern München Pack 19 Oct '23"
105631231093197,"FC Bayern München Pack 19 Oct '23"
105631231100847,"FC Bayern München Pack 19 Oct '23"
105631231104081,"FC Bayern München Pack 19 Oct '23"
105631231106652,"FC Bayern München Pack 19 Oct '23"
105631231114153,"FC Bayern München Pack 19 Oct '23"
105631499456275,"Internazionale Milano Pack 19 Oct '23"
105631499456788,"Internazionale Milano Pack 19 Oct '23"
105631499460523,"Internazionale Milano Pack 19 Oct '23"
105631499520745,"Internazionale Milano Pack 19 Oct '23"
105631499523334,"Internazionale Milano Pack 19 Oct '23"
105631499527334,"Internazionale Milano Pack 19 Oct '23"
105631499527717,"Internazionale Milano Pack 19 Oct '23"
105631499528305,"Internazionale Milano Pack 19 Oct '23"
105631499531634,"Internazionale Milano Pack 19 Oct '23"
105631499534310,"Internazionale Milano Pack 19 Oct '23"
105631499534483,"Internazionale Milano Pack 19 Oct '23"
105631767893158,"AC Milan Pack 19 Oct '23"
105631767893731,"AC Milan Pack 19 Oct '23"
105631767915551,"AC Milan Pack 19 Oct '23"
105631767959826,"AC Milan Pack 19 Oct '23"
105631767962877,"AC Milan Pack 19 Oct '23"
105631767964241,"AC Milan Pack 19 Oct '23"
105631767967208,"AC Milan Pack 19 Oct '23"
105631767966356,"AC Milan Pack 19 Oct '23"
105631767974257,"AC Milan Pack 19 Oct '23"
105631767973378,"AC Milan Pack 19 Oct '23"
105631767991148,"AC Milan Pack 19 Oct '23"
105632036331679,"English League Selection Guardians 23 Oct '23"
105632036354034,"English League Selection Guardians 23 Oct '23"
105632036400507,"English League Selection Guardians 23 Oct '23"
105632036403900,"English League Selection Guardians 23 Oct '23"
105632036415962,"English League Selection Guardians 23 Oct '23"
105632036428724,"English League Selection Guardians 23 Oct '23"
105632036437580,"English League Selection Guardians 23 Oct '23"
105632036438018,"English League Selection Guardians 23 Oct '23"
106722152807905,"J.LEAGUE Monthly MVPs Sep '23"
106722152716346,"J.LEAGUE Monthly MVPs Sep '23"
106722152820546,"J.LEAGUE Monthly MVPs Sep '23"
106722152818684,"J.LEAGUE Monthly MVPs Sep '23"
52847425098154,"POTW National Teams 19 Oct '23"
52847425134357,"POTW National Teams 19 Oct '23"
52847425139577,"POTW National Teams 19 Oct '23"
52847425141154,"POTW National Teams 19 Oct '23"
52847425202760,"POTW National Teams 19 Oct '23"
52847425204350,"POTW National Teams 19 Oct '23"
52847425204804,"POTW National Teams 19 Oct '23"
52847425207710,"POTW National Teams 19 Oct '23"
52847425208089,"POTW National Teams 19 Oct '23"
52847425214146,"POTW National Teams 19 Oct '23"
52847425214419,"POTW National Teams 19 Oct '23"
105632304764795,"Spanish League Selection Midfielders 30 Oct '23"
105632304786257,"Spanish League Selection Midfielders 30 Oct '23"
105632304826825,"Spanish League Selection Midfielders 30 Oct '23"
105632304829331,"Spanish League Selection Midfielders 30 Oct '23"
105632304842860,"Spanish League Selection Midfielders 30 Oct '23"
105632304854094,"Spanish League Selection Midfielders 30 Oct '23"
105632304859068,"Spanish League Selection Midfielders 30 Oct '23"
105632304859173,"Spanish League Selection Midfielders 30 Oct '23"
105632573177354,"J1 LEAGUE Selection 26 Oct '23"
105632573197340,"J1 LEAGUE Selection 26 Oct '23"
105632573222733,"J1 LEAGUE Selection 26 Oct '23"
105632573222760,"J1 LEAGUE Selection 26 Oct '23"
105632573222786,"J1 LEAGUE Selection 26 Oct '23"
105632573277129,"J1 LEAGUE Selection 26 Oct '23"
105632573283077,"J1 LEAGUE Selection 26 Oct '23"
105632573285638,"J1 LEAGUE Selection 26 Oct '23"
105632573313751,"J1 LEAGUE Selection 26 Oct '23"
105632841711033,"Halloween Campaign 26 Oct '23"
105632841714694,"Halloween Campaign 26 Oct '23"
105632841744383,"Halloween Campaign 26 Oct '23"
105633110093921,"Liga MX x Day of the Dead 2023"
105633110135757,"Liga MX x Day of the Dead 2023"
105633110152409,"Liga MX x Day of the Dead 2023"
105633110162444,"Liga MX x Day of the Dead 2023"
105633110172656,"Liga MX x Day of the Dead 2023"
52847693536417,"POTW 26 Oct '23"
52847693571404,"POTW 26 Oct '23"
52847693586211,"POTW 26 Oct '23"
52847693588885,"POTW 26 Oct '23"
52847693589468,"POTW 26 Oct '23"
52847693630185,"POTW 26 Oct '23"
52847693636044,"POTW 26 Oct '23"
52847693637037,"POTW 26 Oct '23"
52847693641103,"POTW 26 Oct '23"
52847693645299,"POTW 26 Oct '23"
52847693647224,"POTW 26 Oct '23"
53945594560242,"POTM J1 LEAGUE 2 Nov '23"
53945594560891,"POTM J1 LEAGUE 2 Nov '23"
53945594560927,"POTM J1 LEAGUE 2 Nov '23"
53945594605267,"POTM J1 LEAGUE 2 Nov '23"
53945594665781,"POTM J1 LEAGUE 2 Nov '23"
53945594665949,"POTM J1 LEAGUE 2 Nov '23"
53945594668349,"POTM J1 LEAGUE 2 Nov '23"
53945594674319,"POTM J1 LEAGUE 2 Nov '23"
53945594683843,"POTM J1 LEAGUE 2 Nov '23"
53945594685374,"POTM J1 LEAGUE 2 Nov '23"
53945594700950,"POTM J1 LEAGUE 2 Nov '23"
53945863021756,"POTM Liga BBVA MX 2 Nov '23"
53945863025163,"POTM Liga BBVA MX 2 Nov '23"
53945863038780,"POTM Liga BBVA MX 2 Nov '23"
53945863041131,"POTM Liga BBVA MX 2 Nov '23"
53945863087393,"POTM Liga BBVA MX 2 Nov '23"
53945863095993,"POTM Liga BBVA MX 2 Nov '23"
53945863098349,"POTM Liga BBVA MX 2 Nov '23"
53945863098659,"POTM Liga BBVA MX 2 Nov '23"
53945863112141,"POTM Liga BBVA MX 2 Nov '23"
53945863137099,"POTM Liga BBVA MX 2 Nov '23"
53945863139221,"POTM Liga BBVA MX 2 Nov '23"
105633378509459,"Liga BBVA MX Selection 2 Nov '23"
105633378513510,"Liga BBVA MX Selection 2 Nov '23"
105633378582252,"Liga BBVA MX Selection 2 Nov '23"
105633378600083,"Liga BBVA MX Selection 2 Nov '23"
105633378609260,"Liga BBVA MX Selection 2 Nov '23"
105633378612553,"Liga BBVA MX Selection 2 Nov '23"
105633378615612,"Liga BBVA MX Selection 2 Nov '23"
105633378615627,"Liga BBVA MX Selection 2 Nov '23"
105633378615749,"Liga BBVA MX Selection 2 Nov '23"
105633378615761,"Liga BBVA MX Selection 2 Nov '23"
105633378625369,"Liga BBVA MX Selection 2 Nov '23"
105633646910807,"Golden Achievement 2 Nov '23"
105633915454006,"Golden Boys 2 Nov '23"
105633915458587,"Golden Boys 2 Nov '23"
105633915462473,"Golden Boys 2 Nov '23"
105633915465821,"Golden Boys 2 Nov '23"
105633915466067,"Golden Boys 2 Nov '23"
105633915466074,"Golden Boys 2 Nov '23"
105633915476768,"Golden Boys 2 Nov '23"
105633915478824,"Golden Boys 2 Nov '23"
105633915480192,"Golden Boys 2 Nov '23"
105633915491889,"Golden Boys 2 Nov '23"
105634183819783,"Brasileirão Assaí Selection 2 Nov '23"
105634183834826,"Brasileirão Assaí Selection 2 Nov '23"
105634183875324,"Brasileirão Assaí Selection 2 Nov '23"
105634183881865,"Brasileirão Assaí Selection 2 Nov '23"
105634183881986,"Brasileirão Assaí Selection 2 Nov '23"
105634183884276,"Brasileirão Assaí Selection 2 Nov '23"
105634183884767,"Brasileirão Assaí Selection 2 Nov '23"
105634183893316,"Brasileirão Assaí Selection 2 Nov '23"
105634183894327,"Brasileirão Assaí Selection 2 Nov '23"
105634183918236,"Brasileirão Assaí Selection 2 Nov '23"
105634183934358,"Brasileirão Assaí Selection 2 Nov '23"
105634452249921,"Italian League Selection Guardians 6 Nov '23"
105634452250601,"Italian League Selection Guardians 6 Nov '23"
105634452314416,"Italian League Selection Guardians 6 Nov '23"
105634452319513,"Italian League Selection Guardians 6 Nov '23"
105634452328803,"Italian League Selection Guardians 6 Nov '23"
105634452336234,"Italian League Selection Guardians 6 Nov '23"
105634452338142,"Italian League Selection Guardians 6 Nov '23"
105634452345708,"Italian League Selection Guardians 6 Nov '23"
105634720681838,"Golden Achievement 2 Nov '23"
105634720683687,"Golden Achievement 2 Nov '23"
105634720683688,"Golden Achievement 2 Nov '23"
105634720685545,"Golden Achievement 2 Nov '23"
105634720685845,"Golden Achievement 2 Nov '23"
105634720746196,"Golden Achievement 2 Nov '23"
105634720771744,"Golden Achievement 2 Nov '23"
105634720773401,"Golden Achievement 2 Nov '23"
52848498943656,"POTW European Club Championship 2 Nov '23"
52848498943735,"POTW European Club Championship 2 Nov '23"
52848498944580,"POTW European Club Championship 2 Nov '23"
52848498944785,"POTW European Club Championship 2 Nov '23"
52848498954200,"POTW European Club Championship 2 Nov '23"
52848498956732,"POTW European Club Championship 2 Nov '23"
52848498963060,"POTW European Club Championship 2 Nov '23"
52848498963534,"POTW European Club Championship 2 Nov '23"
52848498970490,"POTW European Club Championship 2 Nov '23"
52848498973456,"POTW European Club Championship 2 Nov '23"
52848498997004,"POTW European Club Championship 2 Nov '23"
52848230442556,"POTW 2 Nov '23"
52848230459484,"POTW 2 Nov '23"
52848230502901,"POTW 2 Nov '23"
52848230507686,"POTW 2 Nov '23"
52848230512334,"POTW 2 Nov '23"
52848230515098,"POTW 2 Nov '23"
52848230517708,"POTW 2 Nov '23"
52848230517916,"POTW 2 Nov '23"
52848230532933,"POTW 2 Nov '23"
52848230533543,"POTW 2 Nov '23"
52848230539898,"POTW 2 Nov '23"
105634989097007,"J1 LEAGUE Selection 9 Nov '23"
105634989119599,"J1 LEAGUE Selection 9 Nov '23"
105634989119607,"J1 LEAGUE Selection 9 Nov '23"
105634989191666,"J1 LEAGUE Selection 9 Nov '23"
105634989192048,"J1 LEAGUE Selection 9 Nov '23"
105634989196242,"J1 LEAGUE Selection 9 Nov '23"
105634989204734,"J1 LEAGUE Selection 9 Nov '23"
105634989204788,"J1 LEAGUE Selection 9 Nov '23"
105634989220419,"J1 LEAGUE Selection 9 Nov '23"
105635257556454,"National Teams Selection Attackers 13 Nov '23"
105635257617147,"National Teams Selection Attackers 13 Nov '23"
105635257626870,"National Teams Selection Attackers 13 Nov '23"
105635257626979,"National Teams Selection Attackers 13 Nov '23"
105635257641402,"National Teams Selection Attackers 13 Nov '23"
105635257649333,"National Teams Selection Attackers 13 Nov '23"
105635257653032,"National Teams Selection Attackers 13 Nov '23"
105635257655994,"National Teams Selection Attackers 13 Nov '23"
106722421241113,"National Teams Selection Midfielders 16 Nov '23"
106722421243151,"National Teams Selection Midfielders 16 Nov '23"
106722421250756,"National Teams Selection Midfielders 16 Nov '23"
89131308852909,"[[NOT USE]]"
89131308925116,"[[NOT USE]]"
89131308857951,"[[NOT USE]]"
89131308851111,"[[NOT USE]]"
89131308918897,"[[NOT USE]]"
89131308911337,"[[NOT USE]]"
89131308851115,"[[NOT USE]]"
89131308850176,"[[NOT USE]]"
89131308848867,"Big Time 5 Feb '22"
89131308929393,"Big Time 22 May '22"
89131308918013,"Big Time 22 May '22"
89131308923305,"Big Time 9 May '21"
88030723575247,"Brazil 1994"
88030723575304,"Brazil 1997"
88030723480992,"Brazil 2016"
88030723575245,"Brazil 2002"
88030723578594,"France 2006"
88030723578597,"Italy 2006"
88030723441617,"AC Milan 02-03"
88030723575271,"Piemonte BN 92-93"
88030723575272,"AC Milan 88-89"
88030723575242,"Internazionale Milano 05-06"
88030723447048,"Arsenal FC 14-15"
88030723440795,"Yokohama F. Marinos 1995"
88030723442989,"Kashiwa Reysol 1998"
88030723440870,"Nagoya Grampus 1995"
88030723575307,"FC Barcelona 05-06"
88030723575244,"Madrid Chamartin B 97-98"
52848767313183,"POTW 9 Nov '23"
52848767318199,"POTW 9 Nov '23"
52848767331424,"POTW 9 Nov '23"
52848767334509,"POTW 9 Nov '23"
52848767384250,"POTW 9 Nov '23"
52848767392772,"POTW 9 Nov '23"
52848767394941,"POTW 9 Nov '23"
52848767397337,"POTW 9 Nov '23"
52848767398428,"POTW 9 Nov '23"
52848767403456,"POTW 9 Nov '23"
52848767411782,"POTW 9 Nov '23"
106722689565051,"J.LEAGUE Monthly MVPs Oct '23"
106722689704521,"J.LEAGUE Monthly MVPs Oct '23"
106722689700549,"J.LEAGUE Monthly MVPs Oct '23"
106722689675517,"J.LEAGUE Monthly MVPs Oct '23"
106722958026838,"Spanish League Selection Attackers 27 Nov '23"
106722958105608,"Spanish League Selection Attackers 27 Nov '23"
106722958116677,"Spanish League Selection Attackers 27 Nov '23"
105635526077219,"Süper Lig Selection 16 Nov '23"
105635526084267,"Süper Lig Selection 16 Nov '23"
105635525998574,"Süper Lig Selection 16 Nov '23"
105635526098478,"Süper Lig Selection 16 Nov '23"
105635526072494,"Süper Lig Selection 16 Nov '23"
105635526067718,"Süper Lig Selection 16 Nov '23"
105635526091718,"Süper Lig Selection 16 Nov '23"
105635526091457,"Süper Lig Selection 16 Nov '23"
105635526072576,"Süper Lig Selection 16 Nov '23"
105635526054054,"Süper Lig Selection 16 Nov '23"
105635526098524,"Süper Lig Selection 16 Nov '23"
105635794403418,"English League Selection Guardians 20 Nov '23"
105635794447653,"English League Selection Guardians 20 Nov '23"
105635794490495,"English League Selection Guardians 20 Nov '23"
105635794491689,"English League Selection Guardians 20 Nov '23"
105635794496484,"English League Selection Guardians 20 Nov '23"
105635794498744,"English League Selection Guardians 20 Nov '23"
105635794501854,"English League Selection Guardians 20 Nov '23"
105635794523128,"English League Selection Guardians 20 Nov '23"
105636062867793,"National Teams Selection Midfielders 16 Nov '23"
105636062924015,"National Teams Selection Midfielders 16 Nov '23"
105636062926626,"National Teams Selection Midfielders 16 Nov '23"
105636062936311,"National Teams Selection Midfielders 16 Nov '23"
105636062942839,"National Teams Selection Midfielders 16 Nov '23"
105636062954128,"National Teams Selection Midfielders 16 Nov '23"
105636062963408,"National Teams Selection Midfielders 16 Nov '23"
105636062964626,"National Teams Selection Midfielders 16 Nov '23"
105636331294412,"Season Giveaway Chicharito 16 Nov '23"
52849304150957,"POTW European Club Championship 16 Nov '23"
52849304178451,"POTW European Club Championship 16 Nov '23"
52849304182890,"POTW European Club Championship 16 Nov '23"
52849304184140,"POTW European Club Championship 16 Nov '23"
52849304243198,"POTW European Club Championship 16 Nov '23"
52849304245437,"POTW European Club Championship 16 Nov '23"
52849304259885,"POTW European Club Championship 16 Nov '23"
52849304260801,"POTW European Club Championship 16 Nov '23"
52849304260977,"POTW European Club Championship 16 Nov '23"
52849304269368,"POTW European Club Championship 16 Nov '23"
52849304279815,"POTW European Club Championship 16 Nov '23"
88030723575220,"Liverpool R 04-05"
52849035745970,"POTW 16 Nov '23"
52849035749630,"POTW 16 Nov '23"
52849035751044,"POTW 16 Nov '23"
52849035751208,"POTW 16 Nov '23"
52849035763721,"POTW 16 Nov '23"
52849035811048,"POTW 16 Nov '23"
52849035817086,"POTW 16 Nov '23"
52849035817208,"POTW 16 Nov '23"
52849035826068,"POTW 16 Nov '23"
52849035838524,"POTW 16 Nov '23"
52849035865688,"POTW 16 Nov '23"
105637136580182,"J1 LEAGUE Selection 23 Nov '23"
105637136580724,"J1 LEAGUE Selection 23 Nov '23"
105637136580760,"J1 LEAGUE Selection 23 Nov '23"
105637136689209,"J1 LEAGUE Selection 23 Nov '23"
105637136693044,"J1 LEAGUE Selection 23 Nov '23"
105637136694765,"J1 LEAGUE Selection 23 Nov '23"
105637136699360,"J1 LEAGUE Selection 23 Nov '23"
105637136699788,"J1 LEAGUE Selection 23 Nov '23"
105637136703898,"J1 LEAGUE Selection 23 Nov '23"
105638478779331,"Spanish League Selection Guardians 27 Nov '23"
105638478780301,"Spanish League Selection Guardians 27 Nov '23"
105638478786794,"Spanish League Selection Guardians 27 Nov '23"
105638478844821,"Spanish League Selection Guardians 27 Nov '23"
105638478846181,"Spanish League Selection Guardians 27 Nov '23"
105638478848461,"Spanish League Selection Guardians 27 Nov '23"
105638478855885,"Spanish League Selection Guardians 27 Nov '23"
105638478869047,"Spanish League Selection Guardians 27 Nov '23"
105636868231058,"Spanish League Selection Attackers 27 Nov '23"
105636868231510,"Spanish League Selection Attackers 27 Nov '23"
105636868236994,"Spanish League Selection Attackers 27 Nov '23"
105636868240696,"Spanish League Selection Attackers 27 Nov '23"
105636868243225,"Spanish League Selection Attackers 27 Nov '23"
105636868249880,"Spanish League Selection Attackers 27 Nov '23"
105636868252797,"Spanish League Selection Attackers 27 Nov '23"
105636868255104,"Spanish League Selection Attackers 27 Nov '23"
105638747184044,"South American Club Championship 23 Nov '23"
105638747212167,"South American Club Championship 23 Nov '23"
105638747212437,"South American Club Championship 23 Nov '23"
105638747213674,"South American Club Championship 23 Nov '23"
105638747213909,"South American Club Championship 23 Nov '23"
105638747219133,"South American Club Championship 23 Nov '23"
105638747222721,"South American Club Championship 23 Nov '23"
105638747237663,"South American Club Championship 23 Nov '23"
105638747311898,"South American Club Championship 23 Nov '23"
105638747314886,"South American Club Championship 23 Nov '23"
105638747317265,"South American Club Championship 23 Nov '23"
105642253631286,"AFC Champions League Selection 25 Dec '23"
105642253678613,"AFC Champions League Selection 25 Dec '23"
105642253723581,"AFC Champions League Selection 25 Dec '23"
105642253736714,"AFC Champions League Selection 25 Dec '23"
105642253736724,"AFC Champions League Selection 25 Dec '23"
105642253748504,"AFC Champions League Selection 25 Dec '23"
105642253731413,"AFC Champions League Selection 25 Dec '23"
105642253774868,"AFC Champions League Selection 25 Dec '23"
105638747288274,"South American Club Championship 23 Nov '23"
52849572614420,"POTW National Teams 23 Nov '23"
52849572617402,"POTW National Teams 23 Nov '23"
52849572618155,"POTW National Teams 23 Nov '23"
52849572682308,"POTW National Teams 23 Nov '23"
52849572684892,"POTW National Teams 23 Nov '23"
52849572694031,"POTW National Teams 23 Nov '23"
52849572696975,"POTW National Teams 23 Nov '23"
52849572697187,"POTW National Teams 23 Nov '23"
52849572703400,"POTW National Teams 23 Nov '23"
52849572704000,"POTW National Teams 23 Nov '23"
52849572710581,"POTW National Teams 23 Nov '23"
105637941909807,"Brasileirão Assaí Selection 30 Nov '23"
105637941931690,"Brasileirão Assaí Selection 30 Nov '23"
105637941975890,"Brasileirão Assaí Selection 30 Nov '23"
105637941977221,"Brasileirão Assaí Selection 30 Nov '23"
105637941981067,"Brasileirão Assaí Selection 30 Nov '23"
105637941984050,"Brasileirão Assaí Selection 30 Nov '23"
105637941985239,"Brasileirão Assaí Selection 30 Nov '23"
105637941986120,"Brasileirão Assaí Selection 30 Nov '23"
105637941988131,"Brasileirão Assaí Selection 30 Nov '23"
105637941989734,"Brasileirão Assaí Selection 30 Nov '23"
105637942002516,"Brasileirão Assaí Selection 30 Nov '23"
105637673480820,"Liga BBVA MX Selection 30 Nov '23"
105637673540142,"Liga BBVA MX Selection 30 Nov '23"
105637673542095,"Liga BBVA MX Selection 30 Nov '23"
105637673544878,"Liga BBVA MX Selection 30 Nov '23"
105637673554134,"Liga BBVA MX Selection 30 Nov '23"
105637673554163,"Liga BBVA MX Selection 30 Nov '23"
105637673580884,"Liga BBVA MX Selection 30 Nov '23"
105637673580894,"Liga BBVA MX Selection 30 Nov '23"
105637673583062,"Liga BBVA MX Selection 30 Nov '23"
105637673583076,"Liga BBVA MX Selection 30 Nov '23"
105637673592669,"Liga BBVA MX Selection 30 Nov '23"
105638210414450,"Italian League Selection Midfielders 4 Dec '23"
105638210416626,"Italian League Selection Midfielders 4 Dec '23"
105638210420883,"Italian League Selection Midfielders 4 Dec '23"
105638210423661,"Italian League Selection Midfielders 4 Dec '23"
105638210425926,"Italian League Selection Midfielders 4 Dec '23"
105638210428312,"Italian League Selection Midfielders 4 Dec '23"
105638210432565,"Italian League Selection Midfielders 4 Dec '23"
105638210448263,"Italian League Selection Midfielders 4 Dec '23"
52849841050072,"POTW 30 Nov '23"
52849841071576,"POTW 30 Nov '23"
52849841073183,"POTW 30 Nov '23"
52849841119407,"POTW 30 Nov '23"
52849841123362,"POTW 30 Nov '23"
52849841127242,"POTW 30 Nov '23"
52849841127646,"POTW 30 Nov '23"
52849841129785,"POTW 30 Nov '23"
52849841131713,"POTW 30 Nov '23"
52849841151337,"POTW 30 Nov '23"
52849841167599,"POTW 30 Nov '23"
88229365678152,"Jクラ用"
88229634113608,"Jクラ用"
88229902549064,"Jクラ用"
88229365678289,"Jクラ用"
88229634113745,"Jクラ用"
105637405039682,"FC Barcelona Selection 11 Dec '23"
105637405042551,"FC Barcelona Selection 11 Dec '23"
105637405042837,"FC Barcelona Selection 11 Dec '23"
105637405061352,"FC Barcelona Selection 11 Dec '23"
105637405110324,"FC Barcelona Selection 11 Dec '23"
105637405116431,"FC Barcelona Selection 11 Dec '23"
105637405146913,"FC Barcelona Selection 11 Dec '23"
105637405146915,"FC Barcelona Selection 11 Dec '23"
105637405161228,"FC Barcelona Selection 11 Dec '23"
105639284052394,"Daily Bonus"
105639284091160,"Daily Bonus"
105639284148969,"Daily Bonus"
105639284189933,"Daily Bonus"
105639552522186,"Club Icons 7 Dec '23"
105639552524318,"Club Icons 7 Dec '23"
105639552527707,"Club Icons 7 Dec '23"
105639552527964,"Club Icons 7 Dec '23"
105639552542167,"Club Icons 7 Dec '23"
105639552543719,"Club Icons 7 Dec '23"
105639552583574,"Club Icons 7 Dec '23"
105639552583826,"Club Icons 7 Dec '23"
105639552585099,"Club Icons 7 Dec '23"
105639552601681,"Club Icons 7 Dec '23"
105639820965963,"European Clubs Selection Attackers 7 Dec '23"
105639820978952,"European Clubs Selection Attackers 7 Dec '23"
105639821022204,"European Clubs Selection Attackers 7 Dec '23"
105639821025562,"European Clubs Selection Attackers 7 Dec '23"
105639821033411,"European Clubs Selection Attackers 7 Dec '23"
105639821033592,"European Clubs Selection Attackers 7 Dec '23"
105639821035325,"European Clubs Selection Attackers 7 Dec '23"
105639821059844,"European Clubs Selection Attackers 7 Dec '23"
53961969115651,"POTM J1 LEAGUE 7 Dec '23"
53961969123522,"POTM J1 LEAGUE 7 Dec '23"
53961969123527,"POTM J1 LEAGUE 7 Dec '23"
53961969123718,"POTM J1 LEAGUE 7 Dec '23"
53961969231050,"POTM J1 LEAGUE 7 Dec '23"
53961969231072,"POTM J1 LEAGUE 7 Dec '23"
53961969235774,"POTM J1 LEAGUE 7 Dec '23"
53961969242141,"POTM J1 LEAGUE 7 Dec '23"
53961969242459,"POTM J1 LEAGUE 7 Dec '23"
53961969248502,"POTM J1 LEAGUE 7 Dec '23"
53961969265903,"POTM J1 LEAGUE 7 Dec '23"
53962237577011,"POTM Brasileirão Assaí 7 Dec '23"
53962237588738,"POTM Brasileirão Assaí 7 Dec '23"
53962237602601,"POTM Brasileirão Assaí 7 Dec '23"
53962237603931,"POTM Brasileirão Assaí 7 Dec '23"
53962237646879,"POTM Brasileirão Assaí 7 Dec '23"
53962237665817,"POTM Brasileirão Assaí 7 Dec '23"
53962237674443,"POTM Brasileirão Assaí 7 Dec '23"
53962237677341,"POTM Brasileirão Assaí 7 Dec '23"
53962237677947,"POTM Brasileirão Assaí 7 Dec '23"
53962237684264,"POTM Brasileirão Assaí 7 Dec '23"
53962237688213,"POTM Brasileirão Assaí 7 Dec '23"
52850377930650,"POTW European Club Championship 7 Dec '23"
52850377931190,"POTW European Club Championship 7 Dec '23"
52850377931435,"POTW European Club Championship 7 Dec '23"
52850377944028,"POTW European Club Championship 7 Dec '23"
52850377987478,"POTW European Club Championship 7 Dec '23"
52850377993645,"POTW European Club Championship 7 Dec '23"
52850377998456,"POTW European Club Championship 7 Dec '23"
52850378005461,"POTW European Club Championship 7 Dec '23"
52850378016908,"POTW European Club Championship 7 Dec '23"
52850378026174,"POTW European Club Championship 7 Dec '23"
52850378038862,"POTW European Club Championship 7 Dec '23"
52850109464666,"POTW 7 Dec '23"
52850109485496,"POTW 7 Dec '23"
52850109551596,"POTW 7 Dec '23"
52850109551878,"POTW 7 Dec '23"
52850109561257,"POTW 7 Dec '23"
52850109562758,"POTW 7 Dec '23"
52850109568027,"POTW 7 Dec '23"
52850109574528,"POTW 7 Dec '23"
52850109586484,"POTW 7 Dec '23"
52850109595212,"POTW 7 Dec '23"
52850109595268,"POTW 7 Dec '23"
105640089401430,"Italian League Selection 14 Dec '23"
105640089415942,"Italian League Selection 14 Dec '23"
105640089460854,"Italian League Selection 14 Dec '23"
105640089463492,"Italian League Selection 14 Dec '23"
105640089464839,"Italian League Selection 14 Dec '23"
105640089465724,"Italian League Selection 14 Dec '23"
105640089465726,"Italian League Selection 14 Dec '23"
105640089472480,"Italian League Selection 14 Dec '23"
105640089474597,"Italian League Selection 14 Dec '23"
105640089476947,"Italian League Selection 14 Dec '23"
105640089479634,"Italian League Selection 14 Dec '23"
105640357826321,"Spanish League Selection 14 Dec '23"
105640357830778,"Spanish League Selection 14 Dec '23"
105640357830820,"Spanish League Selection 14 Dec '23"
105640357836529,"Spanish League Selection 14 Dec '23"
105640357850574,"Spanish League Selection 14 Dec '23"
105640357898797,"Spanish League Selection 14 Dec '23"
105640357899047,"Spanish League Selection 14 Dec '23"
105640357900480,"Spanish League Selection 14 Dec '23"
105640357908168,"Spanish League Selection 14 Dec '23"
105640357908664,"Spanish League Selection 14 Dec '23"
105640357931957,"Spanish League Selection 14 Dec '23"
105640626268287,"English League Selection 14 Dec '23"
105640626270241,"English League Selection 14 Dec '23"
105640626272002,"English League Selection 14 Dec '23"
105640626339188,"English League Selection 14 Dec '23"
105640626339338,"English League Selection 14 Dec '23"
105640626339358,"English League Selection 14 Dec '23"
105640626340058,"English League Selection 14 Dec '23"
105640626340127,"English League Selection 14 Dec '23"
105640626353451,"English League Selection 14 Dec '23"
105640626356424,"English League Selection 14 Dec '23"
105640626366373,"English League Selection 14 Dec '23"
105641163202700,"English League Selection Attackers 18 Dec '23"
105641163210727,"English League Selection Attackers 18 Dec '23"
105641163213151,"English League Selection Attackers 18 Dec '23"
105641163218056,"English League Selection Attackers 18 Dec '23"
105641163218076,"English League Selection Attackers 18 Dec '23"
105641163223851,"English League Selection Attackers 18 Dec '23"
105641163224505,"English League Selection Attackers 18 Dec '23"
105641163229363,"English League Selection Attackers 18 Dec '23"
105641431568147,"Festive Season Campaign Inter 14 Dec '23"
105641431572151,"Festive Season Campaign Inter 14 Dec '23"
105641431639589,"Festive Season Campaign Inter 14 Dec '23"
105641431646182,"Festive Season Campaign Inter 14 Dec '23"
105641700005603,"Festive Season Campaign AC Milan 14 Dec '23"
105641700078228,"Festive Season Campaign AC Milan 14 Dec '23"
105641700079080,"Festive Season Campaign AC Milan 14 Dec '23"
105641700107308,"Festive Season Campaign AC Milan 14 Dec '23"
106723780071850,"AFC Champions League Selection 25 Dec '23"
106723780170085,"AFC Champions League Selection 25 Dec '23"
106723780168662,"AFC Champions League Selection 25 Dec '23"
105640894676661,"J1 LEAGUE Selection 14 Dec '23"
105640894677060,"J1 LEAGUE Selection 14 Dec '23"
105640894677466,"J1 LEAGUE Selection 14 Dec '23"
105640894771699,"J1 LEAGUE Selection 14 Dec '23"
105640894776005,"J1 LEAGUE Selection 14 Dec '23"
105640894782272,"J1 LEAGUE Selection 14 Dec '23"
105640894782447,"J1 LEAGUE Selection 14 Dec '23"
105640894787857,"J1 LEAGUE Selection 14 Dec '23"
105640894789322,"J1 LEAGUE Selection 14 Dec '23"
88030723575218,"England 1998"
52850646359427,"POTW 14 Dec '23"
52850646359611,"POTW 14 Dec '23"
52850646366637,"POTW 14 Dec '23"
52850646420180,"POTW 14 Dec '23"
52850646422112,"POTW 14 Dec '23"
52850646429970,"POTW 14 Dec '23"
52850646430177,"POTW 14 Dec '23"
52850646433697,"POTW 14 Dec '23"
52850646451320,"POTW 14 Dec '23"
52850646451996,"POTW 14 Dec '23"
52850646467059,"POTW 14 Dec '23"
55061480769601,"POTS Brasileirão Assaí 21 Dec '23"
55061480793485,"POTS Brasileirão Assaí 21 Dec '23"
55061480795934,"POTS Brasileirão Assaí 21 Dec '23"
55061480796170,"POTS Brasileirão Assaí 21 Dec '23"
55061480840018,"POTS Brasileirão Assaí 21 Dec '23"
55061480841991,"POTS Brasileirão Assaí 21 Dec '23"
55061480844652,"POTS Brasileirão Assaí 21 Dec '23"
55061480845114,"POTS Brasileirão Assaí 21 Dec '23"
55061480845279,"POTS Brasileirão Assaí 21 Dec '23"
55061480852259,"POTS Brasileirão Assaí 21 Dec '23"
55061480879297,"POTS Brasileirão Assaí 21 Dec '23"
105641968435039,"Süper Lig Selection 21 Dec '23"
105641968439159,"Süper Lig Selection 21 Dec '23"
105641968444810,"Süper Lig Selection 21 Dec '23"
105641968463161,"Süper Lig Selection 21 Dec '23"
105641968510561,"Süper Lig Selection 21 Dec '23"
105641968513109,"Süper Lig Selection 21 Dec '23"
105641968522856,"Süper Lig Selection 21 Dec '23"
105641968522887,"Süper Lig Selection 21 Dec '23"
105641968523415,"Süper Lig Selection 21 Dec '23"
105641968523518,"Süper Lig Selection 21 Dec '23"
105641968534491,"Süper Lig Selection 21 Dec '23"
106724031764588,"2023 J.LEAGUE AWARDS"
106724031832120,"2023 J.LEAGUE AWARDS"
106724031786329,"2023 J.LEAGUE AWARDS"
106724031840041,"2023 J.LEAGUE AWARDS"
106724300200044,"J.LEAGUE Monthly MVPs Nov & Dec '23"
106724300177886,"J.LEAGUE Monthly MVPs Nov & Dec '23"
106724300177846,"J.LEAGUE Monthly MVPs Nov & Dec '23"
106724300294801,"J.LEAGUE Monthly MVPs Nov & Dec '23"
105647068843182,"Collaboration Campaign 25 Jan '24"
105647068843183,"Collaboration Campaign 25 Jan '24"
105647337278640,"Collaboration Campaign 25 Jan '24"
105647337278641,"Collaboration Campaign 25 Jan '24"
52851183224843,"POTW European Club Championship 21 Dec '23"
52851183227122,"POTW European Club Championship 21 Dec '23"
52851183293535,"POTW European Club Championship 21 Dec '23"
52851183297785,"POTW European Club Championship 21 Dec '23"
52851183299092,"POTW European Club Championship 21 Dec '23"
52851183306671,"POTW European Club Championship 21 Dec '23"
52851183307945,"POTW European Club Championship 21 Dec '23"
52851183316911,"POTW European Club Championship 21 Dec '23"
52851183317074,"POTW European Club Championship 21 Dec '23"
52851183322921,"POTW European Club Championship 21 Dec '23"
52851183342139,"POTW European Club Championship 21 Dec '23"
89131577367509,"Big Time 8 Oct '23"
89131577378214,"Big Time 8 Oct '23"
89131577360202,"Big Time 8 Oct '23"
89131845721409,"Big Time 25 May '22"
89131845789248,"Big Time 25 May '22"
89131845794218,"Big Time 5 May '22"
89131845744672,"Big Time 25 May '22"
88030992010711,"Shonan Bellmare 1997"
88031260446148,"Atalanta BC 96-97"
88031528881604,"AC Milan 02-03"
88030992010715,"FC Barcelona 93-94"
88030992010749,"Madrid Chamartin B 13-14"
88030992010761,"Internazionale Milano 05-06"
88030992043285,"AC Milan 97-98"
88030991876904,"Arsenal FC 01-02"
88030991876915,"Arsenal FC 90-91"
88030991989501,"Liverpool R 18-19"
88030992010734,"Kashima Antlers 1993"
88030991876305,"Jubilo Iwata 2002"
88030992010677,"Madrid Chamartin B 00-01"
88030992010688,"FC Barcelona 01-02"
88030992010723,"FC Barcelona 01-02"
88030991880157,"AC Milan 07-08"
88030991991977,"SS Lazio 99-00"
88030991881014,"Madrid Chamartin B 07-08"
88030992010694,"Arsenal FC 11-12"
88030992010693,"Piemonte BN 02-03"
88030991876148,"Urawa Reds 2006"
52850914788658,"POTW 21 Dec '23"
52850914854784,"POTW 21 Dec '23"
52850914866364,"POTW 21 Dec '23"
52850914872834,"POTW 21 Dec '23"
52850914877020,"POTW 21 Dec '23"
52850914878281,"POTW 21 Dec '23"
52850914880670,"POTW 21 Dec '23"
52850914883280,"POTW 21 Dec '23"
52850914883348,"POTW 21 Dec '23"
52850914892716,"POTW 21 Dec '23"
52850914911358,"POTW 21 Dec '23"
105642505310114,"Mid-season MVPs 4 Jan '24"
105642505315660,"Mid-season MVPs 4 Jan '24"
105642505334082,"Mid-season MVPs 4 Jan '24"
105642505376103,"Mid-season MVPs 4 Jan '24"
105642505382303,"Mid-season MVPs 4 Jan '24"
105642505383647,"Mid-season MVPs 4 Jan '24"
105642505389826,"Mid-season MVPs 4 Jan '24"
105642505398154,"Mid-season MVPs 4 Jan '24"
105642505400068,"Mid-season MVPs 4 Jan '24"
105642505424851,"Mid-season MVPs 4 Jan '24"
105642773754393,"Liga BBVA MX Selection 28 Dec '23"
105642773754477,"Liga BBVA MX Selection 28 Dec '23"
105642773822854,"Liga BBVA MX Selection 28 Dec '23"
105642773827223,"Liga BBVA MX Selection 28 Dec '23"
105642773827566,"Liga BBVA MX Selection 28 Dec '23"
105642773827587,"Liga BBVA MX Selection 28 Dec '23"
105642773827602,"Liga BBVA MX Selection 28 Dec '23"
105642773827685,"Liga BBVA MX Selection 28 Dec '23"
105642773831137,"Liga BBVA MX Selection 28 Dec '23"
105642773856633,"Liga BBVA MX Selection 28 Dec '23"
105642773866302,"Liga BBVA MX Selection 28 Dec '23"
105643042182376,"Spanish League Selection Attackers 1 Jan '24"
105643042189511,"Spanish League Selection Attackers 1 Jan '24"
105643042191135,"Spanish League Selection Attackers 1 Jan '24"
105643042191561,"Spanish League Selection Attackers 1 Jan '24"
105643042204094,"Spanish League Selection Attackers 1 Jan '24"
105643042252526,"Spanish League Selection Attackers 1 Jan '24"
105643042258822,"Spanish League Selection Attackers 1 Jan '24"
105643042284608,"Spanish League Selection Attackers 1 Jan '24"
105643310623701,"Italian League Selection Guardians 8 Jan '24"
105643310682552,"Italian League Selection Guardians 8 Jan '24"
105643310684197,"Italian League Selection Guardians 8 Jan '24"
105643310686383,"Italian League Selection Guardians 8 Jan '24"
105643310691698,"Italian League Selection Guardians 8 Jan '24"
105643310694810,"Italian League Selection Guardians 8 Jan '24"
105643310698028,"Italian League Selection Guardians 8 Jan '24"
105643310715213,"Italian League Selection Guardians 8 Jan '24"
105643579031511,"J1 LEAGUE Selection 28 Dec '23"
105643579031577,"J1 LEAGUE Selection 28 Dec '23"
105643579032019,"J1 LEAGUE Selection 28 Dec '23"
105643579062297,"J1 LEAGUE Selection 28 Dec '23"
105643579136933,"J1 LEAGUE Selection 28 Dec '23"
105643579150364,"J1 LEAGUE Selection 28 Dec '23"
105643579150430,"J1 LEAGUE Selection 28 Dec '23"
105643579150641,"J1 LEAGUE Selection 28 Dec '23"
105643579156245,"J1 LEAGUE Selection 28 Dec '23"
105643847465721,"2023 J.LEAGUE AWARDS"
105643847489650,"2023 J.LEAGUE AWARDS"
105643847489655,"2023 J.LEAGUE AWARDS"
105643847511891,"2023 J.LEAGUE AWARDS"
105643847555408,"2023 J.LEAGUE AWARDS"
105643847573161,"2023 J.LEAGUE AWARDS"
105643847586138,"2023 J.LEAGUE AWARDS"
105643847590339,"2023 J.LEAGUE AWARDS"
105643847610622,"2023 J.LEAGUE AWARDS"
53962506024493,"POTM Süper Lig 4 Jan '24"
53962506078121,"POTM Süper Lig 4 Jan '24"
53962506081805,"POTM Süper Lig 4 Jan '24"
53962506088757,"POTM Süper Lig 4 Jan '24"
53962506091794,"POTM Süper Lig 4 Jan '24"
53962506091944,"POTM Süper Lig 4 Jan '24"
53962506101432,"POTM Süper Lig 4 Jan '24"
53962506108863,"POTM Süper Lig 4 Jan '24"
53962506109275,"POTM Süper Lig 4 Jan '24"
53962506118410,"POTM Süper Lig 4 Jan '24"
53962506143726,"POTM Süper Lig 4 Jan '24"
88030991880864,"Internazionale Milano 09-10"
52851451682595,"POTW 28 Dec '23"
52851451685713,"POTW 28 Dec '23"
52851451728592,"POTW 28 Dec '23"
52851451730152,"POTW 28 Dec '23"
52851451733568,"POTW 28 Dec '23"
52851451733852,"POTW 28 Dec '23"
52851451736190,"POTW 28 Dec '23"
52851451736679,"POTW 28 Dec '23"
52851451752086,"POTW 28 Dec '23"
52851451763238,"POTW 28 Dec '23"
52851451774456,"POTW 28 Dec '23"
105647874029000,"English League Selection Midfielders 15 Jan '24"
105647874085868,"English League Selection Midfielders 15 Jan '24"
105647874091215,"English League Selection Midfielders 15 Jan '24"
105647874091448,"English League Selection Midfielders 15 Jan '24"
105647874097399,"English League Selection Midfielders 15 Jan '24"
105647874105689,"English League Selection Midfielders 15 Jan '24"
105647874105767,"English League Selection Midfielders 15 Jan '24"
105647874111833,"English League Selection Midfielders 15 Jan '24"
105648142451105,"FC Bayern München Selection 15 Jan '24"
105648142460165,"FC Bayern München Selection 15 Jan '24"
105648142465207,"FC Bayern München Selection 15 Jan '24"
105648142478300,"FC Bayern München Selection 15 Jan '24"
105648142478804,"FC Bayern München Selection 15 Jan '24"
105648142532025,"FC Bayern München Selection 15 Jan '24"
105648142534575,"FC Bayern München Selection 15 Jan '24"
105648142535686,"FC Bayern München Selection 15 Jan '24"
105648142565375,"FC Bayern München Selection 15 Jan '24"
105644183011418,"AFC Asian Cup Selection Japan Jan '24"
105644183011672,"AFC Asian Cup Selection Japan Jan '24"
105644183011744,"AFC Asian Cup Selection Japan Jan '24"
105644183056215,"AFC Asian Cup Selection Japan Jan '24"
105644183100933,"AFC Asian Cup Selection Japan Jan '24"
105644183110606,"AFC Asian Cup Selection Japan Jan '24"
105644183116804,"AFC Asian Cup Selection Japan Jan '24"
105644183116808,"AFC Asian Cup Selection Japan Jan '24"
105644183117482,"AFC Asian Cup Selection Japan Jan '24"
105644183121804,"AFC Asian Cup Selection Japan Jan '24"
105644183127923,"AFC Asian Cup Selection Japan Jan '24"
105644451446371,"AFC Asian Cup Selection Republic of Korea Jan '24"
105644451446976,"AFC Asian Cup Selection Republic of Korea Jan '24"
105644451473463,"AFC Asian Cup Selection Republic of Korea Jan '24"
105644451488964,"AFC Asian Cup Selection Republic of Korea Jan '24"
105644451491814,"AFC Asian Cup Selection Republic of Korea Jan '24"
105644451495335,"AFC Asian Cup Selection Republic of Korea Jan '24"
105644451546694,"AFC Asian Cup Selection Republic of Korea Jan '24"
105644451552860,"AFC Asian Cup Selection Republic of Korea Jan '24"
105644451560174,"AFC Asian Cup Selection Republic of Korea Jan '24"
105644451566150,"AFC Asian Cup Selection Republic of Korea Jan '24"
105644451566265,"AFC Asian Cup Selection Republic of Korea Jan '24"
105644719906661,"AFC Asian Cup Selection China Jan '24"
105644719926379,"AFC Asian Cup Selection China Jan '24"
105644719927300,"AFC Asian Cup Selection China Jan '24"
105644719930651,"AFC Asian Cup Selection China Jan '24"
105644719968441,"AFC Asian Cup Selection China Jan '24"
105644719977449,"AFC Asian Cup Selection China Jan '24"
105644719977481,"AFC Asian Cup Selection China Jan '24"
105644719981461,"AFC Asian Cup Selection China Jan '24"
105644719985057,"AFC Asian Cup Selection China Jan '24"
105644719985067,"AFC Asian Cup Selection China Jan '24"
105644719991996,"AFC Asian Cup Selection China Jan '24"
105644988423854,"AFC Asian Cup Selection Hong Kong Jan '24"
105644988446446,"AFC Asian Cup Selection Hong Kong Jan '24"
105644988446454,"AFC Asian Cup Selection Hong Kong Jan '24"
105644988447612,"AFC Asian Cup Selection Hong Kong Jan '24"
105644988456124,"AFC Asian Cup Selection Hong Kong Jan '24"
105644988464481,"AFC Asian Cup Selection Hong Kong Jan '24"
105644988464493,"AFC Asian Cup Selection Hong Kong Jan '24"
105644988464494,"AFC Asian Cup Selection Hong Kong Jan '24"
105644988466476,"AFC Asian Cup Selection Hong Kong Jan '24"
105644988467419,"AFC Asian Cup Selection Hong Kong Jan '24"
105644988467422,"AFC Asian Cup Selection Hong Kong Jan '24"
105645256783500,"AFC Asian Cup Selection Malaysia Jan '24"
105645256850008,"AFC Asian Cup Selection Malaysia Jan '24"
105645256866596,"AFC Asian Cup Selection Malaysia Jan '24"
105645256866597,"AFC Asian Cup Selection Malaysia Jan '24"
105645256866611,"AFC Asian Cup Selection Malaysia Jan '24"
105645256866612,"AFC Asian Cup Selection Malaysia Jan '24"
105645256872552,"AFC Asian Cup Selection Malaysia Jan '24"
105645256882209,"AFC Asian Cup Selection Malaysia Jan '24"
105645256893066,"AFC Asian Cup Selection Malaysia Jan '24"
105645256893069,"AFC Asian Cup Selection Malaysia Jan '24"
105645256893071,"AFC Asian Cup Selection Malaysia Jan '24"
105645525325599,"AFC Asian Cup Selection Indonesia Jan '24"
105645525328529,"AFC Asian Cup Selection Indonesia Jan '24"
105645525328531,"AFC Asian Cup Selection Indonesia Jan '24"
105645525328532,"AFC Asian Cup Selection Indonesia Jan '24"
105645525328533,"AFC Asian Cup Selection Indonesia Jan '24"
105645525328534,"AFC Asian Cup Selection Indonesia Jan '24"
105645525328535,"AFC Asian Cup Selection Indonesia Jan '24"
105645525328536,"AFC Asian Cup Selection Indonesia Jan '24"
105645525328537,"AFC Asian Cup Selection Indonesia Jan '24"
105645525328541,"AFC Asian Cup Selection Indonesia Jan '24"
105645525328548,"AFC Asian Cup Selection Indonesia Jan '24"
105645793654732,"AFC Asian Cup Selection India Jan '24"
105645793755338,"AFC Asian Cup Selection India Jan '24"
105645793755340,"AFC Asian Cup Selection India Jan '24"
105645793755342,"AFC Asian Cup Selection India Jan '24"
105645793755347,"AFC Asian Cup Selection India Jan '24"
105645793755348,"AFC Asian Cup Selection India Jan '24"
105645793755349,"AFC Asian Cup Selection India Jan '24"
105646062087494,"AFC Asian Cup Selection Iraq Jan '24"
105646062089107,"AFC Asian Cup Selection Iraq Jan '24"
105646062103119,"AFC Asian Cup Selection Iraq Jan '24"
105646062155455,"AFC Asian Cup Selection Iraq Jan '24"
105646062159424,"AFC Asian Cup Selection Iraq Jan '24"
105646062166489,"AFC Asian Cup Selection Iraq Jan '24"
105646062166492,"AFC Asian Cup Selection Iraq Jan '24"
105646062179989,"AFC Asian Cup Selection Iraq Jan '24"
105646062188563,"AFC Asian Cup Selection Iraq Jan '24"
105646062188571,"AFC Asian Cup Selection Iraq Jan '24"
105646062197256,"AFC Asian Cup Selection Iraq Jan '24"
105646330524663,"AFC Asian Cup Selection Saudi Arabia Jan '24"
105646330535687,"AFC Asian Cup Selection Saudi Arabia Jan '24"
105646330535689,"AFC Asian Cup Selection Saudi Arabia Jan '24"
105646330537504,"AFC Asian Cup Selection Saudi Arabia Jan '24"
105646330538469,"AFC Asian Cup Selection Saudi Arabia Jan '24"
105646330543503,"AFC Asian Cup Selection Saudi Arabia Jan '24"
105646330601026,"AFC Asian Cup Selection Saudi Arabia Jan '24"
105646330601173,"AFC Asian Cup Selection Saudi Arabia Jan '24"
105646330608286,"AFC Asian Cup Selection Saudi Arabia Jan '24"
105646330614320,"AFC Asian Cup Selection Saudi Arabia Jan '24"
105646330623637,"AFC Asian Cup Selection Saudi Arabia Jan '24"
105646598951862,"AFC Asian Cup Selection Thailand Jan '24"
105646598972543,"AFC Asian Cup Selection Thailand Jan '24"
105646598974026,"AFC Asian Cup Selection Thailand Jan '24"
105646598977504,"AFC Asian Cup Selection Thailand Jan '24"
105646599019034,"AFC Asian Cup Selection Thailand Jan '24"
105646599019037,"AFC Asian Cup Selection Thailand Jan '24"
105646599036543,"AFC Asian Cup Selection Thailand Jan '24"
105646599037434,"AFC Asian Cup Selection Thailand Jan '24"
105646599039132,"AFC Asian Cup Selection Thailand Jan '24"
105646599039571,"AFC Asian Cup Selection Thailand Jan '24"
105646599039603,"AFC Asian Cup Selection Thailand Jan '24"
89132114282487,"Big Time 28 Nov '99"
89132114118399,"Big Time 3 Dec '00"
89132114282488,"Big Time 21 Dec '97"
52851720118051,"POTW 11 Jan '24"
52851720165605,"POTW 11 Jan '24"
52851720171743,"POTW 11 Jan '24"
52851720172180,"POTW 11 Jan '24"
52851720174914,"POTW 11 Jan '24"
52851720175763,"POTW 11 Jan '24"
52851720177158,"POTW 11 Jan '24"
52851720179168,"POTW 11 Jan '24"
52851720180459,"POTW 11 Jan '24"
52851720182920,"POTW 11 Jan '24"
52851720186659,"POTW 11 Jan '24"
52851720188985,"POTW 11 Jan '24"
105646800277946,"Süper Lig Selection 18 Jan '24"
105646800283719,"Süper Lig Selection 18 Jan '24"
105646800284308,"Süper Lig Selection 18 Jan '24"
105646800300400,"Süper Lig Selection 18 Jan '24"
105646800343200,"Süper Lig Selection 18 Jan '24"
105646800349564,"Süper Lig Selection 18 Jan '24"
105646800359117,"Süper Lig Selection 18 Jan '24"
105646800361816,"Süper Lig Selection 18 Jan '24"
105646800366975,"Süper Lig Selection 18 Jan '24"
105646800372787,"Süper Lig Selection 18 Jan '24"
105646800378268,"Süper Lig Selection 18 Jan '24"
105653511161138,"Spanish League Selection Midfielders 22 Jan '24"
105653511172985,"Spanish League Selection Midfielders 22 Jan '24"
105653511174301,"Spanish League Selection Midfielders 22 Jan '24"
105653511184390,"Spanish League Selection Midfielders 22 Jan '24"
105653511187667,"Spanish League Selection Midfielders 22 Jan '24"
105653511187569,"Spanish League Selection Midfielders 22 Jan '24"
105653511241338,"Spanish League Selection Midfielders 22 Jan '24"
105653511258374,"Spanish League Selection Midfielders 22 Jan '24"
106724568638035,"Liga BBVA MX Selection 25 Jan '24"
106724568710537,"Liga BBVA MX Selection 25 Jan '24"
106724568715360,"Liga BBVA MX Selection 25 Jan '24"
106724568715499,"Liga BBVA MX Selection 25 Jan '24"
52851988534875,"POTW 18 Jan '24"
52851988540763,"POTW 18 Jan '24"
52851988599996,"POTW 18 Jan '24"
52851988604663,"POTW 18 Jan '24"
52851988605041,"POTW 18 Jan '24"
52851988607035,"POTW 18 Jan '24"
52851988611037,"POTW 18 Jan '24"
52851988613431,"POTW 18 Jan '24"
52851988616262,"POTW 18 Jan '24"
52851988634540,"POTW 18 Jan '24"
52851988643616,"POTW 18 Jan '24"
52851988649521,"POTW 18 Jan '24"
105647605587130,"Italian League Selection Attackers 29 Jan '24"
105647605588074,"Italian League Selection Attackers 29 Jan '24"
105647605655077,"Italian League Selection Attackers 29 Jan '24"
105647605661632,"Italian League Selection Attackers 29 Jan '24"
105647605669724,"Italian League Selection Attackers 29 Jan '24"
105647605674066,"Italian League Selection Attackers 29 Jan '24"
105647605674207,"Italian League Selection Attackers 29 Jan '24"
105647605679224,"Italian League Selection Attackers 29 Jan '24"
89132651030189,"Big Time 26 Feb '23"
89132651102396,"Big Time 8 Mar '20"
89132651035231,"Big Time 12 Sep '15"
89132651028391,"Big Time 4 Sep '22"
89132382660721,"Big Time 24 May '23"
89132382653161,"Big Time 21 Aug '21"
89132382592939,"Big Time 11 May '22"
89132382592000,"Big Time 10 May '23"
105648410891291,"Liga BBVA MX Selection 25 Jan '24"
105648410893559,"Liga BBVA MX Selection 25 Jan '24"
105648410895548,"Liga BBVA MX Selection 25 Jan '24"
105648410900004,"Liga BBVA MX Selection 25 Jan '24"
105648410971023,"Liga BBVA MX Selection 25 Jan '24"
105648410972271,"Liga BBVA MX Selection 25 Jan '24"
105648410972303,"Liga BBVA MX Selection 25 Jan '24"
105648411001159,"Liga BBVA MX Selection 25 Jan '24"
52852256989193,"POTW 25 Jan '24"
52852256992603,"POTW 25 Jan '24"
52852257040073,"POTW 25 Jan '24"
52852257043047,"POTW 25 Jan '24"
52852257043326,"POTW 25 Jan '24"
52852257048311,"POTW 25 Jan '24"
52852257048591,"POTW 25 Jan '24"
52852257053845,"POTW 25 Jan '24"
52852257055869,"POTW 25 Jan '24"
52852257060290,"POTW 25 Jan '24"
52852257072070,"POTW 25 Jan '24"
52852257076758,"POTW 25 Jan '24"
105648947849284,"Golden Boys 1 Feb '24"
105648947851052,"Golden Boys 1 Feb '24"
105648947852309,"Golden Boys 1 Feb '24"
105648947852366,"Golden Boys 1 Feb '24"
105648947857589,"Golden Boys 1 Feb '24"
105648947860472,"Golden Boys 1 Feb '24"
105648947868428,"Golden Boys 1 Feb '24"
105648947878097,"Golden Boys 1 Feb '24"
105648947878505,"Golden Boys 1 Feb '24"
105648947883608,"Golden Boys 1 Feb '24"
105649216198917,"Brazil Selection 1 Feb '24"
105649216223218,"Brazil Selection 1 Feb '24"
105649216273269,"Brazil Selection 1 Feb '24"
105649216274077,"Brazil Selection 1 Feb '24"
105649216275955,"Brazil Selection 1 Feb '24"
105649216279275,"Brazil Selection 1 Feb '24"
105649216288765,"Brazil Selection 1 Feb '24"
105649216299944,"Brazil Selection 1 Feb '24"
105649484658977,"National Teams Selection Guardians 5 Feb '24"
105649484699917,"National Teams Selection Guardians 5 Feb '24"
105649484704326,"National Teams Selection Guardians 5 Feb '24"
105649484704829,"National Teams Selection Guardians 5 Feb '24"
105649484709229,"National Teams Selection Guardians 5 Feb '24"
105649484713221,"National Teams Selection Guardians 5 Feb '24"
105649484722007,"National Teams Selection Guardians 5 Feb '24"
105649484728794,"National Teams Selection Guardians 5 Feb '24"
105649753077667,"AC Milan Selection 5 Feb '24"
105649753091103,"AC Milan Selection 5 Feb '24"
105649753141908,"AC Milan Selection 5 Feb '24"
105649753142146,"AC Milan Selection 5 Feb '24"
105649753148930,"AC Milan Selection 5 Feb '24"
105649753150534,"AC Milan Selection 5 Feb '24"
105649753152661,"AC Milan Selection 5 Feb '24"
105649753157714,"AC Milan Selection 5 Feb '24"
105649753170988,"AC Milan Selection 5 Feb '24"
105650021506464,"Carnival Campaign 1 Feb '24"
105650021510101,"Carnival Campaign 1 Feb '24"
105650021512105,"Carnival Campaign 1 Feb '24"
105650021577520,"Carnival Campaign 1 Feb '24"
105650021577534,"Carnival Campaign 1 Feb '24"
105650021580635,"Carnival Campaign 1 Feb '24"
53962774449908,"POTM Liga BBVA MX 1 Feb '24"
53962774453031,"POTM Liga BBVA MX 1 Feb '24"
53962774518702,"POTM Liga BBVA MX 1 Feb '24"
53962774532230,"POTM Liga BBVA MX 1 Feb '24"
53962774543568,"POTM Liga BBVA MX 1 Feb '24"
53962774558025,"POTM Liga BBVA MX 1 Feb '24"
53962774561098,"POTM Liga BBVA MX 1 Feb '24"
53962774561210,"POTM Liga BBVA MX 1 Feb '24"
53962774570827,"POTM Liga BBVA MX 1 Feb '24"
53962774572856,"POTM Liga BBVA MX 1 Feb '24"
53962774577790,"POTM Liga BBVA MX 1 Feb '24"
52852525404066,"POTW 1 Feb '24"
52852525408378,"POTW 1 Feb '24"
52852525412145,"POTW 1 Feb '24"
52852525414533,"POTW 1 Feb '24"
52852525472048,"POTW 1 Feb '24"
52852525478134,"POTW 1 Feb '24"
52852525481312,"POTW 1 Feb '24"
52852525497257,"POTW 1 Feb '24"
52852525500387,"POTW 1 Feb '24"
52852525500766,"POTW 1 Feb '24"
52852525522596,"POTW 1 Feb '24"
105650558383690,"Spanish League Selection Attackers 12 Feb '24"
105650558395864,"Spanish League Selection Attackers 12 Feb '24"
105650558398173,"Spanish League Selection Attackers 12 Feb '24"
105650558440636,"Spanish League Selection Attackers 12 Feb '24"
105650558456001,"Spanish League Selection Attackers 12 Feb '24"
105650558463360,"Spanish League Selection Attackers 12 Feb '24"
105650558471498,"Spanish League Selection Attackers 12 Feb '24"
105650558475686,"Spanish League Selection Attackers 12 Feb '24"
105650826807293,"Internazionale Milano Selection 12 Feb '24"
105650826809198,"Internazionale Milano Selection 12 Feb '24"
105650826813111,"Internazionale Milano Selection 12 Feb '24"
105650826817156,"Internazionale Milano Selection 12 Feb '24"
105650826817873,"Internazionale Milano Selection 12 Feb '24"
105650826877232,"Internazionale Milano Selection 12 Feb '24"
105650826880549,"Internazionale Milano Selection 12 Feb '24"
105650826895187,"Internazionale Milano Selection 12 Feb '24"
105650826913493,"Internazionale Milano Selection 12 Feb '24"
105650289946169,"Süper Lig Selection 8 Feb '24"
105650289946180,"Süper Lig Selection 8 Feb '24"
105650289948394,"Süper Lig Selection 8 Feb '24"
105650289948617,"Süper Lig Selection 8 Feb '24"
105650289958593,"Süper Lig Selection 8 Feb '24"
105650290008332,"Süper Lig Selection 8 Feb '24"
105650290014907,"Süper Lig Selection 8 Feb '24"
105650290022637,"Süper Lig Selection 8 Feb '24"
105650290025825,"Süper Lig Selection 8 Feb '24"
105650290047792,"Süper Lig Selection 8 Feb '24"
52852793842754,"POTW 8 Feb '24"
52852793850281,"POTW 8 Feb '24"
52852793862210,"POTW 8 Feb '24"
52852793902976,"POTW 8 Feb '24"
52852793902998,"POTW 8 Feb '24"
52852793906172,"POTW 8 Feb '24"
52852793910438,"POTW 8 Feb '24"
52852793917560,"POTW 8 Feb '24"
52852793922283,"POTW 8 Feb '24"
52852793931472,"POTW 8 Feb '24"
52852793957615,"POTW 8 Feb '24"
105651363686468,"English League Selection Guardians 19 Feb '24"
105651363743691,"English League Selection Guardians 19 Feb '24"
105651363752971,"English League Selection Guardians 19 Feb '24"
105651363753264,"English League Selection Guardians 19 Feb '24"
105651363758272,"English League Selection Guardians 19 Feb '24"
105651363769737,"English League Selection Guardians 19 Feb '24"
105651363775584,"English League Selection Guardians 19 Feb '24"
105651363783957,"English League Selection Guardians 19 Feb '24"
106726447748898,"Show Time 13 Jun '24"
106726447781672,"Show Time 13 Jun '24"
106726447777829,"Show Time 13 Jun '24"
106726716084650,"Show Time 1 Aug '24"
52853062340626,"POTW 15 Feb '24"
52853062343012,"POTW 15 Feb '24"
52853062344972,"POTW 15 Feb '24"
52853062347167,"POTW 15 Feb '24"
52853062349460,"POTW 15 Feb '24"
52853062349692,"POTW 15 Feb '24"
52853062352870,"POTW 15 Feb '24"
52853062355257,"POTW 15 Feb '24"
52853062363935,"POTW 15 Feb '24"
52853062371141,"POTW 15 Feb '24"
52853062371751,"POTW 15 Feb '24"
105651900530404,"J1 LEAGUE Selection 22 Feb '24"
105651900531030,"J1 LEAGUE Selection 22 Feb '24"
105651900561407,"J1 LEAGUE Selection 22 Feb '24"
105651900622248,"J1 LEAGUE Selection 22 Feb '24"
105651900635922,"J1 LEAGUE Selection 22 Feb '24"
105651900636028,"J1 LEAGUE Selection 22 Feb '24"
105651900636160,"J1 LEAGUE Selection 22 Feb '24"
105651900638431,"J1 LEAGUE Selection 22 Feb '24"
105651900642654,"J1 LEAGUE Selection 22 Feb '24"
105651900643082,"J1 LEAGUE Selection 22 Feb '24"
105652168989696,"Italian League Selection Midfielders 26 Feb '24"
105652168996624,"Italian League Selection Midfielders 26 Feb '24"
105652169011768,"Italian League Selection Midfielders 26 Feb '24"
105652169057258,"Italian League Selection Midfielders 26 Feb '24"
105652169060317,"Italian League Selection Midfielders 26 Feb '24"
105652169064398,"Italian League Selection Midfielders 26 Feb '24"
105652169071174,"Italian League Selection Midfielders 26 Feb '24"
105652169090300,"Italian League Selection Midfielders 26 Feb '24"
88031797317071,"CR Vasco da Gama 2000"
88031797317069,"SE Palmeiras 1996"
88031797188801,"FC Bayern München 12-13"
88031797183387,"Piemonte BN 01-02"
88031797183431,"AC Milan 93-94"
88031797197514,"Leicester B 15-16"
88031797317109,"Manchester United FC 63-64"
88031797198272,"Urawa Reds 2023"
88031797182714,"Gamba Osaka 2008"
88031797186537,"FC Barcelona 10-11"
88031797186222,"Madrid Chamartin B 09-10"
88031797317097,"AC Milan 91-92"
88031797189908,"Valencia BN 05-06"
88031797320416,"Piemonte BN 01-02"
89132919465292,"Big Time 15 Jul '18"
89133187865943,"Big Time 10 Jul '21"
88031797182536,"Japan 2010"
88031797182741,"Japan 2010"
88031797182784,"Japan 2010"
88031797191593,"France 2006"
88031797317111,"Uruguay 2010"
88031797186672,"Spain 2008"
88031797183316,"Spain 2010"
88031797317058,"Italy 1990"
88031797317049,"Spain 2010"
88031797182492,"Kashima Antlers 2000"
52853330718504,"POTW 22 Feb '24"
52853330735384,"POTW 22 Feb '24"
52853330776672,"POTW 22 Feb '24"
52853330777068,"POTW 22 Feb '24"
52853330778381,"POTW 22 Feb '24"
52853330791037,"POTW 22 Feb '24"
52853330795528,"POTW 22 Feb '24"
52853330796371,"POTW 22 Feb '24"
52853330798503,"POTW 22 Feb '24"
52853330808702,"POTW 22 Feb '24"
52853330814885,"POTW 22 Feb '24"
105651632095425,"J.LEAGUE Selection 29 Feb '24"
105651632095194,"J.LEAGUE Selection 29 Feb '24"
105651632205235,"J.LEAGUE Selection 29 Feb '24"
105651632095498,"J.LEAGUE Selection 29 Feb '24"
105651632218522,"J.LEAGUE Selection 29 Feb '24"
105651632211180,"J.LEAGUE Selection 29 Feb '24"
105651632200502,"J.LEAGUE Selection 29 Feb '24"
105651632231746,"J.LEAGUE Selection 29 Feb '24"
105651632140121,"J.LEAGUE Selection 29 Feb '24"
105651632204396,"J.LEAGUE Selection 29 Feb '24"
105651632180216,"J.LEAGUE Selection 29 Feb '24"
105651632081337,"J.LEAGUE Selection 29 Feb '24"
105651632203069,"J.LEAGUE Selection 29 Feb '24"
105651632200480,"J.LEAGUE Selection 29 Feb '24"
105651632140114,"J.LEAGUE Selection 29 Feb '24"
105651632190060,"J.LEAGUE Selection 29 Feb '24"
105651632184826,"J.LEAGUE Selection 29 Feb '24"
105651632205748,"J.LEAGUE Selection 29 Feb '24"
105651632200507,"J.LEAGUE Selection 29 Feb '24"
105651632219925,"J.LEAGUE Selection 29 Feb '24"
105651632214150,"J.LEAGUE Selection 29 Feb '24"
105651632204133,"J.LEAGUE Selection 29 Feb '24"
105651632214361,"J.LEAGUE Selection 29 Feb '24"
105651632208334,"J.LEAGUE Selection 29 Feb '24"
105651632231794,"J.LEAGUE Selection 29 Feb '24"
105651632234527,"J.LEAGUE Selection 29 Feb '24"
105651632200760,"J.LEAGUE Selection 29 Feb '24"
105651632180616,"J.LEAGUE Selection 29 Feb '24"
105651632095210,"J.LEAGUE Selection 29 Feb '24"
105651632139987,"J.LEAGUE Selection 29 Feb '24"
105651632095473,"J.LEAGUE Selection 29 Feb '24"
105651632095312,"J.LEAGUE Selection 29 Feb '24"
105651632226119,"J.LEAGUE Selection 29 Feb '24"
105651632209390,"J.LEAGUE Selection 29 Feb '24"
105651632095324,"J.LEAGUE Selection 29 Feb '24"
105651632207550,"J.LEAGUE Selection 29 Feb '24"
105651632200498,"J.LEAGUE Selection 29 Feb '24"
105651632222038,"J.LEAGUE Selection 29 Feb '24"
105651632221616,"J.LEAGUE Selection 29 Feb '24"
105651632229929,"J.LEAGUE Selection 29 Feb '24"
105652705859859,"Korean League Selection 29 Feb '24"
105652705866158,"Korean League Selection 29 Feb '24"
105652705867105,"Korean League Selection 29 Feb '24"
105652705883809,"Korean League Selection 29 Feb '24"
105652705944065,"Korean League Selection 29 Feb '24"
105652705949821,"Korean League Selection 29 Feb '24"
105652705950449,"Korean League Selection 29 Feb '24"
105652705966025,"Korean League Selection 29 Feb '24"
105652705983480,"Korean League Selection 29 Feb '24"
105652705985831,"Korean League Selection 29 Feb '24"
105652705986784,"Korean League Selection 29 Feb '24"
105652974316574,"European Clubs Selection Attackers 4 Mar '24"
105652974364328,"European Clubs Selection Attackers 4 Mar '24"
105652974378856,"European Clubs Selection Attackers 4 Mar '24"
105652974377878,"European Clubs Selection Attackers 4 Mar '24"
105652974389071,"European Clubs Selection Attackers 4 Mar '24"
105652974389598,"European Clubs Selection Attackers 4 Mar '24"
105652974389781,"European Clubs Selection Attackers 4 Mar '24"
105652974409937,"European Clubs Selection Attackers 4 Mar '24"
105653242739572,"Liga BBVA MX Selection 29 Feb '24"
105653242750849,"Liga BBVA MX Selection 29 Feb '24"
105653242794904,"Liga BBVA MX Selection 29 Feb '24"
105653242798875,"Liga BBVA MX Selection 29 Feb '24"
105653242808432,"Liga BBVA MX Selection 29 Feb '24"
105653242811427,"Liga BBVA MX Selection 29 Feb '24"
105653242837336,"Liga BBVA MX Selection 29 Feb '24"
105653242839448,"Liga BBVA MX Selection 29 Feb '24"
105653242839483,"Liga BBVA MX Selection 29 Feb '24"
105653242846187,"Liga BBVA MX Selection 29 Feb '24"
105653242846222,"Liga BBVA MX Selection 29 Feb '24"
106725105514029,"Trendyol Süper Lig Selection 7 Mar '24"
106725105581480,"Trendyol Süper Lig Selection 7 Mar '24"
106725105588480,"Trendyol Süper Lig Selection 7 Mar '24"
106725105593727,"Trendyol Süper Lig Selection 7 Mar '24"
105654853311831,"Türk Lokumu Kupası 2024"
52853867579389,"POTW European Club Championship 29 Feb '24"
52853867583067,"POTW European Club Championship 29 Feb '24"
52853867588955,"POTW European Club Championship 29 Feb '24"
52853867590569,"POTW European Club Championship 29 Feb '24"
52853867608033,"POTW European Club Championship 29 Feb '24"
52853867659142,"POTW European Club Championship 29 Feb '24"
52853867665087,"POTW European Club Championship 29 Feb '24"
52853867667700,"POTW European Club Championship 29 Feb '24"
52853867671471,"POTW European Club Championship 29 Feb '24"
52853867677733,"POTW European Club Championship 29 Feb '24"
52853867685315,"POTW European Club Championship 29 Feb '24"
52853599125920,"POTW 29 Feb '24"
52853599143218,"POTW 29 Feb '24"
52853599169511,"POTW 29 Feb '24"
52853599218244,"POTW 29 Feb '24"
52853599219764,"POTW 29 Feb '24"
52853599220606,"POTW 29 Feb '24"
52853599223142,"POTW 29 Feb '24"
52853599228997,"POTW 29 Feb '24"
52853599247284,"POTW 29 Feb '24"
52853599256826,"POTW 29 Feb '24"
52853599156299,"POTW 29 Feb '24"
105653779599800,"Club Icons 7 Mar '24"
105653779619845,"Club Icons 7 Mar '24"
105653779625953,"Club Icons 7 Mar '24"
105653779662895,"Club Icons 7 Mar '24"
105653779665504,"Club Icons 7 Mar '24"
105653779673311,"Club Icons 7 Mar '24"
105653779674566,"Club Icons 7 Mar '24"
105653779675079,"Club Icons 7 Mar '24"
105653779688676,"Club Icons 7 Mar '24"
105653779689534,"Club Icons 7 Mar '24"
105654316562139,"J.LEAGUE Selection 7 Mar '24"
105654316539396,"J.LEAGUE Selection 7 Mar '24"
105654316449216,"J.LEAGUE Selection 7 Mar '24"
105654316563599,"J.LEAGUE Selection 7 Mar '24"
105654316585580,"J.LEAGUE Selection 7 Mar '24"
105654316568671,"J.LEAGUE Selection 7 Mar '24"
105654316548806,"J.LEAGUE Selection 7 Mar '24"
105654316568665,"J.LEAGUE Selection 7 Mar '24"
105654316479457,"J.LEAGUE Selection 7 Mar '24"
105654316449783,"J.LEAGUE Selection 7 Mar '24"
105654316573075,"J.LEAGUE Selection 7 Mar '24"
105654316555276,"J.LEAGUE Selection 7 Mar '24"
105654316553801,"J.LEAGUE Selection 7 Mar '24"
105654316555173,"J.LEAGUE Selection 7 Mar '24"
105654316569335,"J.LEAGUE Selection 7 Mar '24"
105654316472373,"J.LEAGUE Selection 7 Mar '24"
105654316558697,"J.LEAGUE Selection 7 Mar '24"
105654316557556,"J.LEAGUE Selection 7 Mar '24"
105654316535519,"J.LEAGUE Selection 7 Mar '24"
105654316567185,"J.LEAGUE Selection 7 Mar '24"
105654316557537,"J.LEAGUE Selection 7 Mar '24"
105654316567194,"J.LEAGUE Selection 7 Mar '24"
105654316565934,"J.LEAGUE Selection 7 Mar '24"
105654316592527,"J.LEAGUE Selection 7 Mar '24"
105654316557638,"J.LEAGUE Selection 7 Mar '24"
105654316568904,"J.LEAGUE Selection 7 Mar '24"
105654316568933,"J.LEAGUE Selection 7 Mar '24"
105654316591914,"J.LEAGUE Selection 7 Mar '24"
105654316585418,"J.LEAGUE Selection 7 Mar '24"
105654316476920,"J.LEAGUE Selection 7 Mar '24"
105654316553166,"J.LEAGUE Selection 7 Mar '24"
105654316592364,"J.LEAGUE Selection 7 Mar '24"
105654316555275,"J.LEAGUE Selection 7 Mar '24"
105654316555349,"J.LEAGUE Selection 7 Mar '24"
105654316448731,"J.LEAGUE Selection 7 Mar '24"
105654316494693,"J.LEAGUE Selection 7 Mar '24"
105654316547881,"J.LEAGUE Selection 7 Mar '24"
105654316557626,"J.LEAGUE Selection 7 Mar '24"
105654316573359,"J.LEAGUE Selection 7 Mar '24"
105654316557520,"J.LEAGUE Selection 7 Mar '24"
105654584973609,"Manchester United FC Selection 8 Apr '24"
105654584973668,"Manchester United FC Selection 8 Apr '24"
105654584978193,"Manchester United FC Selection 8 Apr '24"
105654584985469,"Manchester United FC Selection 8 Apr '24"
105654584986657,"Manchester United FC Selection 8 Apr '24"
105654584986960,"Manchester United FC Selection 8 Apr '24"
105654584987000,"Manchester United FC Selection 8 Apr '24"
105654584996024,"Manchester United FC Selection 8 Apr '24"
105654585027604,"Manchester United FC Selection 8 Apr '24"
105655121843381,"Trendyol Süper Lig Selection 7 Mar '24"
105655121849330,"Trendyol Süper Lig Selection 7 Mar '24"
105655121856207,"Trendyol Süper Lig Selection 7 Mar '24"
105655121860798,"Trendyol Süper Lig Selection 7 Mar '24"
105655121860892,"Trendyol Süper Lig Selection 7 Mar '24"
105655121860963,"Trendyol Süper Lig Selection 7 Mar '24"
105655121865516,"Trendyol Süper Lig Selection 7 Mar '24"
105655121895196,"Trendyol Süper Lig Selection 7 Mar '24"
53963042885495,"POTM Trendyol Süper Lig 7 Mar '24"
53963042888833,"POTM Trendyol Süper Lig 7 Mar '24"
53963042896103,"POTM Trendyol Süper Lig 7 Mar '24"
53963042956630,"POTM Trendyol Süper Lig 7 Mar '24"
53963042958300,"POTM Trendyol Süper Lig 7 Mar '24"
53963042960799,"POTM Trendyol Süper Lig 7 Mar '24"
53963042964998,"POTM Trendyol Süper Lig 7 Mar '24"
53963042966812,"POTM Trendyol Süper Lig 7 Mar '24"
53963042981125,"POTM Trendyol Süper Lig 7 Mar '24"
53963042981859,"POTM Trendyol Süper Lig 7 Mar '24"
53963042983935,"POTM Trendyol Süper Lig 7 Mar '24"
106725373919420,"FUJIFILM SUPER CUP 2024 Selection"
106725374024522,"FUJIFILM SUPER CUP 2024 Selection"
88031797187769,"Japan 2010"
52854136018811,"POTW 7 Mar '24"
52854136020154,"POTW 7 Mar '24"
52854136022857,"POTW 7 Mar '24"
52854136084644,"POTW 7 Mar '24"
52854136091312,"POTW 7 Mar '24"
52854136094840,"POTW 7 Mar '24"
52854136096575,"POTW 7 Mar '24"
52854136097961,"POTW 7 Mar '24"
52854136103110,"POTW 7 Mar '24"
52854136108752,"POTW 7 Mar '24"
52854136112937,"POTW 7 Mar '24"
105657269264138,"BLUE LOCK Collaboration Campaign 21 Mar '24"
105657537701125,"BLUE LOCK Collaboration Campaign 21 Mar '24"
105657806141623,"BLUE LOCK Collaboration Campaign 21 Mar '24"
105658074590304,"BLUE LOCK Collaboration Campaign 21 Mar '24"
105658343074253,"BLUE LOCK Collaboration Campaign 21 Mar '24"
105658611511342,"BLUE LOCK Collaboration Campaign 21 Mar '24"
105658879958024,"BLUE LOCK Collaboration Campaign 21 Mar '24"
105659148412837,"BLUE LOCK Collaboration Campaign 21 Mar '24"
105659416861935,"BLUE LOCK Collaboration Campaign 21 Mar '24"
105655658653066,"National Teams Selection Attackers 18 Mar '24"
105655658655067,"National Teams Selection Attackers 18 Mar '24"
105655658670169,"National Teams Selection Attackers 18 Mar '24"
105655658713407,"National Teams Selection Attackers 18 Mar '24"
105655658713589,"National Teams Selection Attackers 18 Mar '24"
105655658714112,"National Teams Selection Attackers 18 Mar '24"
105655658734409,"National Teams Selection Attackers 18 Mar '24"
105655658745482,"National Teams Selection Attackers 18 Mar '24"
105655927053473,"Spanish League Selection 14 Mar '24"
105655927086600,"Spanish League Selection 14 Mar '24"
105655927088700,"Spanish League Selection 14 Mar '24"
105655927089238,"Spanish League Selection 14 Mar '24"
105655927103493,"Spanish League Selection 14 Mar '24"
105655927107202,"Spanish League Selection 14 Mar '24"
105655927153100,"Spanish League Selection 14 Mar '24"
105655927154806,"Spanish League Selection 14 Mar '24"
105655927160055,"Spanish League Selection 14 Mar '24"
105655927181161,"Spanish League Selection 14 Mar '24"
105655927191931,"Spanish League Selection 14 Mar '24"
105656195519966,"Italian League Selection 14 Mar '24"
105656195526956,"Italian League Selection 14 Mar '24"
105656195584366,"Italian League Selection 14 Mar '24"
105656195595277,"Italian League Selection 14 Mar '24"
105656195595835,"Italian League Selection 14 Mar '24"
105656195600751,"Italian League Selection 14 Mar '24"
105656195600753,"Italian League Selection 14 Mar '24"
105656195601411,"Italian League Selection 14 Mar '24"
105656195603864,"Italian League Selection 14 Mar '24"
105656195623092,"Italian League Selection 14 Mar '24"
105656195629549,"Italian League Selection 14 Mar '24"
105656463961896,"English League Selection 14 Mar '24"
105656464030558,"English League Selection 14 Mar '24"
105656464033538,"English League Selection 14 Mar '24"
105656464035806,"English League Selection 14 Mar '24"
105656464039048,"English League Selection 14 Mar '24"
105656464040288,"English League Selection 14 Mar '24"
105656464042458,"English League Selection 14 Mar '24"
105656464043569,"English League Selection 14 Mar '24"
105656464043916,"English League Selection 14 Mar '24"
105656464045337,"English League Selection 14 Mar '24"
105656464050599,"English League Selection 14 Mar '24"
105656732367515,"J1 LEAGUE Selection 14 Mar '24"
105656732368326,"J1 LEAGUE Selection 14 Mar '24"
105656732368857,"J1 LEAGUE Selection 14 Mar '24"
105656732461324,"J1 LEAGUE Selection 14 Mar '24"
105656732463078,"J1 LEAGUE Selection 14 Mar '24"
105656732477033,"J1 LEAGUE Selection 14 Mar '24"
105656732479374,"J1 LEAGUE Selection 14 Mar '24"
105656732481286,"J1 LEAGUE Selection 14 Mar '24"
105656732483053,"J1 LEAGUE Selection 14 Mar '24"
105656732487962,"J1 LEAGUE Selection 14 Mar '24"
52854404431962,"POTW 14 Mar '24"
52854404456588,"POTW 14 Mar '24"
52854404456607,"POTW 14 Mar '24"
52854404458551,"POTW 14 Mar '24"
52854404475868,"POTW 14 Mar '24"
52854404478714,"POTW 14 Mar '24"
52854404529532,"POTW 14 Mar '24"
52854404547635,"POTW 14 Mar '24"
52854404547641,"POTW 14 Mar '24"
52854404553254,"POTW 14 Mar '24"
52854404557066,"POTW 14 Mar '24"
105659685201986,"Arsenal FC Selection 25 Mar '24"
105659685244048,"Arsenal FC Selection 25 Mar '24"
105659685244143,"Arsenal FC Selection 25 Mar '24"
105659685253735,"Arsenal FC Selection 25 Mar '24"
105659685255868,"Arsenal FC Selection 25 Mar '24"
105659685260444,"Arsenal FC Selection 25 Mar '24"
105659685262228,"Arsenal FC Selection 25 Mar '24"
105659685268692,"Arsenal FC Selection 25 Mar '24"
105659685290234,"Arsenal FC Selection 25 Mar '24"
105659953622088,"Spanish League Selection Guardians 25 Mar '24"
105659953625771,"Spanish League Selection Guardians 25 Mar '24"
105659953681301,"Spanish League Selection Guardians 25 Mar '24"
105659953682308,"Spanish League Selection Guardians 25 Mar '24"
105659953690442,"Spanish League Selection Guardians 25 Mar '24"
105659953691509,"Spanish League Selection Guardians 25 Mar '24"
105659953705277,"Spanish League Selection Guardians 25 Mar '24"
105659953718920,"Spanish League Selection Guardians 25 Mar '24"
105664248587735,"Classic No. 10 Players 21 Mar '24"
105664248591225,"Classic No. 10 Players 21 Mar '24"
105664248592459,"Classic No. 10 Players 21 Mar '24"
105664248592822,"Classic No. 10 Players 21 Mar '24"
105664248648684,"Classic No. 10 Players 21 Mar '24"
105655658728620,"National Teams Selection Attackers 18 Mar '24"
52868094661571,"POTW European Club Championship 21 Mar '24"
52868094666636,"POTW European Club Championship 21 Mar '24"
52868094670623,"POTW European Club Championship 21 Mar '24"
52868094671031,"POTW European Club Championship 21 Mar '24"
52868094725264,"POTW European Club Championship 21 Mar '24"
52868094727357,"POTW European Club Championship 21 Mar '24"
52868094734395,"POTW European Club Championship 21 Mar '24"
52868094734462,"POTW European Club Championship 21 Mar '24"
52868094737849,"POTW European Club Championship 21 Mar '24"
52868094750368,"POTW European Club Championship 21 Mar '24"
52868094785292,"POTW European Club Championship 21 Mar '24"
52867826228290,"POTW 21 Mar '24"
52867826235812,"POTW 21 Mar '24"
52867826245721,"POTW 21 Mar '24"
52867826297346,"POTW 21 Mar '24"
52867826302199,"POTW 21 Mar '24"
52867826303464,"POTW 21 Mar '24"
52867826312412,"POTW 21 Mar '24"
52867826323329,"POTW 21 Mar '24"
52867826323355,"POTW 21 Mar '24"
52867826326288,"POTW 21 Mar '24"
52867826329709,"POTW 21 Mar '24"
88032065675019,"Consadole Sapporo 2018"
88032065752544,"Italy 2012"
88032065618786,"Spain 2010"
88032065752559,"Argentina 1986"
88032065752590,"Italy 2000"
88032065752551,"Italy 1994"
88032065752515,"Italy 2000"
88032065752497,"England 2004"
88032065752540,"England 2004"
88032065752498,"Manchester United FC 02-03"
88032065623324,"Manchester United FC 09-10"
88032065653416,"Tottenham WB 12-13"
88032065633240,"Cerezo Osaka 2009"
88032065621993,"Vissel Kobe 2019"
88032065755874,"Madrid Chamartin B 01-02"
88032065619658,"SS Lazio 99-00"
88032065621111,"Czechia 2004"
88032065752573,"Spain 2012"
88032065625069,"AC Milan 91-92"
88032065752535,"Parma Calcio 1913 01-02"
88032065755869,"AC Milan 02-03"
88032065681782,"Spain 2002"
88032065618150,"Serbia 1990"
88032065752516,"Italy 2000"
88032065617972,"Japan 2002"
88032065618129,"Japan 2000"
88032065752589,"Arsenal FC 01-02"
88032065752554,"Netherlands 1988"
88032065752553,"Netherlands 1988"
88032065752552,"Netherlands 1988"
88032065627237,"Türkiye 2008"
88032065620703,"Piemonte BN 83-84"
88032065752527,"FC Barcelona 93-94"
88032065752538,"Internazionale Milano 93-94"
88032065632970,"Japan 2011"
88032065752557,"Germany 1980"
105660222029782,"J1 LEAGUE Selection 28 Mar '24"
105660222030276,"J1 LEAGUE Selection 28 Mar '24"
105660222070834,"J1 LEAGUE Selection 28 Mar '24"
105660222072582,"J1 LEAGUE Selection 28 Mar '24"
105660222077197,"J1 LEAGUE Selection 28 Mar '24"
105660222131419,"J1 LEAGUE Selection 28 Mar '24"
105660222131939,"J1 LEAGUE Selection 28 Mar '24"
105660222141538,"J1 LEAGUE Selection 28 Mar '24"
105660222143215,"J1 LEAGUE Selection 28 Mar '24"
105660222154690,"J1 LEAGUE Selection 28 Mar '24"
105662637971402,"Italian League Selection Attackers 1 Apr '24"
105662637972480,"Italian League Selection Attackers 1 Apr '24"
105662637991197,"Italian League Selection Attackers 1 Apr '24"
105662637992604,"Italian League Selection Attackers 1 Apr '24"
105662638044028,"Italian League Selection Attackers 1 Apr '24"
105662638044648,"Italian League Selection Attackers 1 Apr '24"
105662638061264,"Italian League Selection Attackers 1 Apr '24"
105662638065804,"Italian League Selection Attackers 1 Apr '24"
52868363106574,"POTW National Teams 28 Mar '24"
52868363167896,"POTW National Teams 28 Mar '24"
52868363167951,"POTW National Teams 28 Mar '24"
52868363169631,"POTW National Teams 28 Mar '24"
52868363174776,"POTW National Teams 28 Mar '24"
52868363177132,"POTW National Teams 28 Mar '24"
52868363179440,"POTW National Teams 28 Mar '24"
52868363188710,"POTW National Teams 28 Mar '24"
52868363192143,"POTW National Teams 28 Mar '24"
52868363197124,"POTW National Teams 28 Mar '24"
52868363201355,"POTW National Teams 28 Mar '24"
105662369665726,"Collaboration Campaign 18 Apr '24"
105660758941692,"Trendyol Süper Lig Selection 4 Apr '24"
105660758942997,"Trendyol Süper Lig Selection 4 Apr '24"
105660758943058,"Trendyol Süper Lig Selection 4 Apr '24"
105660758986598,"Trendyol Süper Lig Selection 4 Apr '24"
105660759002207,"Trendyol Süper Lig Selection 4 Apr '24"
105660759003805,"Trendyol Süper Lig Selection 4 Apr '24"
105660759004043,"Trendyol Süper Lig Selection 4 Apr '24"
105660759005431,"Trendyol Süper Lig Selection 4 Apr '24"
105660759011349,"Trendyol Süper Lig Selection 4 Apr '24"
105660759024582,"Trendyol Süper Lig Selection 4 Apr '24"
105660759037994,"Trendyol Süper Lig Selection 4 Apr '24"
105663174850742,"English League Selection Guardians 11 Apr '24"
105663174851241,"English League Selection Guardians 11 Apr '24"
105663174864633,"English League Selection Guardians 11 Apr '24"
105663174918048,"English League Selection Guardians 11 Apr '24"
105663174930145,"English League Selection Guardians 11 Apr '24"
105663174932838,"English League Selection Guardians 11 Apr '24"
105663174934742,"English League Selection Guardians 11 Apr '24"
105663174946652,"English League Selection Guardians 11 Apr '24"
52868631602297,"POTW 4 Apr '24"
52868631622677,"POTW 4 Apr '24"
52868631613809,"POTW 4 Apr '24"
52868631501985,"POTW 4 Apr '24"
52868631613633,"POTW 4 Apr '24"
52868631621009,"POTW 4 Apr '24"
52868631632673,"POTW 4 Apr '24"
52868631653976,"POTW 4 Apr '24"
52868631609511,"POTW 4 Apr '24"
52868631620766,"POTW 4 Apr '24"
52868631614563,"POTW 4 Apr '24"
53967337854719,"POTM Liga BBVA MX 11 Apr '24"
53967337858779,"POTM Liga BBVA MX 11 Apr '24"
53967337862675,"POTM Liga BBVA MX 11 Apr '24"
53967337863894,"POTM Liga BBVA MX 11 Apr '24"
53967337877701,"POTM Liga BBVA MX 11 Apr '24"
53967337881215,"POTM Liga BBVA MX 11 Apr '24"
53967337922372,"POTM Liga BBVA MX 11 Apr '24"
53967337922374,"POTM Liga BBVA MX 11 Apr '24"
53967337934870,"POTM Liga BBVA MX 11 Apr '24"
53967337934966,"POTM Liga BBVA MX 11 Apr '24"
53967337935058,"POTM Liga BBVA MX 11 Apr '24"
53967337937346,"POTM Liga BBVA MX 11 Apr '24"
53967337942701,"POTM Liga BBVA MX 11 Apr '24"
53967337963835,"POTM Liga BBVA MX 11 Apr '24"
53967337963855,"POTM Liga BBVA MX 11 Apr '24"
53967337963944,"POTM Liga BBVA MX 11 Apr '24"
53967337963990,"POTM Liga BBVA MX 11 Apr '24"
53967337965015,"POTM Liga BBVA MX 11 Apr '24"
53967606268056,"POTM J1 LEAGUE 11 Apr '24"
53967606308927,"POTM J1 LEAGUE 11 Apr '24"
53967606359989,"POTM J1 LEAGUE 11 Apr '24"
53967606360332,"POTM J1 LEAGUE 11 Apr '24"
53967606373211,"POTM J1 LEAGUE 11 Apr '24"
53967606373971,"POTM J1 LEAGUE 11 Apr '24"
53967606378420,"POTM J1 LEAGUE 11 Apr '24"
53967606380234,"POTM J1 LEAGUE 11 Apr '24"
53967606386781,"POTM J1 LEAGUE 11 Apr '24"
53967606392828,"POTM J1 LEAGUE 11 Apr '24"
53967606393007,"POTM J1 LEAGUE 11 Apr '24"
105661027336608,"The All-Rounders 11 Apr '24"
105661027356948,"The All-Rounders 11 Apr '24"
105661027358435,"The All-Rounders 11 Apr '24"
105661027360932,"The All-Rounders 11 Apr '24"
105661027367595,"The All-Rounders 11 Apr '24"
105661027426444,"The All-Rounders 11 Apr '24"
105661027428749,"The All-Rounders 11 Apr '24"
105661027430407,"The All-Rounders 11 Apr '24"
105661027446233,"The All-Rounders 11 Apr '24"
105661027450127,"The All-Rounders 11 Apr '24"
105661295876992,"J1 LEAGUE Selection 11 Apr '24"
105661295772087,"J1 LEAGUE Selection 11 Apr '24"
105661295869480,"J1 LEAGUE Selection 11 Apr '24"
105661295877122,"J1 LEAGUE Selection 11 Apr '24"
105661295876878,"J1 LEAGUE Selection 11 Apr '24"
105661295890643,"J1 LEAGUE Selection 11 Apr '24"
105661295881882,"J1 LEAGUE Selection 11 Apr '24"
105661295767927,"J1 LEAGUE Selection 11 Apr '24"
105661295898471,"J1 LEAGUE Selection 11 Apr '24"
105661295877718,"J1 LEAGUE Selection 11 Apr '24"
105663443281228,"Spanish League Selection Attackers 15 Apr '24"
105663443284167,"Spanish League Selection Attackers 15 Apr '24"
105663443345690,"Spanish League Selection Attackers 15 Apr '24"
105663443349750,"Spanish League Selection Attackers 15 Apr '24"
105663443355663,"Spanish League Selection Attackers 15 Apr '24"
105663443355959,"Spanish League Selection Attackers 15 Apr '24"
105663443365355,"Spanish League Selection Attackers 15 Apr '24"
105663443381173,"Spanish League Selection Attackers 15 Apr '24"
105667469807695,"Brazilian League Kick-off Campaign 2024"
105667469829432,"Brazilian League Kick-off Campaign 2024"
105667469877381,"Brazilian League Kick-off Campaign 2024"
52868899976648,"POTW 11 Apr '24"
52868900030732,"POTW 11 Apr '24"
52868900036783,"POTW 11 Apr '24"
52868900044618,"POTW 11 Apr '24"
52868900049990,"POTW 11 Apr '24"
52868900064533,"POTW 11 Apr '24"
52868900066296,"POTW 11 Apr '24"
52868900072373,"POTW 11 Apr '24"
52868900077829,"POTW 11 Apr '24"
52868900087503,"POTW 11 Apr '24"
52868900088096,"POTW 11 Apr '24"
105660490490454,"Liga BBVA MX Selection 18 Apr '24"
105660490508092,"Liga BBVA MX Selection 18 Apr '24"
105660490510012,"Liga BBVA MX Selection 18 Apr '24"
105660490560315,"Liga BBVA MX Selection 18 Apr '24"
105660490567319,"Liga BBVA MX Selection 18 Apr '24"
105660490567823,"Liga BBVA MX Selection 18 Apr '24"
105660490589168,"Liga BBVA MX Selection 18 Apr '24"
105660490591490,"Liga BBVA MX Selection 18 Apr '24"
105660490596738,"Liga BBVA MX Selection 18 Apr '24"
105660490596795,"Liga BBVA MX Selection 18 Apr '24"
105660490616588,"Liga BBVA MX Selection 18 Apr '24"
105661564225331,"Brasileirão Assaí Selection 18 Apr '24"
105661564251496,"Brasileirão Assaí Selection 18 Apr '24"
105661564291836,"Brasileirão Assaí Selection 18 Apr '24"
105661564296018,"Brasileirão Assaí Selection 18 Apr '24"
105661564301279,"Brasileirão Assaí Selection 18 Apr '24"
105661564305367,"Brasileirão Assaí Selection 18 Apr '24"
105661564309828,"Brasileirão Assaí Selection 18 Apr '24"
105661564310839,"Brasileirão Assaí Selection 18 Apr '24"
105663711721183,"European Clubs Selection Guardians 22 Apr '24"
105663711782141,"European Clubs Selection Guardians 22 Apr '24"
105663711787706,"European Clubs Selection Guardians 22 Apr '24"
105663711807124,"European Clubs Selection Guardians 22 Apr '24"
105663711808780,"European Clubs Selection Guardians 22 Apr '24"
105663711827505,"European Clubs Selection Guardians 22 Apr '24"
105663711831738,"European Clubs Selection Guardians 22 Apr '24"
105663711833769,"European Clubs Selection Guardians 22 Apr '24"
106725910887125,"J.LEAGUE Monthly MVPs Feb & Mar '24"
106725910915010,"J.LEAGUE Monthly MVPs Feb & Mar '24"
106725910925493,"J.LEAGUE Monthly MVPs Feb & Mar '24"
106725910940725,"J.LEAGUE Monthly MVPs Feb & Mar '24"
105680086381702,"J.LEAGUE Monthly MVPs Feb & Mar '24"
105680086389392,"J.LEAGUE Monthly MVPs Feb & Mar '24"
52869168410188,"POTW 18 Apr '24"
52869168466942,"POTW 18 Apr '24"
52869168470288,"POTW 18 Apr '24"
52869168485350,"POTW 18 Apr '24"
52869168491904,"POTW 18 Apr '24"
52869168493084,"POTW 18 Apr '24"
52869168466644,"POTW 18 Apr '24"
52869168474573,"POTW 18 Apr '24"
52869168485403,"POTW 18 Apr '24"
52869168492241,"POTW 18 Apr '24"
52869168503724,"POTW 18 Apr '24"
105661832642600,"J1 LEAGUE Selection 25 Apr '24"
105661832642977,"J1 LEAGUE Selection 25 Apr '24"
105661832684894,"J1 LEAGUE Selection 25 Apr '24"
105661832687453,"J1 LEAGUE Selection 25 Apr '24"
105661832747784,"J1 LEAGUE Selection 25 Apr '24"
105661832747856,"J1 LEAGUE Selection 25 Apr '24"
105661832761440,"J1 LEAGUE Selection 25 Apr '24"
105661832761643,"J1 LEAGUE Selection 25 Apr '24"
105661832769347,"J1 LEAGUE Selection 25 Apr '24"
105661832770161,"J1 LEAGUE Selection 25 Apr '24"
105663980150743,"Italian League Selection Midfielders 29 Apr '24"
105663980152454,"Italian League Selection Midfielders 29 Apr '24"
105663980156690,"Italian League Selection Midfielders 29 Apr '24"
105663980156875,"Italian League Selection Midfielders 29 Apr '24"
105663980226078,"Italian League Selection Midfielders 29 Apr '24"
105663980233850,"Italian League Selection Midfielders 29 Apr '24"
105663980250837,"Italian League Selection Midfielders 29 Apr '24"
105663980251264,"Italian League Selection Midfielders 29 Apr '24"
105679281031913,"Champions Campaign Rewards 23-24 Inter"
105679281034502,"Champions Campaign Rewards 23-24 Inter"
105679281035568,"Champions Campaign Rewards 23-24 Inter"
105679281038502,"Champions Campaign Rewards 23-24 Inter"
105679281039473,"Champions Campaign Rewards 23-24 Inter"
105679549406274,"750M Downloads Campaign"
105679549470609,"750M Downloads Campaign"
105679549474221,"750M Downloads Campaign"
105679549480232,"750M Downloads Campaign"
52869705344680,"POTW European Club Championship 25 Apr '24"
52869705347106,"POTW European Club Championship 25 Apr '24"
52869705350440,"POTW European Club Championship 25 Apr '24"
52869705278796,"POTW European Club Championship 25 Apr '24"
52869705279354,"POTW European Club Championship 25 Apr '24"
52869705347124,"POTW European Club Championship 25 Apr '24"
52869705350391,"POTW European Club Championship 25 Apr '24"
52869705269665,"POTW European Club Championship 25 Apr '24"
52869705297364,"POTW European Club Championship 25 Apr '24"
52869705340706,"POTW European Club Championship 25 Apr '24"
52869705368672,"POTW European Club Championship 25 Apr '24"
52869436841738,"POTW 25 Apr '24"
52869436915930,"POTW 25 Apr '24"
52869436916142,"POTW 25 Apr '24"
52869436927989,"POTW 25 Apr '24"
52869436835932,"POTW 25 Apr '24"
52869436904432,"POTW 25 Apr '24"
52869436917765,"POTW 25 Apr '24"
52869436920724,"POTW 25 Apr '24"
52869436933916,"POTW 25 Apr '24"
52869436935818,"POTW 25 Apr '24"
52869436902121,"POTW 25 Apr '24"
105665322391597,"English League Selection Attackers 6 May '24"
105665322402010,"English League Selection Attackers 6 May '24"
105665322402183,"English League Selection Attackers 6 May '24"
105665322403756,"English League Selection Attackers 6 May '24"
105665322409437,"English League Selection Attackers 6 May '24"
105665322414426,"English League Selection Attackers 6 May '24"
105665322414648,"English League Selection Attackers 6 May '24"
105665322428325,"English League Selection Attackers 6 May '24"
55066849484923,"POTS Liga BBVA MX 23-24"
55066849554417,"POTS Liga BBVA MX 23-24"
55066849557669,"POTS Liga BBVA MX 23-24"
55066849562593,"POTS Liga BBVA MX 23-24"
55066849562632,"POTS Liga BBVA MX 23-24"
55066849562735,"POTS Liga BBVA MX 23-24"
55066849562859,"POTS Liga BBVA MX 23-24"
55066849574096,"POTS Liga BBVA MX 23-24"
55066849588553,"POTS Liga BBVA MX 23-24"
55066849598082,"POTS Liga BBVA MX 23-24"
55066849598440,"POTS Liga BBVA MX 23-24"
52869973679750,"POTW 2 May '24"
52869973708663,"POTW 2 May '24"
52869973732177,"POTW 2 May '24"
52869973781199,"POTW 2 May '24"
52869973787015,"POTW 2 May '24"
52869973790288,"POTW 2 May '24"
52869973799480,"POTW 2 May '24"
52869973806804,"POTW 2 May '24"
52869973807818,"POTW 2 May '24"
52869973809193,"POTW 2 May '24"
52869973711938,"POTW 2 May '24"
88229365678094,"Jクラ用"
88229634113550,"Jクラ用"
53967874726009,"POTM J1 LEAGUE 9 May '24"
53967874802637,"POTM J1 LEAGUE 9 May '24"
53967874808673,"POTM J1 LEAGUE 9 May '24"
53967874812263,"POTM J1 LEAGUE 9 May '24"
53967874812265,"POTM J1 LEAGUE 9 May '24"
53967874812267,"POTM J1 LEAGUE 9 May '24"
53967874815754,"POTM J1 LEAGUE 9 May '24"
53967874819308,"POTM J1 LEAGUE 9 May '24"
53967874822446,"POTM J1 LEAGUE 9 May '24"
53967874835011,"POTM J1 LEAGUE 9 May '24"
53967874849782,"POTM J1 LEAGUE 9 May '24"
53968143162710,"POTM Trendyol Süper Lig 9 May '24"
53968143164810,"POTM Trendyol Süper Lig 9 May '24"
53968143169652,"POTM Trendyol Süper Lig 9 May '24"
53968143181138,"POTM Trendyol Süper Lig 9 May '24"
53968143182192,"POTM Trendyol Süper Lig 9 May '24"
53968143182940,"POTM Trendyol Süper Lig 9 May '24"
53968143230044,"POTM Trendyol Süper Lig 9 May '24"
53968143243548,"POTM Trendyol Süper Lig 9 May '24"
53968143268798,"POTM Trendyol Süper Lig 9 May '24"
53968143277951,"POTM Trendyol Süper Lig 9 May '24"
53968143279587,"POTM Trendyol Süper Lig 9 May '24"
105665053959364,"Trendyol Süper Lig Selection 9 May '24"
105665053959777,"Trendyol Süper Lig Selection 9 May '24"
105665053965244,"Trendyol Süper Lig Selection 9 May '24"
105665053971147,"Trendyol Süper Lig Selection 9 May '24"
105665053972841,"Trendyol Süper Lig Selection 9 May '24"
105665053976472,"Trendyol Süper Lig Selection 9 May '24"
105665053977882,"Trendyol Süper Lig Selection 9 May '24"
105665053982012,"Trendyol Süper Lig Selection 9 May '24"
105665053984427,"Trendyol Süper Lig Selection 9 May '24"
105665053985006,"Trendyol Süper Lig Selection 9 May '24"
105665053994283,"Trendyol Süper Lig Selection 9 May '24"
105679817842665,"Speedsters 9 May '24"
105679817862778,"Speedsters 9 May '24"
105679817865466,"Speedsters 9 May '24"
105679817904018,"Speedsters 9 May '24"
105679817906405,"Speedsters 9 May '24"
105679817920879,"Speedsters 9 May '24"
105679817923720,"Speedsters 9 May '24"
105679817923733,"Speedsters 9 May '24"
105679817928417,"Speedsters 9 May '24"
105679817944994,"Speedsters 9 May '24"
105681160080528,"Champions Campaign Rewards 23-24 Arsenal FC"
105681160082412,"Champions Campaign Rewards 23-24 Arsenal FC"
105681160087208,"Champions Campaign Rewards 23-24 Arsenal FC"
105681160092348,"Champions Campaign Rewards 23-24 Arsenal FC"
105681160111526,"Champions Campaign Rewards 23-24 Arsenal FC"
105691629117400,"National Team Selection Indonesia 9 May '24"
105691629118099,"National Team Selection Indonesia 9 May '24"
105691629118101,"National Team Selection Indonesia 9 May '24"
105691629118116,"National Team Selection Indonesia 9 May '24"
105691629129214,"National Team Selection Indonesia 9 May '24"
105666396066982,"Italian League Selection Guardians 13 May '24"
105666396132048,"Italian League Selection Guardians 13 May '24"
105666396140736,"Italian League Selection Guardians 13 May '24"
105666396145898,"Italian League Selection Guardians 13 May '24"
105666396159615,"Italian League Selection Guardians 13 May '24"
105666396162629,"Italian League Selection Guardians 13 May '24"
105666396166694,"Italian League Selection Guardians 13 May '24"
105666396169666,"Italian League Selection Guardians 13 May '24"
52870242124192,"POTW 9 May '24"
52870242146565,"POTW 9 May '24"
52870242168188,"POTW 9 May '24"
52870242171130,"POTW 9 May '24"
52870242213795,"POTW 9 May '24"
52870242214349,"POTW 9 May '24"
52870242221958,"POTW 9 May '24"
52870242231118,"POTW 9 May '24"
52870242234506,"POTW 9 May '24"
52870242240935,"POTW 9 May '24"
52870242142273,"POTW 9 May '24"
105662906408122,"AS Roma Selection 16 May '24"
105662906415179,"AS Roma Selection 16 May '24"
105662906429702,"AS Roma Selection 16 May '24"
105662906474671,"AS Roma Selection 16 May '24"
105662906482064,"AS Roma Selection 16 May '24"
105662906485373,"AS Roma Selection 16 May '24"
105662906508540,"AS Roma Selection 16 May '24"
105662906508952,"AS Roma Selection 16 May '24"
105665590738986,"J1 LEAGUE Selection 16 May '24"
105665590890784,"J1 LEAGUE Selection 16 May '24"
105665590863360,"J1 LEAGUE Selection 16 May '24"
105665590831362,"J1 LEAGUE Selection 16 May '24"
105665590834091,"J1 LEAGUE Selection 16 May '24"
105665590875457,"J1 LEAGUE Selection 16 May '24"
105665590765659,"J1 LEAGUE Selection 16 May '24"
105665590737635,"J1 LEAGUE Selection 16 May '24"
105665590865768,"J1 LEAGUE Selection 16 May '24"
105665590846664,"J1 LEAGUE Selection 16 May '24"
105666127635768,"European Clubs Selection Attackers 20 May '24"
105666127638321,"European Clubs Selection Attackers 20 May '24"
105666127702735,"European Clubs Selection Attackers 20 May '24"
105666127704098,"European Clubs Selection Attackers 20 May '24"
105666127707508,"European Clubs Selection Attackers 20 May '24"
105666127720390,"European Clubs Selection Attackers 20 May '24"
105666127721494,"European Clubs Selection Attackers 20 May '24"
105666127751117,"European Clubs Selection Attackers 20 May '24"
105681428448562,"Mobile 7th Anniversary Celebration"
105681428525102,"Mobile 7th Anniversary Celebration"
105681428544425,"Mobile 7th Anniversary Celebration"
106729954183936,"AFC Champions League Selection 23 May '24"
106729954218331,"AFC Champions League Selection 23 May '24"
106729954227652,"AFC Champions League Selection 23 May '24"
52870510583838,"POTW 16 May '24"
52870510585404,"POTW 16 May '24"
52870510603239,"POTW 16 May '24"
52870510647583,"POTW 16 May '24"
52870510653686,"POTW 16 May '24"
52870510654055,"POTW 16 May '24"
52870510664549,"POTW 16 May '24"
52870510668894,"POTW 16 May '24"
52870510676318,"POTW 16 May '24"
52870510676526,"POTW 16 May '24"
52870510702669,"POTW 16 May '24"
105664785423276,"Brasileirão Betano Selection 23 May '24"
105664785453137,"Brasileirão Betano Selection 23 May '24"
105664785454781,"Brasileirão Betano Selection 23 May '24"
105664785461818,"Brasileirão Betano Selection 23 May '24"
105664785476788,"Brasileirão Betano Selection 23 May '24"
105664785523463,"Brasileirão Betano Selection 23 May '24"
105664785531720,"Brasileirão Betano Selection 23 May '24"
105664785543679,"Brasileirão Betano Selection 23 May '24"
105664785549496,"Brasileirão Betano Selection 23 May '24"
105664785551201,"Brasileirão Betano Selection 23 May '24"
105664785556809,"Brasileirão Betano Selection 23 May '24"
105691377312496,"AFC Champions League Selection 23 May '24"
105691377360856,"AFC Champions League Selection 23 May '24"
105691377411990,"AFC Champions League Selection 23 May '24"
105691377419226,"AFC Champions League Selection 23 May '24"
105691377425990,"AFC Champions League Selection 23 May '24"
105691377433458,"AFC Champions League Selection 23 May '24"
105691377446871,"AFC Champions League Selection 23 May '24"
105691377466401,"AFC Champions League Selection 23 May '24"
105665859194786,"Spanish League Selection Midfielders 27 May '24"
105665859199098,"Spanish League Selection Midfielders 27 May '24"
105665859200887,"Spanish League Selection Midfielders 27 May '24"
105665859268612,"Spanish League Selection Midfielders 27 May '24"
105665859291068,"Spanish League Selection Midfielders 27 May '24"
105665859292774,"Spanish League Selection Midfielders 27 May '24"
105665859296030,"Spanish League Selection Midfielders 27 May '24"
105665859299228,"Spanish League Selection Midfielders 27 May '24"
105680623155147,"National Team Selection France '24"
105680623218814,"National Team Selection France '24"
105680623218880,"National Team Selection France '24"
105680623219348,"National Team Selection France '24"
105680623223350,"National Team Selection France '24"
105680891551063,"National Team Selection Argentina '24"
105680891652303,"National Team Selection Argentina '24"
105680891660093,"National Team Selection Argentina '24"
105680891660095,"National Team Selection Argentina '24"
105680891662691,"National Team Selection Argentina '24"
105682502193394,"National Team Pack Argentina '24"
105682502197013,"National Team Pack Argentina '24"
105682502197884,"National Team Pack Argentina '24"
105682502216529,"National Team Pack Argentina '24"
105682502257364,"National Team Pack Argentina '24"
105682502267384,"National Team Pack Argentina '24"
105682502267568,"National Team Pack Argentina '24"
105682502284569,"National Team Pack Argentina '24"
105682502300428,"National Team Pack Argentina '24"
105682502311151,"National Team Pack Argentina '24"
105682770639273,"National Team Pack France '24"
105682770696461,"National Team Pack France '24"
105682770699813,"National Team Pack France '24"
105682770702370,"National Team Pack France '24"
105682770708399,"National Team Pack France '24"
105682770709388,"National Team Pack France '24"
105682770711526,"National Team Pack France '24"
105682770718464,"National Team Pack France '24"
105682770719822,"National Team Pack France '24"
105682770749083,"National Team Pack France '24"
105683039074486,"National Team Pack England '24"
105683039074985,"National Team Pack England '24"
105683039136159,"National Team Pack England '24"
105683039136529,"National Team Pack England '24"
105683039137279,"National Team Pack England '24"
105683039140605,"National Team Pack England '24"
105683039142008,"National Team Pack England '24"
105683039145242,"National Team Pack England '24"
105683039147035,"National Team Pack England '24"
105683039158928,"National Team Pack England '24"
105683039160133,"National Team Pack England '24"
105683307522204,"National Team Pack Türkiye '24"
105683307563753,"National Team Pack Türkiye '24"
105683307570510,"National Team Pack Türkiye '24"
105683307583744,"National Team Pack Türkiye '24"
105683307586401,"National Team Pack Türkiye '24"
105683307589463,"National Team Pack Türkiye '24"
105683307595895,"National Team Pack Türkiye '24"
105683307599034,"National Team Pack Türkiye '24"
105683307602886,"National Team Pack Türkiye '24"
105683307604234,"National Team Pack Türkiye '24"
105683307627549,"National Team Pack Türkiye '24"
105683575944105,"National Team Pack Brazil '24"
105683576004748,"National Team Pack Brazil '24"
105683576008756,"National Team Pack Brazil '24"
105683576008978,"National Team Pack Brazil '24"
105683576009319,"National Team Pack Brazil '24"
105683576009520,"National Team Pack Brazil '24"
105683576012635,"National Team Pack Brazil '24"
105683576012704,"National Team Pack Brazil '24"
105683576015161,"National Team Pack Brazil '24"
105683576027622,"National Team Pack Brazil '24"
105683576036038,"National Team Pack Brazil '24"
105683844338090,"National Team Pack Portugal '24"
105683844342701,"National Team Pack Portugal '24"
105683844443108,"National Team Pack Portugal '24"
105683844445368,"National Team Pack Portugal '24"
105683844451704,"National Team Pack Portugal '24"
105683844452721,"National Team Pack Portugal '24"
105683844459904,"National Team Pack Portugal '24"
105683844460606,"National Team Pack Portugal '24"
105683844466324,"National Team Pack Portugal '24"
105683844468362,"National Team Pack Portugal '24"
105683844468635,"National Team Pack Portugal '24"
105684112812118,"National Team Selection Spain 5 Sep '24"
105684112816546,"National Team Selection Spain 5 Sep '24"
105684112875981,"National Team Selection Spain 5 Sep '24"
105684112877263,"National Team Selection Spain 5 Sep '24"
105684112878100,"National Team Selection Spain 5 Sep '24"
105684112879839,"National Team Selection Spain 5 Sep '24"
105684112879926,"National Team Selection Spain 5 Sep '24"
105684112911285,"National Team Selection Spain 5 Sep '24"
105690286820800,"National Teams Selection Midfielders 13 Jun '24"
105690286827647,"National Teams Selection Midfielders 13 Jun '24"
105690286843970,"National Teams Selection Midfielders 13 Jun '24"
105690286844313,"National Teams Selection Midfielders 13 Jun '24"
105690286845440,"National Teams Selection Midfielders 13 Jun '24"
105690286848007,"National Teams Selection Midfielders 13 Jun '24"
105690286904938,"National Teams Selection Midfielders 13 Jun '24"
105690286953399,"National Teams Selection Midfielders 13 Jun '24"
53968411574429,"POTM J1 LEAGUE 13 Jun '24"
53968411604496,"POTM J1 LEAGUE 13 Jun '24"
53968411619154,"POTM J1 LEAGUE 13 Jun '24"
53968411663876,"POTM J1 LEAGUE 13 Jun '24"
53968411665832,"POTM J1 LEAGUE 13 Jun '24"
53968411668978,"POTM J1 LEAGUE 13 Jun '24"
53968411676387,"POTM J1 LEAGUE 13 Jun '24"
53968411684750,"POTM J1 LEAGUE 13 Jun '24"
53968411686163,"POTM J1 LEAGUE 13 Jun '24"
53968411697603,"POTM J1 LEAGUE 13 Jun '24"
53968411710771,"POTM J1 LEAGUE 13 Jun '24"
106727253055244,"Daily Bonus"
88229365678330,"Jクラ用"
52870778987546,"POTW 23 May '24"
52870779020973,"POTW 23 May '24"
52870779022293,"POTW 23 May '24"
52870779078421,"POTW 23 May '24"
52870779085260,"POTW 23 May '24"
52870779090388,"POTW 23 May '24"
52870779092881,"POTW 23 May '24"
52870779093112,"POTW 23 May '24"
52870779100117,"POTW 23 May '24"
52870779111461,"POTW 23 May '24"
52870779121500,"POTW 23 May '24"
106726984622957,"J.LEAGUE Monthly MVPs Apr '24"
106726984637266,"J.LEAGUE Monthly MVPs Apr '24"
106726984637275,"J.LEAGUE Monthly MVPs Apr '24"
106726984654186,"J.LEAGUE Monthly MVPs Apr '24"
105680354818882,"J.LEAGUE Monthly MVPs Apr '24"
105680354825312,"J.LEAGUE Monthly MVPs Apr '24"
105666664503417,"J1 LEAGUE Selection 30 May '24"
105666664525696,"J1 LEAGUE Selection 30 May '24"
105666664575475,"J1 LEAGUE Selection 30 May '24"
105666664576073,"J1 LEAGUE Selection 30 May '24"
105666664580583,"J1 LEAGUE Selection 30 May '24"
105666664588512,"J1 LEAGUE Selection 30 May '24"
105666664588596,"J1 LEAGUE Selection 30 May '24"
105666664592654,"J1 LEAGUE Selection 30 May '24"
105666664601229,"J1 LEAGUE Selection 30 May '24"
105666664616605,"J1 LEAGUE Selection 30 May '24"
105666932942418,"National Teams Selection Attackers 3 Jun '24"
105666932946842,"National Teams Selection Attackers 3 Jun '24"
105666933004897,"National Teams Selection Attackers 3 Jun '24"
105666933010667,"National Teams Selection Attackers 3 Jun '24"
105666933014749,"National Teams Selection Attackers 3 Jun '24"
105666933027356,"National Teams Selection Attackers 3 Jun '24"
105666933040100,"National Teams Selection Attackers 3 Jun '24"
105666933051963,"National Teams Selection Attackers 3 Jun '24"
105681965332242,"Champions Campaign Rewards 23-24 Atalanta BC"
105681965395975,"Champions Campaign Rewards 23-24 Atalanta BC"
105681965400493,"Champions Campaign Rewards 23-24 Atalanta BC"
105681965418846,"Champions Campaign Rewards 23-24 Atalanta BC"
105681965426868,"Champions Campaign Rewards 23-24 Atalanta BC"
105692182625711,"Champions Campaign 23-24 Yokohama F. Marinos"
105692182626712,"Champions Campaign 23-24 Yokohama F. Marinos"
105692182653019,"Champions Campaign 23-24 Yokohama F. Marinos"
105692182716472,"Champions Campaign 23-24 Yokohama F. Marinos"
105692182720486,"Champions Campaign 23-24 Yokohama F. Marinos"
105682770630371,"National Team Pack France '24"
105684381242919,"National Teams Selection European 13 Jun '24"
105684381248859,"National Teams Selection European 13 Jun '24"
105684381264315,"National Teams Selection European 13 Jun '24"
105684381305595,"National Teams Selection European 13 Jun '24"
105684381312759,"National Teams Selection European 13 Jun '24"
105684381313604,"National Teams Selection European 13 Jun '24"
105684381319455,"National Teams Selection European 13 Jun '24"
105684381337423,"National Teams Selection European 13 Jun '24"
105684381338074,"National Teams Selection European 13 Jun '24"
105684381342404,"National Teams Selection European 13 Jun '24"
105684381345701,"National Teams Selection European 13 Jun '24"
105684649679713,"National Teams Selection Worldwide 13 Jun '24"
105684649681024,"National Teams Selection Worldwide 13 Jun '24"
105684649686988,"National Teams Selection Worldwide 13 Jun '24"
105684649687720,"National Teams Selection Worldwide 13 Jun '24"
105684649697059,"National Teams Selection Worldwide 13 Jun '24"
105684649748338,"National Teams Selection Worldwide 13 Jun '24"
105684649753176,"National Teams Selection Worldwide 13 Jun '24"
105684649756230,"National Teams Selection Worldwide 13 Jun '24"
105684649756329,"National Teams Selection Worldwide 13 Jun '24"
105684649762425,"National Teams Selection Worldwide 13 Jun '24"
105684649772480,"National Teams Selection Worldwide 13 Jun '24"
105684918080700,"J1 LEAGUE Selection 13 Jun '24"
105684918091485,"J1 LEAGUE Selection 13 Jun '24"
105684918115891,"J1 LEAGUE Selection 13 Jun '24"
105684918136153,"J1 LEAGUE Selection 13 Jun '24"
105684918190365,"J1 LEAGUE Selection 13 Jun '24"
105684918197052,"J1 LEAGUE Selection 13 Jun '24"
105684918197107,"J1 LEAGUE Selection 13 Jun '24"
105684918204182,"J1 LEAGUE Selection 13 Jun '24"
105684918216171,"J1 LEAGUE Selection 13 Jun '24"
105684918237495,"J1 LEAGUE Selection 13 Jun '24"
105685186568061,"National Teams Selection Midfielders 17 Jun '24"
105685186624640,"National Teams Selection Midfielders 17 Jun '24"
105685186633995,"National Teams Selection Midfielders 17 Jun '24"
105685186641050,"National Teams Selection Midfielders 17 Jun '24"
105685186641167,"National Teams Selection Midfielders 17 Jun '24"
105685186643235,"National Teams Selection Midfielders 17 Jun '24"
105685186651908,"National Teams Selection Midfielders 17 Jun '24"
105685186653003,"National Teams Selection Midfielders 17 Jun '24"
105691897518254,"National Team Selection Türkiye '24"
105691897518334,"National Team Selection Türkiye '24"
105691897523466,"National Team Selection Türkiye '24"
105691897539474,"National Team Selection Türkiye '24"
105691897544238,"National Team Selection Türkiye '24"
53968680054794,"POTM Brasileirão Benato 13 Jun '24"
53968680056744,"POTM Brasileirão Benato 13 Jun '24"
53968680094799,"POTM Brasileirão Benato 13 Jun '24"
53968680099981,"POTM Brasileirão Benato 13 Jun '24"
53968680104710,"POTM Brasileirão Benato 13 Jun '24"
53968680108149,"POTM Brasileirão Benato 13 Jun '24"
53968680110883,"POTM Brasileirão Benato 13 Jun '24"
53968680112395,"POTM Brasileirão Benato 13 Jun '24"
53968680124415,"POTM Brasileirão Benato 13 Jun '24"
53968680125262,"POTM Brasileirão Benato 13 Jun '24"
53968680145194,"POTM Brasileirão Benato 13 Jun '24"
105691092129664,"National Stars 13 Jun '24"
105691092152405,"National Stars 13 Jun '24"
105691092199113,"National Stars 13 Jun '24"
105691092199864,"National Stars 13 Jun '24"
105691092205066,"National Stars 13 Jun '24"
105691092210787,"National Stars 13 Jun '24"
105691092233118,"National Stars 13 Jun '24"
105691092238586,"National Stars 13 Jun '24"
105694581768608,"National Team Selection Japan 6 Jun '24"
105694581813079,"National Team Selection Japan 6 Jun '24"
105694581857793,"National Team Selection Japan 6 Jun '24"
105694581860295,"National Team Selection Japan 6 Jun '24"
105694581875932,"National Team Selection Japan 6 Jun '24"
105694581884787,"National Team Selection Japan 6 Jun '24"
105694581887423,"National Team Selection Japan 6 Jun '24"
105694581874346,"National Team Selection Japan 6 Jun '24"
105692702740334,"Neymar Jr Edition 2025"
105692702746631,"Neymar Jr Edition 2025"
105692702749609,"Neymar Jr Edition 2025"
105692702810230,"Neymar Jr Edition 2025"
105692702811895,"Neymar Jr Edition 2025"
105692702814260,"Neymar Jr Edition 2025"
105692702814482,"Neymar Jr Edition 2025"
105692702817576,"Neymar Jr Edition 2025"
105692702820665,"Neymar Jr Edition 2025"
105692702840616,"Neymar Jr Edition 2025"
105692434394784,"Leo Messi Edition 2025"
105692434378680,"Leo Messi Edition 2025"
105692434384703,"Leo Messi Edition 2025"
105692434308885,"Leo Messi Edition 2025"
105692434371477,"Leo Messi Edition 2025"
105692434304874,"Leo Messi Edition 2025"
105692434378786,"Leo Messi Edition 2025"
105692434307937,"Leo Messi Edition 2025"
105692434376399,"Leo Messi Edition 2025"
105692434376822,"Leo Messi Edition 2025"
88032602496343,"FC Barcelona 05-06"
88032870964640,"Brazil 2014"
52871047450530,"POTW 30 May '24"
52871047452387,"POTW 30 May '24"
52871047457745,"POTW 30 May '24"
52871047458361,"POTW 30 May '24"
52871047460298,"POTW 30 May '24"
52871047460397,"POTW 30 May '24"
52871047474272,"POTW 30 May '24"
52871047475432,"POTW 30 May '24"
52871047516768,"POTW 30 May '24"
52871047546516,"POTW 30 May '24"
52871047556021,"POTW 30 May '24"
88032334053448,"JEF United Chiba 2005"
88032334053696,"Kyoto Sanga F.C. 2017"
88032334187953,"Los Angeles WBY 2011"
88032334188033,"Galatasaray SK 13-14"
88032334188027,"FC Barcelona 96-97"
88032334062505,"Firenze V 20-21"
88032334187984,"FC Barcelona 05-06"
88032334188031,"FC Barcelona 05-06"
88032334187967,"FC Barcelona 05-06"
88032334187959,"FC Barcelona 00-01"
88032334060820,"Spain 2014"
88032334057584,"Chelsea B 12-13"
88032334201401,"FC Bayern München 73-74"
88032334187975,"FC Bayern München 00-01"
88032334055391,"FC Bayern München 04-05"
88032334055527,"AC Milan 02-03"
88032334187979,"AC Milan 02-03"
88032334188018,"Internazionale Milano 88-89"
88032334056161,"Manchester United 93-94"
88032334188054,"Manchester United 09-10"
88032334059713,"Germany 2014"
88032334191335,"Denmark 1992"
88032334191333,"Italy 2006"
88032334068426,"Japan 2011"
88032334053428,"Japan 2002"
88032334053585,"Japan 2000"
88032334187962,"Madrid Chamartin B 01-02"
88032334054874,"FC Barcelona 08-09"
88032334090141,"FC Barcelona 07-08"
88032334187994,"Arsenal FC 01-02"
88032334188021,"Manchester United 68-69"
88032334054686,"Manchester United 10-11"
88032334188007,"Firenze V 88-89"
88032334187990,"Firenze V 94-95"
88032334191325,"Firenze V 98-99"
88032334054228,"FC Porto 17-18"
88032334187980,"Fenerbahçe SK 08-09"
88032334187950,"Korea Republic 2002"
106727789930231,"Show Time Ligue 1 Uber Eats 23-24"
106727789932670,"Show Time Ligue 1 Uber Eats 23-24"
106727789935290,"Show Time Ligue 1 Uber Eats 23-24"
106728058296169,"Show Time Trendyol Süper Lig 23-24"
106728058297473,"Show Time Trendyol Süper Lig 23-24"
106728058371004,"Show Time Trendyol Süper Lig 23-24"
106728058377863,"Show Time Trendyol Süper Lig 23-24"
105685723422267,"Highlight Ligue 1 Uber Eats 23-24"
105685723486151,"Highlight Ligue 1 Uber Eats 23-24"
105685723491026,"Highlight Ligue 1 Uber Eats 23-24"
105685723495961,"Highlight Ligue 1 Uber Eats 23-24"
105685723499323,"Highlight Ligue 1 Uber Eats 23-24"
105685723499835,"Highlight Ligue 1 Uber Eats 23-24"
105685723505878,"Highlight Ligue 1 Uber Eats 23-24"
105685723520361,"Highlight Ligue 1 Uber Eats 23-24"
105685991854854,"Highlight Trendyol Süper Lig 23-24"
105685991875861,"Highlight Trendyol Süper Lig 23-24"
105685991921165,"Highlight Trendyol Süper Lig 23-24"
105685991923980,"Highlight Trendyol Süper Lig 23-24"
105685991936907,"Highlight Trendyol Süper Lig 23-24"
105685991942956,"Highlight Trendyol Süper Lig 23-24"
105685991949363,"Highlight Trendyol Süper Lig 23-24"
105685991952383,"Highlight Trendyol Süper Lig 23-24"
105700755804402,"Highlight European Club Tournaments 23-24"
105685454993183,"Highlight European Club Tournaments 23-24"
105685454993591,"Highlight European Club Tournaments 23-24"
105700755827102,"Highlight European Club Tournaments 23-24"
105685455047824,"Highlight European Club Tournaments 23-24"
105700755889308,"Highlight European Club Tournaments 23-24"
105700755893910,"Highlight European Club Tournaments 23-24"
105685455081371,"Highlight European Club Tournaments 23-24"
106728595173160,"Show Time English League 23-24"
106728595243128,"Show Time English League 23-24"
106728595255864,"Show Time English League 23-24"
106727521423266,"Show Time European Club Tournaments 23-24"
106727521497095,"Show Time European Club Tournaments 23-24"
106727521503543,"Show Time European Club Tournaments 23-24"
105686797166786,"Highlight English League 23-24"
105686797170120,"Highlight English League 23-24"
105686797183070,"Highlight English League 23-24"
105686797184096,"Highlight English League 23-24"
105686797239795,"Highlight English League 23-24"
105686797243412,"Highlight English League 23-24"
105686797252953,"Highlight English League 23-24"
105686797255312,"Highlight English League 23-24"
106728326709489,"J.LEAGUE Monthly MVPs May '24"
106728326709514,"J.LEAGUE Monthly MVPs May '24"
106728326798852,"J.LEAGUE Monthly MVPs May '24"
106728326815314,"J.LEAGUE Monthly MVPs May '24"
55067117887110,"POTS Ligue 1 Uber Eats 23-24"
55067117919619,"POTS Ligue 1 Uber Eats 23-24"
55067117920286,"POTS Ligue 1 Uber Eats 23-24"
55067117939136,"POTS Ligue 1 Uber Eats 23-24"
55067117979794,"POTS Ligue 1 Uber Eats 23-24"
55067117981779,"POTS Ligue 1 Uber Eats 23-24"
55067117986812,"POTS Ligue 1 Uber Eats 23-24"
55067117988177,"POTS Ligue 1 Uber Eats 23-24"
55067117989922,"POTS Ligue 1 Uber Eats 23-24"
55067117989944,"POTS Ligue 1 Uber Eats 23-24"
55067117989992,"POTS Ligue 1 Uber Eats 23-24"
55067117993949,"POTS Ligue 1 Uber Eats 23-24"
55067118001156,"POTS Ligue 1 Uber Eats 23-24"
55067118004135,"POTS Ligue 1 Uber Eats 23-24"
55067118006016,"POTS Ligue 1 Uber Eats 23-24"
55067118012404,"POTS Ligue 1 Uber Eats 23-24"
55067118013841,"POTS Ligue 1 Uber Eats 23-24"
55067118036502,"POTS Ligue 1 Uber Eats 23-24"
105686260268556,"J1 LEAGUE Selection 27 Jun '24"
105686260268565,"J1 LEAGUE Selection 27 Jun '24"
105686260316431,"J1 LEAGUE Selection 27 Jun '24"
105686260376880,"J1 LEAGUE Selection 27 Jun '24"
105686260378008,"J1 LEAGUE Selection 27 Jun '24"
105686260379908,"J1 LEAGUE Selection 27 Jun '24"
105686260381035,"J1 LEAGUE Selection 27 Jun '24"
105686260381502,"J1 LEAGUE Selection 27 Jun '24"
105686260383961,"J1 LEAGUE Selection 27 Jun '24"
105686260390469,"J1 LEAGUE Selection 27 Jun '24"
105686528843807,"J.LEAGUE Monthly MVPs May '24"
105686528844361,"J.LEAGUE Monthly MVPs May '24"
55067386331226,"POTS English League 23-24"
55067386359454,"POTS English League 23-24"
55067386416533,"POTS English League 23-24"
55067386419432,"POTS English League 23-24"
55067386423683,"POTS English League 23-24"
55067386425567,"POTS English League 23-24"
55067386425959,"POTS English League 23-24"
55067386426556,"POTS English League 23-24"
55067386428254,"POTS English League 23-24"
55067386429658,"POTS English League 23-24"
55067386429687,"POTS English League 23-24"
55067386431234,"POTS English League 23-24"
55067386431839,"POTS English League 23-24"
55067386432531,"POTS English League 23-24"
55067386432751,"POTS English League 23-24"
55067386432794,"POTS English League 23-24"
55067386432888,"POTS English League 23-24"
55067386434587,"POTS English League 23-24"
55067386455692,"POTS English League 23-24"
55067386462765,"POTS English League 23-24"
106728863677687,"Show Time Spanish League 23-24"
106728863696709,"Show Time Spanish League 23-24"
106728863725890,"Show Time Spanish League 23-24"
105687065600122,"Highlight Spanish League 23-24"
105687065606255,"Highlight Spanish League 23-24"
105687065616389,"Highlight Spanish League 23-24"
105687065659264,"Highlight Spanish League 23-24"
105687065671049,"Highlight Spanish League 23-24"
105687065678008,"Highlight Spanish League 23-24"
105687065683069,"Highlight Spanish League 23-24"
105688407871078,"Highlight Young Stars 23-24 Vol. 1"
52871315890087,"POTW National Teams 20 Jun '24"
52871315893320,"POTW National Teams 20 Jun '24"
52871315895910,"POTW National Teams 20 Jun '24"
52871315897001,"POTW National Teams 20 Jun '24"
52871315906569,"POTW National Teams 20 Jun '24"
52871315950550,"POTW National Teams 20 Jun '24"
52871315952902,"POTW National Teams 20 Jun '24"
52871315957455,"POTW National Teams 20 Jun '24"
52871315966636,"POTW National Teams 20 Jun '24"
52871315971228,"POTW National Teams 20 Jun '24"
52871315987216,"POTW National Teams 20 Jun '24"
88032334054195,"Arsenal FC 90-91"
88032334187974,"Arsenal FC 11-12"
105687602438659,"J1 LEAGUE Selection 11 Jul '24"
105687602446744,"J1 LEAGUE Selection 11 Jul '24"
105687602446807,"J1 LEAGUE Selection 11 Jul '24"
105687602491228,"J1 LEAGUE Selection 11 Jul '24"
105687602538635,"J1 LEAGUE Selection 11 Jul '24"
105687602541624,"J1 LEAGUE Selection 11 Jul '24"
105687602551894,"J1 LEAGUE Selection 11 Jul '24"
105687602571288,"J1 LEAGUE Selection 11 Jul '24"
105687602572827,"J1 LEAGUE Selection 11 Jul '24"
105687602592963,"J1 LEAGUE Selection 11 Jul '24"
105687870903774,"Highlight Italian League 23-24"
105687870927128,"Highlight Italian League 23-24"
105687870974671,"Highlight Italian League 23-24"
105687870976059,"Highlight Italian League 23-24"
105687870976894,"Highlight Italian League 23-24"
105687870983648,"Highlight Italian League 23-24"
105687870997624,"Highlight Italian League 23-24"
105687871012599,"Highlight Italian League 23-24"
105687334058016,"National Team Selection Italy 11 Jul '24"
105687334109594,"National Team Selection Italy 11 Jul '24"
105687334109642,"National Team Selection Italy 11 Jul '24"
105687334113647,"National Team Selection Italy 11 Jul '24"
105687334114307,"National Team Selection Italy 11 Jul '24"
105687334117212,"National Team Selection Italy 11 Jul '24"
105687334120525,"National Team Selection Italy 11 Jul '24"
105687334128174,"National Team Selection Italy 11 Jul '24"
55067654757537,"POTS Spanish League 23-24"
55067654796153,"POTS Spanish League 23-24"
55067654796874,"POTS Spanish League 23-24"
55067654810046,"POTS Spanish League 23-24"
55067654810633,"POTS Spanish League 23-24"
55067654852498,"POTS Spanish League 23-24"
55067654854885,"POTS Spanish League 23-24"
55067654858109,"POTS Spanish League 23-24"
55067654859317,"POTS Spanish League 23-24"
55067654859329,"POTS Spanish League 23-24"
55067654860511,"POTS Spanish League 23-24"
55067654860970,"POTS Spanish League 23-24"
55067654861046,"POTS Spanish League 23-24"
55067654866949,"POTS Spanish League 23-24"
55067654866951,"POTS Spanish League 23-24"
55067654872072,"POTS Spanish League 23-24"
55067654883113,"POTS Spanish League 23-24"
55067654888870,"POTS Spanish League 23-24"
55067654895995,"POTS Spanish League 23-24"
55067654902055,"POTS Spanish League 23-24"
106729132046411,"Show Time Italian League 23-24"
106729132107889,"Show Time Italian League 23-24"
106729132110484,"Show Time Italian League 23-24"
106730474235970,"Show Time eFootball™ Festival 2024"
106730474290556,"Show Time eFootball™ Festival 2024"
106730474291018,"Show Time eFootball™ Festival 2024"
106730474296212,"Show Time eFootball™ Festival 2024"
105694850196397,"100 Cap Elites 11 Jul '24"
105694850222145,"100 Cap Elites 11 Jul '24"
105694850226061,"100 Cap Elites 11 Jul '24"
105694850227386,"100 Cap Elites 11 Jul '24"
105694850229688,"100 Cap Elites 11 Jul '24"
105694850230358,"100 Cap Elites 11 Jul '24"
105694850234638,"100 Cap Elites 11 Jul '24"
105694850296269,"100 Cap Elites 11 Jul '24"
55067654882762,"POTS Spanish League 23-24"
55067654884620,"POTS Spanish League 23-24"
105687065662081,"Highlight Spanish League 23-24"
105688139360345,"European Clubs Selection Attackers 18 Jul '24"
105688139415197,"European Clubs Selection Attackers 18 Jul '24"
105688139415441,"European Clubs Selection Attackers 18 Jul '24"
105688139419608,"European Clubs Selection Attackers 18 Jul '24"
105688139423580,"European Clubs Selection Attackers 18 Jul '24"
105688139434415,"European Clubs Selection Attackers 18 Jul '24"
105688139448819,"European Clubs Selection Attackers 18 Jul '24"
105688139452381,"European Clubs Selection Attackers 18 Jul '24"
52871584329051,"POTW National Teams 27 Jun '24"
52871584398012,"POTW National Teams 27 Jun '24"
52871584388898,"POTW National Teams 27 Jun '24"
52871584411296,"POTW National Teams 27 Jun '24"
52871584432567,"POTW National Teams 27 Jun '24"
52871584294239,"POTW National Teams 27 Jun '24"
52871584331723,"POTW National Teams 27 Jun '24"
52871584429492,"POTW National Teams 27 Jun '24"
52871584325547,"POTW National Teams 27 Jun '24"
52871584326253,"POTW National Teams 27 Jun '24"
52871584454602,"POTW National Teams 27 Jun '24"
53968948444900,"POTM J1 LEAGUE 11 Jul '24"
53968948445651,"POTM J1 LEAGUE 11 Jul '24"
53968948540012,"POTM J1 LEAGUE 11 Jul '24"
53968948549599,"POTM J1 LEAGUE 11 Jul '24"
53968948550564,"POTM J1 LEAGUE 11 Jul '24"
53968948550626,"POTM J1 LEAGUE 11 Jul '24"
53968948554136,"POTM J1 LEAGUE 11 Jul '24"
53968948554348,"POTM J1 LEAGUE 11 Jul '24"
53968948555531,"POTM J1 LEAGUE 11 Jul '24"
53968948557550,"POTM J1 LEAGUE 11 Jul '24"
53968948557630,"POTM J1 LEAGUE 11 Jul '24"
88229365678237,"Jクラ用"
88229634113693,"Jクラ用"
105687871007623,"Highlight Italian League 23-24"
52871852764117,"POTW National Teams 4 Jul '24"
52871852824740,"POTW National Teams 4 Jul '24"
52871852828785,"POTW National Teams 4 Jul '24"
52871852822654,"POTW National Teams 4 Jul '24"
52871852839591,"POTW National Teams 4 Jul '24"
52871852853061,"POTW National Teams 4 Jul '24"
52871852853429,"POTW National Teams 4 Jul '24"
52871852862365,"POTW National Teams 4 Jul '24"
52871852862389,"POTW National Teams 4 Jul '24"
52871852830912,"POTW National Teams 4 Jul '24"
52871852847166,"POTW National Teams 4 Jul '24"
105690555263957,"Champions Campaign Rewards '24 Brazil"
105690555321084,"Champions Campaign Rewards '24 Brazil"
105690555330612,"Champions Campaign Rewards '24 Brazil"
105690555334561,"Champions Campaign Rewards '24 Brazil"
105690555337017,"Champions Campaign Rewards '24 Brazil"
105702634822999,"Champions Campaign Rewards '24 Argentina"
105702634860844,"Champions Campaign Rewards '24 Argentina"
105702634918805,"Champions Campaign Rewards '24 Argentina"
105702634933281,"Champions Campaign Rewards '24 Argentina"
105702634942112,"Champions Campaign Rewards '24 Argentina"
106729400568231,"Show Time Young Stars 23-24 Vol. 1"
106729400572844,"Show Time Young Stars 23-24 Vol. 1"
106729400576949,"Show Time Young Stars 23-24 Vol. 1"
55067923223000,"POTS Italian League 23-24"
55067923230705,"POTS Italian League 23-24"
55067923231893,"POTS Italian League 23-24"
55067923245724,"POTS Italian League 23-24"
55067923286761,"POTS Italian League 23-24"
55067923288784,"POTS Italian League 23-24"
55067923293613,"POTS Italian League 23-24"
55067923293760,"POTS Italian League 23-24"
55067923297768,"POTS Italian League 23-24"
55067923300768,"POTS Italian League 23-24"
55067923302374,"POTS Italian League 23-24"
55067923303897,"POTS Italian League 23-24"
55067923304803,"POTS Italian League 23-24"
55067923307078,"POTS Italian League 23-24"
55067923309390,"POTS Italian League 23-24"
55067923312181,"POTS Italian League 23-24"
55067923312362,"POTS Italian League 23-24"
55067923314384,"POTS Italian League 23-24"
55067923319026,"POTS Italian League 23-24"
55067923333165,"POTS Italian League 23-24"
105688407868477,"Highlight Young Stars 23-24 Vol. 1"
105688407877898,"Highlight Young Stars 23-24 Vol. 1"
105688407883775,"Highlight Young Stars 23-24 Vol. 1"
105688407889248,"Highlight Young Stars 23-24 Vol. 1"
105688407891183,"Highlight Young Stars 23-24 Vol. 1"
105688407893659,"Highlight Young Stars 23-24 Vol. 1"
105688407901213,"Highlight Young Stars 23-24 Vol. 1"
89133456301399,"Big Time 11 Jan '15"
88033139400096,"FC Barcelona 14-15"
88033139394625,"FC Barcelona 14-15"
105702903361662,"Champions Campaign Rewards '24 France"
105702366490750,"Highlight Continental Tournaments '24"
52872121256660,"POTW National Teams 11 Jul '24"
52872121257459,"POTW National Teams 11 Jul '24"
52872121259197,"POTW National Teams 11 Jul '24"
52872121265433,"POTW National Teams 11 Jul '24"
52872121266486,"POTW National Teams 11 Jul '24"
52872121275366,"POTW National Teams 11 Jul '24"
52872121275491,"POTW National Teams 11 Jul '24"
52872121283128,"POTW National Teams 11 Jul '24"
52872121288340,"POTW National Teams 11 Jul '24"
52872121291768,"POTW National Teams 11 Jul '24"
52872121297162,"POTW National Teams 11 Jul '24"
106730205869134,"Show Time Young Stars 23-24 Vol. 2"
106730205873248,"Show Time Young Stars 23-24 Vol. 2"
106730205877240,"Show Time Young Stars 23-24 Vol. 2"
105695118751508,"Highlight Young Stars 23-24 Vol. 2"
105695118758764,"Highlight Young Stars 23-24 Vol. 2"
105695118764212,"Highlight Young Stars 23-24 Vol. 2"
105695118769181,"Highlight Young Stars 23-24 Vol. 2"
105695118769953,"Highlight Young Stars 23-24 Vol. 2"
105695118770178,"Highlight Young Stars 23-24 Vol. 2"
105695118777609,"Highlight Young Stars 23-24 Vol. 2"
105695118780090,"Highlight Young Stars 23-24 Vol. 2"
105695387103016,"Welcome Login Bonus"
105695387168894,"Welcome Login Bonus"
105695387172984,"Welcome Login Bonus"
105690018390175,"National Team Selection England 29 Jul '24"
105690018449355,"National Team Selection England 29 Jul '24"
105690018458015,"National Team Selection England 29 Jul '24"
105690018458420,"National Team Selection England 29 Jul '24"
105690018459850,"National Team Selection England 29 Jul '24"
105690018464284,"National Team Selection England 29 Jul '24"
105690018480342,"National Team Selection England 29 Jul '24"
105690018507796,"National Team Selection England 29 Jul '24"
105688944728525,"J1 LEAGUE Selection 25 Jul '24"
105688944728881,"J1 LEAGUE Selection 25 Jul '24"
105688944728885,"J1 LEAGUE Selection 25 Jul '24"
105688944737325,"J1 LEAGUE Selection 25 Jul '24"
105688944646263,"J1 LEAGUE Selection 25 Jul '24"
105688944729074,"J1 LEAGUE Selection 25 Jul '24"
105688944731423,"J1 LEAGUE Selection 25 Jul '24"
105688944718704,"J1 LEAGUE Selection 25 Jul '24"
105688944653387,"J1 LEAGUE Selection 25 Jul '24"
105688944748478,"J1 LEAGUE Selection 25 Jul '24"
105689213194974,"J.LEAGUE Monthly MVPs Jun '24"
106729668886506,"J.LEAGUE Monthly MVPs Jun '24"
106729668909114,"J.LEAGUE Monthly MVPs Jun '24"
106729668927551,"J.LEAGUE Monthly MVPs Jun '24"
106729669022427,"J.LEAGUE Monthly MVPs Jun '24"
105702903298466,"Champions Campaign Rewards '24 Spain"
105702903359183,"Champions Campaign Rewards '24 Spain"
105702903361846,"Champions Campaign Rewards '24 Spain"
105702903367519,"Champions Campaign Rewards '24 Spain"
105702903413058,"Champions Campaign Rewards '24 Spain"
105702903298230,"Champions Campaign Rewards '24 England"
105702903360308,"Champions Campaign Rewards '24 England"
105702903364349,"Champions Campaign Rewards '24 England"
105702903389100,"Champions Campaign Rewards '24 England"
105702903409684,"Champions Campaign Rewards '24 England"
106726716183270,"Show Time 1 Aug '24"
106726716190966,"Show Time 1 Aug '24"
105690823702303,"National Teams Selection Attackers 1 Aug '24"
105690823757296,"National Teams Selection Attackers 1 Aug '24"
105699682127347,"National Teams Selection Attackers 2 Sep '24"
105690823759965,"National Teams Selection Attackers 1 Aug '24"
105690823769881,"National Teams Selection Attackers 1 Aug '24"
105690823771779,"National Teams Selection Attackers 1 Aug '24"
105690823772820,"National Teams Selection Attackers 1 Aug '24"
105690823775835,"National Teams Selection Attackers 1 Aug '24"
105690823796292,"National Teams Selection Attackers 1 Aug '24"
105699682167631,"National Teams Selection Attackers 2 Sep '24"
105692971186359,"Summer Tour in Korea Republic '24"
105692971256838,"Summer Tour in Korea Republic '24"
105692971261532,"Summer Tour in Korea Republic '24"
105693776488109,"English League Selection Midfielders 5 Aug '24"
105693776555796,"English League Selection Midfielders 5 Aug '24"
105693776557658,"English League Selection Midfielders 5 Aug '24"
105693776560558,"English League Selection Midfielders 5 Aug '24"
105693776563611,"English League Selection Midfielders 5 Aug '24"
105693776570280,"English League Selection Midfielders 5 Aug '24"
105693776583435,"English League Selection Midfielders 5 Aug '24"
105693776598907,"English League Selection Midfielders 5 Aug '24"
105703440126378,"777 Million Downloads Campaign"
105703440164919,"777 Million Downloads Campaign"
105703440166235,"777 Million Downloads Campaign"
105702366416802,"Highlight Continental Tournaments '24"
105702366422456,"Highlight Continental Tournaments '24"
105702366497081,"Highlight Continental Tournaments '24"
105702366497964,"Highlight Continental Tournaments '24"
105702366498385,"Highlight Continental Tournaments '24"
105702366427817,"Highlight Continental Tournaments '24"
105702366490847,"Highlight Continental Tournaments '24"
106731547959917,"Show Time Continental Tournaments '24"
106731547978577,"Show Time Continental Tournaments '24"
106731548029238,"Show Time Continental Tournaments '24"
105692971172257,"Summer Tour in Korea Republic '24"
53969216903276,"POTM J1 LEAGUE 8 Aug '24"
53969216921663,"POTM J1 LEAGUE 8 Aug '24"
53969216925581,"POTM J1 LEAGUE 8 Aug '24"
53969216972939,"POTM J1 LEAGUE 8 Aug '24"
53969216973068,"POTM J1 LEAGUE 8 Aug '24"
53969216975728,"POTM J1 LEAGUE 8 Aug '24"
53969216979654,"POTM J1 LEAGUE 8 Aug '24"
53969216985947,"POTM J1 LEAGUE 8 Aug '24"
53969216985971,"POTM J1 LEAGUE 8 Aug '24"
53969216988383,"POTM J1 LEAGUE 8 Aug '24"
53969217008241,"POTM J1 LEAGUE 8 Aug '24"
105698071455561,"European Clubs Selection Guardians 12 Aug '24"
105698071458066,"European Clubs Selection Guardians 12 Aug '24"
105698071459898,"European Clubs Selection Guardians 12 Aug '24"
105698071473363,"European Clubs Selection Guardians 12 Aug '24"
105698071513366,"European Clubs Selection Guardians 12 Aug '24"
105698071532625,"European Clubs Selection Guardians 12 Aug '24"
105698071542938,"European Clubs Selection Guardians 12 Aug '24"
105698071553301,"European Clubs Selection Guardians 12 Aug '24"
105697803021663,"Back in the Game 8 Aug '24"
105697803038164,"Back in the Game 8 Aug '24"
105697803077680,"Back in the Game 8 Aug '24"
105697803090346,"Back in the Game 8 Aug '24"
105697803095376,"Back in the Game 8 Aug '24"
105697803103326,"Back in the Game 8 Aug '24"
105697803104140,"Back in the Game 8 Aug '24"
105697803124515,"Back in the Game 8 Aug '24"
105697534665944,"J1 LEAGUE Selection 8 Aug '24"
105697534665990,"J1 LEAGUE Selection 8 Aug '24"
105697534670127,"J1 LEAGUE Selection 8 Aug '24"
105697534676962,"J1 LEAGUE Selection 8 Aug '24"
105697534677077,"J1 LEAGUE Selection 8 Aug '24"
105697534677297,"J1 LEAGUE Selection 8 Aug '24"
105697534677440,"J1 LEAGUE Selection 8 Aug '24"
105697534693997,"J1 LEAGUE Selection 8 Aug '24"
105697534694265,"J1 LEAGUE Selection 8 Aug '24"
105697534698646,"J1 LEAGUE Selection 8 Aug '24"
105693508026712,"Summer Transfer 8 Aug '24"
105693508051050,"Summer Transfer 8 Aug '24"
105693508054686,"Summer Transfer 8 Aug '24"
105693508073481,"Summer Transfer 8 Aug '24"
105693508123661,"Summer Transfer 8 Aug '24"
105693508129115,"Summer Transfer 8 Aug '24"
105693508134108,"Summer Transfer 8 Aug '24"
105693508137633,"Summer Transfer 8 Aug '24"
105693508145156,"Summer Transfer 8 Aug '24"
105693508161814,"Summer Transfer 8 Aug '24"
105693508164873,"Summer Transfer 8 Aug '24"
105704782340007,"Manchester United FC Selection 15 Aug '24"
105704782346206,"Manchester United FC Selection 15 Aug '24"
105704782440357,"Manchester United FC Selection 15 Aug '24"
105693239635040,"Manchester United FC Present Campaign 2024"
105698339891659,"National Teams Selection Guardians 19 Aug '24"
105698339911969,"National Teams Selection Guardians 19 Aug '24"
105698339961797,"National Teams Selection Guardians 19 Aug '24"
105698339966849,"National Teams Selection Guardians 19 Aug '24"
105698339967887,"National Teams Selection Guardians 19 Aug '24"
105698339978549,"National Teams Selection Guardians 19 Aug '24"
105698339981942,"National Teams Selection Guardians 19 Aug '24"
105698339994209,"National Teams Selection Guardians 19 Aug '24"
106730742628444,"J.LEAGUE Monthly MVPs Jul '24"
106730742673245,"J.LEAGUE Monthly MVPs Jul '24"
106730742737516,"J.LEAGUE Monthly MVPs Jul '24"
106730742740799,"J.LEAGUE Monthly MVPs Jul '24"
105704245489500,"Collaboration Campaign FC Machida Zelvia 2024"
105704245543622,"Collaboration Campaign FC Machida Zelvia 2024"
105704245549878,"Collaboration Campaign FC Machida Zelvia 2024"
105704245556367,"Collaboration Campaign FC Machida Zelvia 2024"
105704245565145,"Collaboration Campaign FC Machida Zelvia 2024"
105704245580446,"Collaboration Campaign FC Machida Zelvia 2024"
105699145192905,"Italian League Selection Midfielders 26 Aug '24"
105699145201424,"Italian League Selection Midfielders 26 Aug '24"
105699145213196,"Italian League Selection Midfielders 26 Aug '24"
105699145216568,"Italian League Selection Midfielders 26 Aug '24"
105699145259282,"Italian League Selection Midfielders 26 Aug '24"
105699145262360,"Italian League Selection Midfielders 26 Aug '24"
105699145269395,"Italian League Selection Midfielders 26 Aug '24"
105699145289636,"Italian League Selection Midfielders 26 Aug '24"
105698608300510,"J1 LEAGUE Selection 22 Aug '24"
105698608398944,"J1 LEAGUE Selection 22 Aug '24"
105698608405342,"J1 LEAGUE Selection 22 Aug '24"
105698608405569,"J1 LEAGUE Selection 22 Aug '24"
105698608406359,"J1 LEAGUE Selection 22 Aug '24"
105698608411389,"J1 LEAGUE Selection 22 Aug '24"
105698608412453,"J1 LEAGUE Selection 22 Aug '24"
105698608417539,"J1 LEAGUE Selection 22 Aug '24"
105698608418845,"J1 LEAGUE Selection 22 Aug '24"
105698608426940,"J1 LEAGUE Selection 22 Aug '24"
105698876852733,"J.LEAGUE Monthly MVPs Jul '24"
105698876862396,"J.LEAGUE Monthly MVPs Jul '24"
88033139360721,"AC Milan 02-03"
88033139494357,"Internazionale Milano 09-10"
88033139360727,"Piemonte BN 16-17"
88033139494379,"AFC Ajax 72-73"
88033139366516,"Internazionale Milano 09-10"
88033139362093,"FC Barcelona 93-94"
88033139494412,"FC Barcelona 05-06"
88033139494363,"FC Barcelona 93-94"
88033139494348,"Madrid Chamartin B 01-02"
88033139494394,"Arsenal FC 03-04"
88033139494321,"Manchester United 98-99"
88033139494364,"Chelsea B 11-12"
88033139363502,"AC Milan 06-07"
88033139360669,"AC Milan 06-07"
88033139475625,"AC Milan 06-07"
88033139497696,"France 1998"
88033139494397,"Spain 2010"
88033139494333,"France 2000"
88033139363817,"FC Barcelona 08-09"
88033139494325,"Madrid Chamartin B 01-02"
88033139360610,"FC Barcelona 08-09"
88033139494351,"CR Flamengo 1998"
88033139525920,"Malaysia 2011"
105694044981526,"Summer Transfer 15 Aug '24"
105694044986846,"Summer Transfer 15 Aug '24"
105694044991614,"Summer Transfer 15 Aug '24"
105694044992905,"Summer Transfer 15 Aug '24"
105694044997107,"Summer Transfer 15 Aug '24"
105694045005003,"Summer Transfer 15 Aug '24"
105694045006186,"Summer Transfer 15 Aug '24"
105694045024296,"Summer Transfer 15 Aug '24"
105694045028354,"Summer Transfer 15 Aug '24"
105694045007060,"Summer Transfer 15 Aug '24"
105694045023107,"Summer Transfer 15 Aug '24"
105701829556407,"Startup Campaign 12 Sep '24"
105701829568955,"Startup Campaign 12 Sep '24"
105701829569500,"Startup Campaign 12 Sep '24"
105701829612021,"Startup Campaign 12 Sep '24"
105701829625775,"Startup Campaign 12 Sep '24"
105701561113666,"Startup Campaign 12 Sep '24"
105701561119609,"Startup Campaign 12 Sep '24"
105701561206208,"Startup Campaign 12 Sep '24"
105701561190415,"Startup Campaign 12 Sep '24"
105701561239360,"Startup Campaign 12 Sep '24"
106731011174389,"Summer Transfer 29 Aug '24"
106731011176793,"Summer Transfer 29 Aug '24"
106731011181102,"Summer Transfer 29 Aug '24"
105699413637390,"Summer Transfer 29 Aug '24"
105699413649563,"Summer Transfer 29 Aug '24"
105699413705114,"Summer Transfer 29 Aug '24"
105699413714045,"Summer Transfer 29 Aug '24"
105699413717672,"Summer Transfer 29 Aug '24"
105699413722402,"Summer Transfer 29 Aug '24"
105699413731437,"Summer Transfer 29 Aug '24"
105699413748000,"Summer Transfer 29 Aug '24"
105703171723345,"SC Corinthians Paulista Selection 29 Aug '24"
105703171797600,"SC Corinthians Paulista Selection 29 Aug '24"
105703171805508,"SC Corinthians Paulista Selection 29 Aug '24"
105703171828264,"SC Corinthians Paulista Selection 29 Aug '24"
105703171841440,"SC Corinthians Paulista Selection 29 Aug '24"
105699145254672,"Italian League Selection Midfielders 26 Aug '24"
105699682068050,"National Teams Selection Attackers 2 Sep '24"
105699682071157,"National Teams Selection Attackers 2 Sep '24"
105699682130221,"National Teams Selection Attackers 2 Sep '24"
105699682134600,"National Teams Selection Attackers 2 Sep '24"
105699682139710,"National Teams Selection Attackers 2 Sep '24"
105699682142559,"National Teams Selection Attackers 2 Sep '24"
105698608405445,"J1 LEAGUE Selection 22 Aug '24"
105701024241191,"Starter Set"
105701024314552,"Starter Set"
105701024320794,"Starter Set"
88033139494378,"Netherlands 1988"
88033139494377,"Netherlands 1988"
88033139494376,"Netherlands 1988"
105705587651260,"SE Palmeiras Selection 13 Sep '24"
105705587669064,"SE Palmeiras Selection 13 Sep '24"
105705587716926,"SE Palmeiras Selection 13 Sep '24"
105705587720565,"SE Palmeiras Selection 13 Sep '24"
105705587772671,"SE Palmeiras Selection 13 Sep '24"
105707735133256,"Daily Bonus"
105707735146275,"Daily Bonus"
105707735146505,"Daily Bonus"
105707735227308,"Daily Bonus"
105708003627134,"Daily Bonus"
105708003639583,"Daily Bonus"
105708003639687,"Daily Bonus"
105708003641090,"Daily Bonus"
105708272073469,"Skill Up"
106731279490391,"Skill Up"
88033139494339,"Roma GR 00-01"
52872658066498,"POTW 22 Aug '24"
52872658069631,"POTW 22 Aug '24"
52872658083619,"POTW 22 Aug '24"
52872658086555,"POTW 22 Aug '24"
52872658150666,"POTW 22 Aug '24"
52872658153356,"POTW 22 Aug '24"
52872658153811,"POTW 22 Aug '24"
52872658154040,"POTW 22 Aug '24"
52872658158712,"POTW 22 Aug '24"
52872658168115,"POTW 22 Aug '24"
52872658186081,"POTW 22 Aug '24"
105703171734409,"SC Corinthians Paulista Selection 29 Aug '24"
105705319273893,"FC Barcelona Selection 13 Sep '24"
105705319280692,"FC Barcelona Selection 13 Sep '24"
105705319215338,"FC Barcelona Selection 13 Sep '24"
105705319333095,"FC Barcelona Selection 13 Sep '24"
105705319286626,"FC Barcelona Selection 13 Sep '24"
105705319308074,"FC Barcelona Selection 13 Sep '24"
105705319325508,"FC Barcelona Selection 13 Sep '24"
105705319323857,"FC Barcelona Selection 13 Sep '24"
105702097985290,"FC Bayern München Selection 16 Sep '24"
105702098005460,"FC Bayern München Selection 16 Sep '24"
105702098054116,"FC Bayern München Selection 16 Sep '24"
105702098067036,"FC Bayern München Selection 16 Sep '24"
105702098082576,"FC Bayern München Selection 16 Sep '24"
105702098088678,"FC Bayern München Selection 16 Sep '24"
105702098092031,"FC Bayern München Selection 16 Sep '24"
105702098106739,"FC Bayern München Selection 16 Sep '24"
105705050777148,"Magical Dribbler 12 Sep '24"
105705050782377,"Magical Dribbler 12 Sep '24"
105705050795038,"Magical Dribbler 12 Sep '24"
105705050796264,"Magical Dribbler 12 Sep '24"
105705050843288,"Magical Dribbler 12 Sep '24"
105705050846396,"Magical Dribbler 12 Sep '24"
105705050867891,"Magical Dribbler 12 Sep '24"
105705050869659,"Magical Dribbler 12 Sep '24"
105701561235212,"Startup Campaign 12 Sep '24"
52872926519385,"POTW 29 Aug '24"
52872926564960,"POTW 29 Aug '24"
52872926573232,"POTW 29 Aug '24"
52872926579881,"POTW 29 Aug '24"
52872926580192,"POTW 29 Aug '24"
52872926583816,"POTW 29 Aug '24"
52872926590672,"POTW 29 Aug '24"
52872926595251,"POTW 29 Aug '24"
52872926595495,"POTW 29 Aug '24"
52872926609907,"POTW 29 Aug '24"
52872926619424,"POTW 29 Aug '24"
53970022231220,"POTM Brazilian League 12 Sep '24"
53970022283886,"POTM Brazilian League 12 Sep '24"
53970022302921,"POTM Brazilian League 12 Sep '24"
53970022305732,"POTM Brazilian League 12 Sep '24"
53970022312494,"POTM Brazilian League 12 Sep '24"
53970022331547,"POTM Brazilian League 12 Sep '24"
53969485337350,"POTM Trendyol Süper Lig 12 Sep '24"
53969485408617,"POTM Trendyol Süper Lig 12 Sep '24"
53969485425443,"POTM Trendyol Süper Lig 12 Sep '24"
53969485427325,"POTM Trendyol Süper Lig 12 Sep '24"
53969485447087,"POTM Trendyol Süper Lig 12 Sep '24"
53969485464277,"POTM Trendyol Süper Lig 12 Sep '24"
53969753850566,"POTM J1 LEAGUE 12 Sep '24"
53969753857879,"POTM J1 LEAGUE 12 Sep '24"
53969753862909,"POTM J1 LEAGUE 12 Sep '24"
53969753876418,"POTM J1 LEAGUE 12 Sep '24"
53969753891990,"POTM J1 LEAGUE 12 Sep '24"
53969753903392,"POTM J1 LEAGUE 12 Sep '24"
105701561220897,"Startup Campaign 12 Sep '24"
105701561184448,"Startup Campaign 12 Sep '24"
105701561206879,"Startup Campaign 12 Sep '24"
105706661452050,"AC Milan Selection 23 Sep '24"
105706661455101,"AC Milan Selection 23 Sep '24"
105706661458818,"AC Milan Selection 23 Sep '24"
105706661460393,"AC Milan Selection 23 Sep '24"
105706661465602,"AC Milan Selection 23 Sep '24"
105706661469592,"AC Milan Selection 23 Sep '24"
105706661483372,"AC Milan Selection 23 Sep '24"
105706661487660,"AC Milan Selection 23 Sep '24"
105706392954966,"Italian League Selection 19 Sep '24"
105706392959051,"Italian League Selection 19 Sep '24"
105706392973592,"Italian League Selection 19 Sep '24"
105706393020529,"Italian League Selection 19 Sep '24"
105706393021124,"Italian League Selection 19 Sep '24"
105706393026510,"Italian League Selection 19 Sep '24"
105706393028842,"Italian League Selection 19 Sep '24"
105706393042559,"Italian League Selection 19 Sep '24"
105706393047487,"Italian League Selection 19 Sep '24"
105706393052610,"Italian League Selection 19 Sep '24"
105706393059444,"Italian League Selection 19 Sep '24"
105705856104434,"English League Selection 19 Sep '24"
105705856141119,"English League Selection 19 Sep '24"
105705856141206,"English League Selection 19 Sep '24"
105705856144364,"English League Selection 19 Sep '24"
105705856154996,"English League Selection 19 Sep '24"
105705856155870,"English League Selection 19 Sep '24"
105705856158981,"English League Selection 19 Sep '24"
105705856161200,"English League Selection 19 Sep '24"
105705856163293,"English League Selection 19 Sep '24"
105705856167296,"English League Selection 19 Sep '24"
105705856174503,"English League Selection 19 Sep '24"
105706124481934,"Spanish League Selection 19 Sep '24"
105706124483743,"Spanish League Selection 19 Sep '24"
105706124519287,"Spanish League Selection 19 Sep '24"
105706124581224,"Spanish League Selection 19 Sep '24"
105706124595393,"Spanish League Selection 19 Sep '24"
105706124602831,"Spanish League Selection 19 Sep '24"
105706124603040,"Spanish League Selection 19 Sep '24"
105706124609468,"Spanish League Selection 19 Sep '24"
105706124609573,"Spanish League Selection 19 Sep '24"
105706124621334,"Spanish League Selection 19 Sep '24"
105706124633888,"Spanish League Selection 19 Sep '24"
52873194957576,"POTW 5 Sep '24"
52873195001238,"POTW 5 Sep '24"
52873195002128,"POTW 5 Sep '24"
52873195005477,"POTW 5 Sep '24"
52873195005810,"POTW 5 Sep '24"
52873195008052,"POTW 5 Sep '24"
52873195013426,"POTW 5 Sep '24"
52873195017315,"POTW 5 Sep '24"
52873195035399,"POTW 5 Sep '24"
52873195038977,"POTW 5 Sep '24"
52873195045125,"POTW 5 Sep '24"
105706661474386,"AC Milan Selection 23 Sep '24"
105712566961971,"Brasileirão Betano Selection 19 Sep '24"
105712566969533,"Brazilian League Selection 19 Sep '24"
105712566975369,"Brazilian League Selection 19 Sep '24"
105712566987519,"Brazilian League Selection 19 Sep '24"
105712567042905,"Brazilian League Selection 19 Sep '24"
105712567047479,"Brazilian League Selection 19 Sep '24"
105712567059403,"Brazilian League Selection 19 Sep '24"
105712567079957,"Brazilian League Selection 19 Sep '24"
52873463470864,"POTW 12 Sep '24"
52873463366962,"POTW 12 Sep '24"
52873463441823,"POTW 12 Sep '24"
52873463459488,"POTW 12 Sep '24"
52873463451138,"POTW 12 Sep '24"
52873463444071,"POTW 12 Sep '24"
52873463341906,"POTW 12 Sep '24"
52873463449615,"POTW 12 Sep '24"
52873463337386,"POTW 12 Sep '24"
52873463440550,"POTW 12 Sep '24"
52873463367745,"POTW 12 Sep '24"
52873463473094,"POTW 12 Sep '24"
123236570373463,"Strike Arena"
123236570406304,"Strike Arena"
123236570400833,"Strike Arena"
123236570405954,"Strike Arena"
123236570499109,"Strike Arena"
123236570498496,"Strike Arena"
123236570476854,"Strike Arena"
123236570527500,"Strike Arena"
123236570528066,"Strike Arena"
123236570474614,"Strike Arena"
123236570476736,"Strike Arena"
123236570503952,"Strike Arena"
123236570495913,"Strike Arena"
123236570488412,"Strike Arena"
123236570474957,"Strike Arena"
123236570490059,"Strike Arena"
123236570413239,"Strike Arena"
123236570507173,"Strike Arena"
123236570520815,"Strike Arena"
123236570408621,"Strike Arena"
123236570476590,"Strike Arena"
123236570413022,"Strike Arena"
123236570426464,"Strike Arena"
123236570474911,"Strike Arena"
123236570492641,"Strike Arena"
123236570487765,"Strike Arena"
123236570469356,"Strike Arena"
123236570493496,"Strike Arena"
123236570480458,"Strike Arena"
105714982889133,"Manchester United Selection 3 Oct '24"
105714982906976,"Manchester United Selection 3 Oct '24"
105714982960569,"Manchester United Selection 3 Oct '24"
105714982978680,"Manchester United Selection 3 Oct '24"
105708808891488,"Manchester United Pack 16 Jan '25"
105708808945081,"Manchester United Pack 16 Jan '25"
105708808972197,"Manchester United Pack 16 Jan '25"
105708808985839,"Manchester United Pack 16 Jan '25"
105708808985865,"Manchester United Pack 16 Jan '25"
105708808949112,"Manchester United Pack 16 Jan '25"
105708808935780,"Manchester United Pack 16 Jan '25"
105708808941614,"Manchester United Pack 16 Jan '25"
105708808950865,"Manchester United Pack 16 Jan '25"
105708808949072,"Manchester United Pack 16 Jan '25"
105708808871847,"Manchester United Pack 16 Jan '25"
105708808940305,"Manchester United Selection 16 Jan '25"
105712835423777,"Trendyol Süper Lig Selection 3 Oct '24"
105712835463828,"Trendyol Süper Lig Selection 3 Oct '24"
105712835495046,"Trendyol Süper Lig Selection 3 Oct '24"
105712835495576,"Trendyol Süper Lig Selection 3 Oct '24"
105712835495886,"Trendyol Süper Lig Selection 3 Oct '24"
105712835502773,"Trendyol Süper Lig Selection 3 Oct '24"
105712835506057,"Trendyol Süper Lig Selection 3 Oct '24"
105712835509806,"Trendyol Süper Lig Selection 3 Oct '24"
105712567034631,"Brazilian League Selection 19 Sep '24"
106731816370140,"J.LEAGUE Monthly MVPs Aug '24"
106731816468851,"J.LEAGUE Monthly MVPs Aug '24"
106731816476503,"J.LEAGUE Monthly MVPs Aug '24"
106731816512920,"J.LEAGUE Monthly MVPs Aug '24"
105703708678986,"Collaboration Campaign Vissel Kobe 2024"
105703708681440,"Collaboration Campaign Vissel Kobe 2024"
105703708690752,"Collaboration Campaign Vissel Kobe 2024"
105703708692576,"Collaboration Campaign Vissel Kobe 2024"
105707466692048,"English League Selection Attackers 30 Sep '24"
105707466754691,"English League Selection Attackers 30 Sep '24"
105707466760106,"English League Selection Attackers 30 Sep '24"
105707466768775,"English League Selection Attackers 30 Sep '24"
105707466777962,"English League Selection Attackers 30 Sep '24"
105707466792358,"English League Selection Attackers 30 Sep '24"
105707466810975,"English League Selection Attackers 30 Sep '24"
105707466816744,"English League Selection Attackers 30 Sep '24"
105706929797817,"J1 LEAGUE Selection 26 Sep '24"
105706929798045,"J1 LEAGUE Selection 26 Sep '24"
105706929798611,"J1 LEAGUE Selection 26 Sep '24"
105706929799148,"J1 LEAGUE Selection 26 Sep '24"
105706929799367,"J1 LEAGUE Selection 26 Sep '24"
105706929844100,"J1 LEAGUE Selection 26 Sep '24"
105706929904455,"J1 LEAGUE Selection 26 Sep '24"
105706929904507,"J1 LEAGUE Selection 26 Sep '24"
105706929916388,"J1 LEAGUE Selection 26 Sep '24"
105706929942489,"J1 LEAGUE Selection 26 Sep '24"
105707198365754,"J.LEAGUE Monthly MVPs Aug '24"
105707198366275,"J.LEAGUE Monthly MVPs Aug '24"
52873731808442,"POTW 19 Sep '24"
52873731815607,"POTW 19 Sep '24"
52873731869840,"POTW 19 Sep '24"
52873731878946,"POTW 19 Sep '24"
52873731879572,"POTW 19 Sep '24"
52873731882425,"POTW 19 Sep '24"
52873731888629,"POTW 19 Sep '24"
52873731894051,"POTW 19 Sep '24"
52873731900048,"POTW 19 Sep '24"
52873731900944,"POTW 19 Sep '24"
52873731930434,"POTW 19 Sep '24"
106732084830367,"Hard-working Players 3 Oct '24"
106732084936483,"Hard-working Players 3 Oct '24"
106732084947988,"Hard-working Players 3 Oct '24"
105708540400402,"Hard-working Players 3 Oct '24"
105708540503753,"Hard-working Players 3 Oct '24"
105708540507506,"Hard-working Players 3 Oct '24"
105708540511774,"Hard-working Players 3 Oct '24"
105708540517221,"Hard-working Players 3 Oct '24"
105708540527248,"Hard-working Players 3 Oct '24"
105708540554840,"Hard-working Players 3 Oct '24"
105708540559098,"Hard-working Players 3 Oct '24"
105709077326942,"National Teams Selection Guardians 7 Oct '24"
105709077378501,"National Teams Selection Guardians 7 Oct '24"
105709077378808,"National Teams Selection Guardians 7 Oct '24"
105709077384318,"National Teams Selection Guardians 7 Oct '24"
105709077386354,"National Teams Selection Guardians 7 Oct '24"
105709077403316,"National Teams Selection Guardians 7 Oct '24"
105709077408842,"National Teams Selection Guardians 7 Oct '24"
105709077420528,"National Teams Selection Guardians 7 Oct '24"
88033407795355,"Jubilo Iwata 2006"
88033407795214,"Gamba Osaka 2005"
88033407929837,"Germany 1980"
88033407929799,"Germany 2002"
88033407929829,"Germany 1990"
88033676365293,"Germany 1980 feat. Captain Tsubasa"
88033944800711,"Germany 2002 feat. Captain Tsubasa"
88034213236197,"Germany 1990 feat. Captain Tsubasa"
88033407804051,"Piemonte BN 14-15"
88033407799968,"Internazionale Milano 09-10"
88033407796167,"AC Milan 93-94"
88033407929873,"AC Milan 93-94"
88033407929841,"AC Milan 93-94"
88033407810520,"Manchester United 12-13"
88033407929857,"Chelsea B 09-10"
88033407832198,"Chelsea B 14-15"
88033407929794,"AC Milan 91-92"
88033407929824,"AC Milan 06-07"
88033407929805,"Roma GR 00-01"
89133724764840,"Big Time 26 May '18"
88033407933162,"AC Milan 03-04"
88033407929779,"Manchester United 98-99"
88033407796838,"FC Bayern München 02-03"
88033407955778,"Arsenal FC 97-98"
88033407967737,"S.S. Lazio 03-04"
88033407796052,"Madrid Chamartin B 99-00"
88033407835625,"FC Barcelona 18-19"
88033407833768,"FC Barcelona 10-11"
88033407929797,"Piemonte BN 02-03"
88033407929871,"Madrid Chamartin B 07-08"
88033407796182,"Internazionale Milano 02-03"
88033407929870,"Piemonte BN 97-98"
88033407929815,"Roma GR 00-01"
88033407929780,"Liverpool R 08-09"
88033407833794,"Arsenal FC 10-11"
88033407929774,"Manchester United 08-09"
88033407929826,"FC Bayern München 00-01"
88033407929836,"FC Bayern München 71-72"
88033407804329,"FC Bayern München 12-13"
88033407797985,"France 1993"
88033407929847,"Uruguay 2010"
88033407797983,"France 1984"
88034481539809,"France 1993 feat. Captain Tsubasa"
88034750107127,"Uruguay 2010 feat. Captain Tsubasa"
88035018410719,"France 1984 feat. Captain Tsubasa"
88033407796123,"FC Barcelona 03-04"
88033407933157,"Madrid Chamartin B 06-07"
88033407929785,"FC Barcelona 05-06"
88033407929878,"Madrid Chamartin B 04-05"
88033407798391,"Chelsea B 11-12"
88033407933154,"Chelsea B 04-05"
88033407798698,"Manchester United 06-07"
88033407929808,"Brazil 2002"
88033407929807,"Brazil 1994"
88033407929864,"Brazil 1997"
88033407929875,"FC Bayern München 84-85"
88033407929796,"Piemonte BN 97-98"
88033407796938,"S.S. Lazio 99-00"
88033407929818,"AFC Ajax 91-92"
88033407929787,"FC Bayern München 00-01"
88033407929825,"AC Milan 98-99"
88033407799261,"AC Milan 07-08"
88033407929867,"FC Barcelona 05-06"
88033407929782,"FC Barcelona 96-97"
53970559106670,"POTM Brazilian League 10 Oct '24"
53970559146035,"POTM Brazilian League 10 Oct '24"
53970559146077,"POTM Brazilian League 10 Oct '24"
53970559157692,"POTM Brazilian League 10 Oct '24"
53970559165266,"POTM Brazilian League 10 Oct '24"
53970559176575,"POTM Brazilian League 10 Oct '24"
53970827521393,"POTM Trendyol Süper Lig 10 Oct '24"
53970827521661,"POTM Trendyol Süper Lig 10 Oct '24"
53970827600562,"POTM Trendyol Süper Lig 10 Oct '24"
53970827604533,"POTM Trendyol Süper Lig 10 Oct '24"
53970827609051,"POTM Trendyol Süper Lig 10 Oct '24"
53970827634588,"POTM Trendyol Süper Lig 10 Oct '24"
53970290724579,"POTM J1 LEAGUE 10 Oct '24"
53970290753597,"POTM J1 LEAGUE 10 Oct '24"
53970290730238,"POTM J1 LEAGUE 10 Oct '24"
53970290710883,"POTM J1 LEAGUE 10 Oct '24"
53970290667368,"POTM J1 LEAGUE 10 Oct '24"
53970290667341,"POTM J1 LEAGUE 10 Oct '24"
105709345718688,"National Team Selection Japan 10 Oct '24"
105709345763159,"National Team Selection Japan 10 Oct '24"
105709345807873,"National Team Selection Japan 10 Oct '24"
105709345810375,"National Team Selection Japan 10 Oct '24"
105709345817550,"National Team Selection Japan 10 Oct '24"
105709345823510,"National Team Selection Japan 10 Oct '24"
105709345823589,"National Team Selection Japan 10 Oct '24"
105709345849923,"National Team Selection Japan 10 Oct '24"
105709882632968,"Spanish League Selection Attackers 14 Oct '24"
105709882677889,"Spanish League Selection Attackers 14 Oct '24"
105709882680516,"Spanish League Selection Attackers 14 Oct '24"
105709882683640,"Spanish League Selection Attackers 14 Oct '24"
105709882689377,"Spanish League Selection Attackers 14 Oct '24"
105709882693912,"Spanish League Selection Attackers 14 Oct '24"
105709882714378,"Spanish League Selection Attackers 14 Oct '24"
105709882724492,"Spanish League Selection Attackers 14 Oct '24"
105709614251579,"Legacy of Legends 10 Oct '24"
105709614252189,"Legacy of Legends 10 Oct '24"
105709614280107,"Legacy of Legends 10 Oct '24"
105709614245413,"Legacy of Legends 10 Oct '24"
105709614255179,"Legacy of Legends 10 Oct '24"
105709614146386,"Legacy of Legends 10 Oct '24"
105709614198038,"Legacy of Legends 10 Oct '24"
105709614270028,"Legacy of Legends 10 Oct '24"
52874268675859,"POTW European Club Championship 26 Sep '24"
52874268699033,"POTW European Club Championship 26 Sep '24"
52874268754207,"POTW European Club Championship 26 Sep '24"
52874268766091,"POTW European Club Championship 26 Sep '24"
52874268768601,"POTW European Club Championship 26 Sep '24"
52874268771988,"POTW European Club Championship 26 Sep '24"
52874268782632,"POTW European Club Championship 26 Sep '24"
52874268796704,"POTW European Club Championship 26 Sep '24"
52874268804125,"POTW European Club Championship 26 Sep '24"
52874268681548,"POTW European Club Championship 26 Sep '24"
52874268780851,"POTW European Club Championship 26 Sep '24"
52874000243841,"POTW 26 Sep '24"
52874000244347,"POTW 26 Sep '24"
52874000317812,"POTW 26 Sep '24"
52874000320487,"POTW 26 Sep '24"
52874000320823,"POTW 26 Sep '24"
52874000329956,"POTW 26 Sep '24"
52874000330694,"POTW 26 Sep '24"
52874000337077,"POTW 26 Sep '24"
52874000344646,"POTW 26 Sep '24"
52874000355633,"POTW 26 Sep '24"
52874000357585,"POTW 26 Sep '24"
106735037701276,"Offensive Genius 17 Oct '24"
106735037705888,"Offensive Genius 17 Oct '24"
106735037717188,"Offensive Genius 17 Oct '24"
105710419486167,"Brazilian League Selection 17 Oct '24"
105710419486610,"Brazilian League Selection 17 Oct '24"
105710419488332,"Brazilian League Selection 17 Oct '24"
105710419502477,"Brazilian League Selection 17 Oct '24"
105710419571415,"Brazilian League Selection 17 Oct '24"
105710419576386,"Brazilian League Selection 17 Oct '24"
105710419588573,"Brazilian League Selection 17 Oct '24"
105710419603862,"Brazilian League Selection 17 Oct '24"
105719814785730,"National Teams Selection Guardians 21 Oct '24"
105719814801029,"National Teams Selection Guardians 21 Oct '24"
105719814807796,"National Teams Selection Guardians 21 Oct '24"
105719814826202,"National Teams Selection Guardians 21 Oct '24"
105719814826849,"National Teams Selection Guardians 21 Oct '24"
105719814826908,"National Teams Selection Guardians 21 Oct '24"
105719814827500,"National Teams Selection Guardians 21 Oct '24"
105719814837809,"National Teams Selection Guardians 21 Oct '24"
105730820599244,"Offensive Genius 17 Oct '24"
105730820653352,"Offensive Genius 17 Oct '24"
105730820663738,"Offensive Genius 17 Oct '24"
105730820673126,"Offensive Genius 17 Oct '24"
105730820679428,"Offensive Genius 17 Oct '24"
105730820685984,"Offensive Genius 17 Oct '24"
105730820695344,"Offensive Genius 17 Oct '24"
105730820707257,"Offensive Genius 17 Oct '24"
105713422601988,"National Team Selection China PR Oct '24"
105713422626820,"National Team Selection China PR Oct '24"
105713422629074,"National Team Selection China PR Oct '24"
105713422667699,"National Team Selection China PR Oct '24"
105713422668074,"National Team Selection China PR Oct '24"
105713422671248,"National Team Selection China PR Oct '24"
105713422691515,"National Team Selection China PR Oct '24"
105713422691516,"National Team Selection China PR Oct '24"
105713422720227,"National Team Selection China PR Oct '24"
105713422625899,"National Team Selection China PR Oct '24"
105713422624005,"National Team Selection China PR Oct '24"
105713154193410,"National Team Selection Indonesia Oct '24"
105713154237860,"National Team Selection Indonesia Oct '24"
105713154261168,"National Team Selection Indonesia Oct '24"
105713154266505,"National Team Selection Indonesia Oct '24"
105713154267424,"National Team Selection Indonesia Oct '24"
105713154285528,"National Team Selection Indonesia Oct '24"
105713154286229,"National Team Selection Indonesia Oct '24"
105713154297097,"National Team Selection Indonesia Oct '24"
105713154283295,"National Team Selection Indonesia Oct '24"
105713154244592,"National Team Selection Indonesia Oct '24"
105713154286232,"National Team Selection Indonesia Oct '24"
105713691016803,"National Team Selection Korea Republic Oct '24"
105713691043895,"National Team Selection Korea Republic Oct '24"
105713691065767,"National Team Selection Korea Republic Oct '24"
105713691110251,"National Team Selection Korea Republic Oct '24"
105713691117126,"National Team Selection Korea Republic Oct '24"
105713691123286,"National Team Selection Korea Republic Oct '24"
105713691123292,"National Team Selection Korea Republic Oct '24"
105713691124225,"National Team Selection Korea Republic Oct '24"
105713691127257,"National Team Selection Korea Republic Oct '24"
105713691131167,"National Team Selection Korea Republic Oct '24"
105713691136576,"National Team Selection Korea Republic Oct '24"
105711761748536,"Arsenal FC Pack 24 Oct '24"
105711761729951,"Arsenal FC Pack 24 Oct '24"
105711761724396,"Arsenal FC Pack 24 Oct '24"
105711761747681,"Arsenal FC Pack 24 Oct '24"
105711761735498,"Arsenal FC Pack 24 Oct '24"
105711761754670,"Arsenal FC Pack 24 Oct '24"
105711761735036,"Arsenal FC Pack 24 Oct '24"
105711761722512,"Arsenal FC Pack 24 Oct '24"
105711761753147,"Arsenal FC Pack 24 Oct '24"
105711761740692,"Arsenal FC Pack 24 Oct '24"
105711761722607,"Arsenal FC Pack 24 Oct '24"
105711761753510,"Arsenal FC Selection 14 Nov '24"
105711493244994,"Halloween Campaign 24 Oct '24"
105711493293736,"Halloween Campaign 24 Oct '24"
105711493300042,"Halloween Campaign 24 Oct '24"
52874537135135,"POTW 3 Oct '24"
52874537183439,"POTW 3 Oct '24"
52874537184991,"POTW 3 Oct '24"
52874537193819,"POTW 3 Oct '24"
52874537198806,"POTW 3 Oct '24"
52874537199527,"POTW 3 Oct '24"
52874537201113,"POTW 3 Oct '24"
52874537206843,"POTW 3 Oct '24"
52874537210872,"POTW 3 Oct '24"
52874537212769,"POTW 3 Oct '24"
52874537212844,"POTW 3 Oct '24"
105710419548206,"Brazilian League Selection 17 Oct '24"
105715519830786,"Trendyol Süper Lig Selection 24 Oct '24"
105715519843711,"Trendyol Süper Lig Selection 24 Oct '24"
105715519844271,"Trendyol Süper Lig Selection 24 Oct '24"
105715519864694,"Trendyol Süper Lig Selection 24 Oct '24"
105715519826930,"Trendyol Süper Lig Selection 24 Oct '24"
105715519835792,"Trendyol Süper Lig Selection 24 Oct '24"
105715519883055,"Trendyol Süper Lig Selection 24 Oct '24"
105715519857345,"Trendyol Süper Lig Selection 24 Oct '24"
88032334057449,"Spain 2010"
105714731229456,"AFC Champions League Elite™ Selection 17 Oct '24"
105714731245528,"AFC Champions League Elite™ Selection 17 Oct '24"
105714731247249,"AFC Champions League Elite™ Selection 17 Oct '24"
105714731249491,"AFC Champions League Elite™ Selection 17 Oct '24"
105714731293253,"AFC Champions League Elite™ Selection 17 Oct '24"
105714731300291,"AFC Champions League Elite™ Selection 17 Oct '24"
105714731310713,"AFC Champions League Elite™ Selection 17 Oct '24"
105714731315275,"AFC Champions League Elite™ Selection 17 Oct '24"
105714731324008,"AFC Champions League Elite™ Selection 17 Oct '24"
105714731354319,"AFC Champions League Elite™ Selection 17 Oct '24"
105714731354543,"AFC Champions League Elite™ Selection 17 Oct '24"
52875073990890,"POTW European Club Championship 10 Oct '24"
52875074046697,"POTW European Club Championship 10 Oct '24"
52875074056199,"POTW European Club Championship 10 Oct '24"
52875074057086,"POTW European Club Championship 10 Oct '24"
52875074060106,"POTW European Club Championship 10 Oct '24"
52875074062143,"POTW European Club Championship 10 Oct '24"
52875074070263,"POTW European Club Championship 10 Oct '24"
52875074074063,"POTW European Club Championship 10 Oct '24"
52875074085498,"POTW European Club Championship 10 Oct '24"
52875074086361,"POTW European Club Championship 10 Oct '24"
52875074102991,"POTW European Club Championship 10 Oct '24"
53970559151515,"POTM Brazilian League 10 Oct '24"
52874805550146,"POTW 10 Oct '24"
52874805553279,"POTW 10 Oct '24"
52874805557381,"POTW 10 Oct '24"
52874805616547,"POTW 10 Oct '24"
52874805618213,"POTW 10 Oct '24"
52874805623428,"POTW 10 Oct '24"
52874805624055,"POTW 10 Oct '24"
52874805629955,"POTW 10 Oct '24"
52874805636966,"POTW 10 Oct '24"
52874805637688,"POTW 10 Oct '24"
52874805642480,"POTW 10 Oct '24"
105734578807399,"Windah Basudara Campaign Vol. 2"
106732353241291,"J.LEAGUE Monthly MVPs Sep '24"
106732353288463,"J.LEAGUE Monthly MVPs Sep '24"
106732353383210,"J.LEAGUE Monthly MVPs Sep '24"
106732353376912,"J.LEAGUE Monthly MVPs Sep '24"
105731089121479,"National Team Selection India 24 Oct '24"
105731089121480,"National Team Selection India 24 Oct '24"
105731089121489,"National Team Selection India 24 Oct '24"
105731089121491,"National Team Selection India 24 Oct '24"
105731089128271,"National Team Selection India 24 Oct '24"
105710151112749,"English League Selection Attackers 28 Oct '24"
105710151112936,"English League Selection Attackers 28 Oct '24"
105710151123064,"English League Selection Attackers 28 Oct '24"
105710151126172,"English League Selection Attackers 28 Oct '24"
105710151126263,"English League Selection Attackers 28 Oct '24"
105710151135181,"English League Selection Attackers 28 Oct '24"
105710151136043,"English League Selection Attackers 28 Oct '24"
105710151140408,"English League Selection Attackers 28 Oct '24"
105710956331162,"J1 LEAGUE Selection 24 Oct '24"
105710956331425,"J1 LEAGUE Selection 24 Oct '24"
105710956353650,"J1 LEAGUE Selection 24 Oct '24"
105710956374346,"J1 LEAGUE Selection 24 Oct '24"
105710956435415,"J1 LEAGUE Selection 24 Oct '24"
105710956436233,"J1 LEAGUE Selection 24 Oct '24"
105710956441855,"J1 LEAGUE Selection 24 Oct '24"
105710956445153,"J1 LEAGUE Selection 24 Oct '24"
105710956454291,"J1 LEAGUE Selection 24 Oct '24"
105710956485276,"J1 LEAGUE Selection 24 Oct '24"
105711224890877,"J.LEAGUE Monthly MVPs Sep '24"
105718472547394,"FC Barcelona Pack 21 Nov '24"
105718472552682,"FC Barcelona Pack 21 Nov '24"
105718472618036,"FC Barcelona Pack 21 Nov '24"
105718472618176,"FC Barcelona Pack 21 Nov '24"
105718472618294,"FC Barcelona Pack 21 Nov '24"
105718472623970,"FC Barcelona Pack 21 Nov '24"
105718472640549,"FC Barcelona Pack 21 Nov '24"
105718472654625,"FC Barcelona Pack 21 Nov '24"
105718472661201,"FC Barcelona Pack 21 Nov '24"
105718472669506,"FC Barcelona Pack 21 Nov '24"
105718472670439,"FC Barcelona Selection 21 Nov '24"
105718472673088,"FC Barcelona Pack 21 Nov '24"
52875342426844,"POTW National Teams 17 Oct '24"
52875342438179,"POTW National Teams 17 Oct '24"
52875342440713,"POTW National Teams 17 Oct '24"
52875342491586,"POTW National Teams 17 Oct '24"
52875342494461,"POTW National Teams 17 Oct '24"
52875342509844,"POTW National Teams 17 Oct '24"
52875342511258,"POTW National Teams 17 Oct '24"
52875342527062,"POTW National Teams 17 Oct '24"
52875342498026,"POTW National Teams 17 Oct '24"
52875342511375,"POTW National Teams 17 Oct '24"
52875342502062,"POTW National Teams 17 Oct '24"
105704513925005,"Collaboration Campaign Kashima Antlers 2024"
105704513999219,"Collaboration Campaign Kashima Antlers 2024"
105704514006555,"Collaboration Campaign Kashima Antlers 2024"
105704514023385,"Collaboration Campaign Kashima Antlers 2024"
105731625971073,"BLACK FRIDAY Campaign 21 Nov '24"
105731625977951,"BLACK FRIDAY Campaign 21 Nov '24"
105731625982762,"BLACK FRIDAY Campaign 21 Nov '24"
105731626000196,"BLACK FRIDAY Campaign 21 Nov '24"
105731894392296,"BLACK FRIDAY Campaign 21 Nov '24"
105731894393257,"BLACK FRIDAY Campaign 21 Nov '24"
105731894393258,"BLACK FRIDAY Campaign 21 Nov '24"
105731894406912,"BLACK FRIDAY Campaign 21 Nov '24"
106732621770975,"World Player of the Year 2024"
106732621777207,"World Player of the Year 2024"
106732621793093,"World Player of the Year 2024"
105715788266818,"European Clubs Selection Attackers 4 Nov '24"
105715788268008,"European Clubs Selection Attackers 4 Nov '24"
105715788280154,"European Clubs Selection Attackers 4 Nov '24"
105715788281816,"European Clubs Selection Attackers 4 Nov '24"
105715788284630,"European Clubs Selection Attackers 4 Nov '24"
105715788286383,"European Clubs Selection Attackers 4 Nov '24"
105715788304339,"European Clubs Selection Attackers 4 Nov '24"
105715788318084,"European Clubs Selection Attackers 4 Nov '24"
105715251324344,"World Player of the Year 2024"
105715251329207,"World Player of the Year 2024"
105715251339273,"World Player of the Year 2024"
105715251382996,"World Player of the Year 2024"
105715251383017,"World Player of the Year 2024"
105715251393720,"World Player of the Year 2024"
105715251395831,"World Player of the Year 2024"
105715251405949,"World Player of the Year 2024"
105730552145786,"National Team Selection Spain 7 Nov '24"
105730552206525,"National Team Selection Spain 7 Nov '24"
105730552213508,"National Team Selection Spain 7 Nov '24"
105730552213727,"National Team Selection Spain 7 Nov '24"
105730552214921,"National Team Selection Spain 7 Nov '24"
105718472624143,"FC Barcelona Pack 21 Nov '24"
105718472633729,"FC Barcelona Pack 21 Nov '24"
52875610824023,"POTW 24 Oct '24"
52875610850610,"POTW 24 Oct '24"
52875610863799,"POTW 24 Oct '24"
52875610864297,"POTW 24 Oct '24"
52875610916624,"POTW 24 Oct '24"
52875610939737,"POTW 24 Oct '24"
52875610943407,"POTW 24 Oct '24"
52875610952013,"POTW 24 Oct '24"
52875610953180,"POTW 24 Oct '24"
52875610957077,"POTW 24 Oct '24"
52875610963747,"POTW 24 Oct '24"
105719546368369,"AC Milan Pack 28 Nov '24"
105719546360468,"AC Milan Pack 28 Nov '24"
105719546292310,"AC Milan Pack 28 Nov '24"
105719546309663,"AC Milan Pack 28 Nov '24"
105719546363808,"AC Milan Pack 28 Nov '24"
105719546353938,"AC Milan Pack 28 Nov '24"
105719546367490,"AC Milan Pack 28 Nov '24"
105719546376274,"AC Milan Pack 28 Nov '24"
105719546389548,"AC Milan Pack 28 Nov '24"
105719546365927,"AC Milan Pack 28 Nov '24"
105719546387608,"AC Milan Pack 28 Nov '24"
105719546371221,"AC Milan Selection 28 Nov '24"
105716056630957,"Earthmover 7 Nov '24"
105716056649338,"Earthmover 7 Nov '24"
105716056649465,"Earthmover 7 Nov '24"
105716056702865,"Earthmover 7 Nov '24"
105716056708070,"Earthmover 7 Nov '24"
105716056712317,"Earthmover 7 Nov '24"
105716056728354,"Earthmover 7 Nov '24"
105716056735746,"Earthmover 7 Nov '24"
105716593495488,"National Team Selection Netherlands 11 Nov '24"
105716593506079,"National Team Selection Netherlands 11 Nov '24"
105716593562342,"National Team Selection Netherlands 11 Nov '24"
105716593571186,"National Team Selection Netherlands 11 Nov '24"
105716593575218,"National Team Selection Netherlands 11 Nov '24"
105716593577848,"National Team Selection Netherlands 11 Nov '24"
105716593591357,"National Team Selection Netherlands 11 Nov '24"
105716593601328,"National Team Selection Netherlands 11 Nov '24"
105716325040216,"J1 LEAGUE Selection 7 Nov '24"
105716325040274,"J1 LEAGUE Selection 7 Nov '24"
105716325062700,"J1 LEAGUE Selection 7 Nov '24"
105716325069988,"J1 LEAGUE Selection 7 Nov '24"
105716325085066,"J1 LEAGUE Selection 7 Nov '24"
105716325139145,"J1 LEAGUE Selection 7 Nov '24"
105716325145525,"J1 LEAGUE Selection 7 Nov '24"
105716325149072,"J1 LEAGUE Selection 7 Nov '24"
105716325150476,"J1 LEAGUE Selection 7 Nov '24"
105716325175913,"J1 LEAGUE Selection 7 Nov '24"
53971632830285,"POTM Brazilian League 7 Nov '24"
53971632842115,"POTM Brazilian League 7 Nov '24"
53971632912319,"POTM Brazilian League 7 Nov '24"
53971632929535,"POTM Brazilian League 7 Nov '24"
53971632950441,"POTM Brazilian League 7 Nov '24"
53971632951325,"POTM Brazilian League 7 Nov '24"
53971364450150,"POTM Trendyol Süper Lig 7 Nov '24"
53971364456870,"POTM Trendyol Süper Lig 7 Nov '24"
53971364465320,"POTM Trendyol Süper Lig 7 Nov '24"
53971364467045,"POTM Trendyol Süper Lig 7 Nov '24"
53971364490069,"POTM Trendyol Süper Lig 7 Nov '24"
53971364494601,"POTM Trendyol Süper Lig 7 Nov '24"
53971095928989,"POTM J1 LEAGUE 7 Nov '24"
53971095929026,"POTM J1 LEAGUE 7 Nov '24"
53971095969855,"POTM J1 LEAGUE 7 Nov '24"
53971096021260,"POTM J1 LEAGUE 7 Nov '24"
53971096027421,"POTM J1 LEAGUE 7 Nov '24"
53971096047645,"POTM J1 LEAGUE 7 Nov '24"
105713959452762,"National Team Selection Japan Nov '24"
105713959453088,"National Team Selection Japan Nov '24"
105713959497559,"National Team Selection Japan Nov '24"
105713959542273,"National Team Selection Japan Nov '24"
105713959544775,"National Team Selection Japan Nov '24"
105713959551947,"National Team Selection Japan Nov '24"
105713959558152,"National Team Selection Japan Nov '24"
105713959558826,"National Team Selection Japan Nov '24"
105713959563148,"National Team Selection Japan Nov '24"
105713959569267,"National Team Selection Japan Nov '24"
105713959571903,"National Team Selection Japan Nov '24"
52876147805698,"POTW European Club Championship 31 Oct '24"
52876147807117,"POTW European Club Championship 31 Oct '24"
52876147814349,"POTW European Club Championship 31 Oct '24"
52876147819942,"POTW European Club Championship 31 Oct '24"
52876147820403,"POTW European Club Championship 31 Oct '24"
52876147704224,"POTW European Club Championship 31 Oct '24"
52876147790832,"POTW European Club Championship 31 Oct '24"
52876147798068,"POTW European Club Championship 31 Oct '24"
52876147801446,"POTW European Club Championship 31 Oct '24"
52876147820316,"POTW European Club Championship 31 Oct '24"
52876147825415,"POTW European Club Championship 31 Oct '24"
105716862045797,"Brazilian League Selection 14 Nov '24"
105716861898695,"Brazilian League Selection 14 Nov '24"
105716861935063,"Brazilian League Selection 14 Nov '24"
105716861942112,"Brazilian League Selection 14 Nov '24"
105716862024716,"Brazilian League Selection 14 Nov '24"
105716862026680,"Brazilian League Selection 14 Nov '24"
105716862038298,"Brazilian League Selection 14 Nov '24"
105716862046805,"Brazilian League Selection 14 Nov '24"
52875879291970,"POTW 31 Oct '24"
52875879299183,"POTW 31 Oct '24"
52875879363954,"POTW 31 Oct '24"
52875879365928,"POTW 31 Oct '24"
52875879369055,"POTW 31 Oct '24"
52875879383254,"POTW 31 Oct '24"
52875879385438,"POTW 31 Oct '24"
52875879392198,"POTW 31 Oct '24"
52875879394494,"POTW 31 Oct '24"
52875879416861,"POTW 31 Oct '24"
52875879371109,"POTW 31 Oct '24"
105714227917715,"National Team Selection Iraq Nov '24"
105714227988030,"National Team Selection Iraq Nov '24"
105714227995100,"National Team Selection Iraq Nov '24"
105714228008597,"National Team Selection Iraq Nov '24"
105714228017326,"National Team Selection Iraq Nov '24"
105714228019747,"National Team Selection Iraq Nov '24"
105714228029113,"National Team Selection Iraq Nov '24"
105714228037842,"National Team Selection Iraq Nov '24"
105714228039231,"National Team Selection Iraq Nov '24"
105714228039234,"National Team Selection Iraq Nov '24"
105714228039235,"National Team Selection Iraq Nov '24"
105714496366255,"National Team Selection Uzbekistan Nov '24"
105714496367612,"National Team Selection Uzbekistan Nov '24"
105714496412193,"National Team Selection Uzbekistan Nov '24"
105714496413325,"National Team Selection Uzbekistan Nov '24"
105714496413327,"National Team Selection Uzbekistan Nov '24"
105714496413366,"National Team Selection Uzbekistan Nov '24"
105714496418839,"National Team Selection Uzbekistan Nov '24"
105714496451999,"National Team Selection Uzbekistan Nov '24"
105714496452558,"National Team Selection Uzbekistan Nov '24"
105714496461675,"National Team Selection Uzbekistan Nov '24"
105714496429679,"National Team Selection Uzbekistan Nov '24"
105717130367939,"Spanish League Selection Guardians 18 Nov '24"
105717130434362,"Spanish League Selection Guardians 18 Nov '24"
105717130438001,"Spanish League Selection Guardians 18 Nov '24"
105717130444409,"Spanish League Selection Guardians 18 Nov '24"
105717130455108,"Spanish League Selection Guardians 18 Nov '24"
105717130455946,"Spanish League Selection Guardians 18 Nov '24"
105717130462936,"Spanish League Selection Guardians 18 Nov '24"
105717130471048,"Spanish League Selection Guardians 18 Nov '24"
105718204110504,"Miami's Spanish Stars 21 Nov '24"
105718204112361,"Miami's Spanish Stars 21 Nov '24"
52876416223875,"POTW 7 Nov '24"
52876416227560,"POTW 7 Nov '24"
52876416233479,"POTW 7 Nov '24"
52876416233782,"POTW 7 Nov '24"
52876416240955,"POTW 7 Nov '24"
52876416244502,"POTW 7 Nov '24"
52876416244744,"POTW 7 Nov '24"
52876416263816,"POTW 7 Nov '24"
52876416269530,"POTW 7 Nov '24"
52876416270170,"POTW 7 Nov '24"
52876416293856,"POTW 7 Nov '24"
105703977146082,"Collaboration Campaign FC Tokyo 2024"
105703977147634,"Collaboration Campaign FC Tokyo 2024"
105703977149001,"Collaboration Campaign FC Tokyo 2024"
105703977149002,"Collaboration Campaign FC Tokyo 2024"
105703977153380,"Collaboration Campaign FC Tokyo 2024"
105703977154871,"Collaboration Campaign FC Tokyo 2024"
106732890153023,"J.LEAGUE Monthly MVPs Oct '24"
106732890208981,"J.LEAGUE Monthly MVPs Oct '24"
106732890224447,"J.LEAGUE Monthly MVPs Oct '24"
106732890247823,"J.LEAGUE Monthly MVPs Oct '24"
52876953037896,"POTW European Club Championship 14 Nov '24"
52876953104442,"POTW European Club Championship 14 Nov '24"
52876953104576,"POTW European Club Championship 14 Nov '24"
52876953107036,"POTW European Club Championship 14 Nov '24"
52876953111864,"POTW European Club Championship 14 Nov '24"
52876953112945,"POTW European Club Championship 14 Nov '24"
52876953113699,"POTW European Club Championship 14 Nov '24"
52876953116252,"POTW European Club Championship 14 Nov '24"
52876953120710,"POTW European Club Championship 14 Nov '24"
52876953128660,"POTW European Club Championship 14 Nov '24"
52876953131558,"POTW European Club Championship 14 Nov '24"
105717667369301,"J.LEAGUE Monthly MVPs Oct '24"
105712030093217,"Italian League Selection Guardians 2 Dec '24"
105712030167098,"Italian League Selection Guardians 2 Dec '24"
105712030173053,"Italian League Selection Guardians 2 Dec '24"
105712030184926,"Italian League Selection Guardians 2 Dec '24"
105712030194214,"Italian League Selection Guardians 2 Dec '24"
105712030203524,"Italian League Selection Guardians 2 Dec '24"
105712030213622,"Italian League Selection Guardians 2 Dec '24"
105712030218363,"Italian League Selection Guardians 2 Dec '24"
105719277861302,"Trendyol Süper Lig Selection 28 Nov '24"
105719277918372,"Trendyol Süper Lig Selection 28 Nov '24"
105719277923082,"Trendyol Süper Lig Selection 28 Nov '24"
105719277939500,"Trendyol Süper Lig Selection 28 Nov '24"
105719277946310,"Trendyol Süper Lig Selection 28 Nov '24"
105719277946966,"Trendyol Süper Lig Selection 28 Nov '24"
105719277946999,"Trendyol Süper Lig Selection 28 Nov '24"
105719277986304,"Trendyol Süper Lig Selection 28 Nov '24"
106733158578359,"Goal Machines 28 Nov '24"
106733158650049,"Goal Machines 28 Nov '24"
106733158664615,"Goal Machines 28 Nov '24"
105719009416931,"Goal Machines 28 Nov '24"
105719009478421,"Goal Machines 28 Nov '24"
105719009480594,"Goal Machines 28 Nov '24"
105719009494845,"Goal Machines 28 Nov '24"
105719009496748,"Goal Machines 28 Nov '24"
105719009501032,"Goal Machines 28 Nov '24"
105719009513242,"Goal Machines 28 Nov '24"
105719009520144,"Goal Machines 28 Nov '24"
105730283712296,"National Team Pack Netherlands '24"
105730283803640,"National Team Pack Netherlands '24"
105730283727222,"National Team Pack Netherlands '24"
105730283804124,"National Team Pack Netherlands '24"
105730283781167,"National Team Pack Netherlands '24"
105730283794525,"National Team Pack Netherlands '24"
105730283789468,"National Team Pack Netherlands '24"
105730283785388,"National Team Pack Netherlands '24"
105730283799612,"National Team Pack Netherlands '24"
105730283799613,"National Team Pack Netherlands '24"
105730283786104,"National Team Pack Netherlands '24"
52876684618848,"POTW 14 Nov '24"
52876684663144,"POTW 14 Nov '24"
52876684672960,"POTW 14 Nov '24"
52876684674991,"POTW 14 Nov '24"
52876684675383,"POTW 14 Nov '24"
52876684676342,"POTW 14 Nov '24"
52876684677867,"POTW 14 Nov '24"
52876684684761,"POTW 14 Nov '24"
52876684686123,"POTW 14 Nov '24"
52876684699074,"POTW 14 Nov '24"
52876684721326,"POTW 14 Nov '24"
105718741060765,"English League Selection Midfielders 25 Nov '24"
105718741061273,"English League Selection Midfielders 25 Nov '24"
105718741069357,"English League Selection Midfielders 25 Nov '24"
105718741071542,"English League Selection Midfielders 25 Nov '24"
105718741083497,"English League Selection Midfielders 25 Nov '24"
105718741086114,"English League Selection Midfielders 25 Nov '24"
105718741090861,"English League Selection Midfielders 25 Nov '24"
105718741096058,"English League Selection Midfielders 25 Nov '24"
105717935675047,"FC Barcelona MSN 21 Nov '24"
105717935675048,"FC Barcelona MSN 21 Nov '24"
105717935676905,"FC Barcelona MSN 21 Nov '24"
105717935679348,"FC Barcelona MSN 21 Nov '24"
105717935679372,"FC Barcelona MSN 21 Nov '24"
105717935698152,"FC Barcelona MSN 21 Nov '24"
105717935737551,"FC Barcelona MSN 21 Nov '24"
105717935738896,"FC Barcelona MSN 21 Nov '24"
105717398781682,"J1 LEAGUE Selection 21 Nov '24"
105717398782020,"J1 LEAGUE Selection 21 Nov '24"
105717398872915,"J1 LEAGUE Selection 21 Nov '24"
105717398879994,"J1 LEAGUE Selection 21 Nov '24"
105717398888019,"J1 LEAGUE Selection 21 Nov '24"
105717398889678,"J1 LEAGUE Selection 21 Nov '24"
105717398889789,"J1 LEAGUE Selection 21 Nov '24"
105717398894460,"J1 LEAGUE Selection 21 Nov '24"
105717398900945,"J1 LEAGUE Selection 21 Nov '24"
105717398906899,"J1 LEAGUE Selection 21 Nov '24"
105733236503228,"Champions Campaign Rewards '24 SE Palmeiras"
105733236521032,"Champions Campaign Rewards '24 SE Palmeiras"
105733236565612,"Champions Campaign Rewards '24 SE Palmeiras"
105733236586431,"Champions Campaign Rewards '24 SE Palmeiras"
105733236599342,"Champions Campaign Rewards '24 SE Palmeiras"
105722230611287,"Captain Tsubasa Collaboration Campaign 5 Dec '24"
105722499161096,"Captain Tsubasa Collaboration Campaign 5 Dec '24"
105722230638657,"Captain Tsubasa Collaboration Campaign 5 Dec '24"
105723035943329,"Captain Tsubasa Collaboration Campaign 5 Dec '24"
105723036026799,"Captain Tsubasa Collaboration Campaign 5 Dec '24"
105723036019149,"Captain Tsubasa Collaboration Campaign 5 Dec '24"
105732431256408,"Champions Campaign Rewards '24 CR Flamengo"
105732431261579,"Champions Campaign Rewards '24 CR Flamengo"
105732431264483,"Champions Campaign Rewards '24 CR Flamengo"
105732431266162,"Champions Campaign Rewards '24 CR Flamengo"
105732431269457,"Champions Campaign Rewards '24 CR Flamengo"
105732699627985,"Champions Campaign Rewards '24 Atlético Mineiro"
105732699647247,"Champions Campaign Rewards '24 Atlético Mineiro"
105732699687676,"Champions Campaign Rewards '24 Atlético Mineiro"
105732699704099,"Champions Campaign Rewards '24 Atlético Mineiro"
105732699709660,"Champions Campaign Rewards '24 Atlético Mineiro"
52877221433770,"POTW National Teams 21 Nov '24"
52877221474337,"POTW National Teams 21 Nov '24"
52877221530057,"POTW National Teams 21 Nov '24"
52877221533925,"POTW National Teams 21 Nov '24"
52877221541234,"POTW National Teams 21 Nov '24"
52877221541318,"POTW National Teams 21 Nov '24"
52877221544327,"POTW National Teams 21 Nov '24"
52877221562181,"POTW National Teams 21 Nov '24"
52877221562791,"POTW National Teams 21 Nov '24"
52877221575748,"POTW National Teams 21 Nov '24"
52877221594912,"POTW National Teams 21 Nov '24"
53971901233913,"POTM J1 LEAGUE 5 Dec '24"
53971901341353,"POTM J1 LEAGUE 5 Dec '24"
53971901347606,"POTM J1 LEAGUE 5 Dec '24"
53971901354012,"POTM J1 LEAGUE 5 Dec '24"
53971901354080,"POTM J1 LEAGUE 5 Dec '24"
53971901365058,"POTM J1 LEAGUE 5 Dec '24"
53972169700651,"POTM Trendyol Süper Lig 5 Dec '24"
53972169701927,"POTM Trendyol Süper Lig 5 Dec '24"
53972169711612,"POTM Trendyol Süper Lig 5 Dec '24"
53972169759017,"POTM Trendyol Süper Lig 5 Dec '24"
53972169780490,"POTM Trendyol Süper Lig 5 Dec '24"
53972169822725,"POTM Trendyol Süper Lig 5 Dec '24"
53972438150385,"POTM Brazilian League 5 Dec '24"
53972438196341,"POTM Brazilian League 5 Dec '24"
53972438199796,"POTM Brazilian League 5 Dec '24"
53972438208372,"POTM Brazilian League 5 Dec '24"
53972438241522,"POTM Brazilian League 5 Dec '24"
53972438250651,"POTM Brazilian League 5 Dec '24"
105720083177227,"National Team Selection Thailand Dec '24"
105720083180106,"National Team Selection Thailand Dec '24"
105720083231800,"National Team Selection Thailand Dec '24"
105720083242617,"National Team Selection Thailand Dec '24"
105720083242618,"National Team Selection Thailand Dec '24"
105720083245678,"National Team Selection Thailand Dec '24"
105720083245679,"National Team Selection Thailand Dec '24"
105720083245683,"National Team Selection Thailand Dec '24"
105720083245759,"National Team Selection Thailand Dec '24"
105720083249016,"National Team Selection Thailand Dec '24"
105720083268275,"National Team Selection Thailand Dec '24"
105720620104280,"National Team Selection Malaysia Dec '24"
105720620120868,"National Team Selection Malaysia Dec '24"
105720620120869,"National Team Selection Malaysia Dec '24"
105720620120872,"National Team Selection Malaysia Dec '24"
105720620120882,"National Team Selection Malaysia Dec '24"
105720620126824,"National Team Selection Malaysia Dec '24"
105720620136481,"National Team Selection Malaysia Dec '24"
105720620147338,"National Team Selection Malaysia Dec '24"
105720620147341,"National Team Selection Malaysia Dec '24"
105720620157122,"National Team Selection Malaysia Dec '24"
105720620157124,"National Team Selection Malaysia Dec '24"
105720888465275,"Centre Piece 5 Dec '24"
105720888527611,"Centre Piece 5 Dec '24"
105720888529397,"Centre Piece 5 Dec '24"
105720888535759,"Centre Piece 5 Dec '24"
105720888541431,"Centre Piece 5 Dec '24"
105720888546027,"Centre Piece 5 Dec '24"
105720888550241,"Centre Piece 5 Dec '24"
105720888553818,"Centre Piece 5 Dec '24"
105721156975233,"National Team Selection Germany 5 Dec '24"
105721156976458,"National Team Selection Germany 5 Dec '24"
105721156979731,"National Team Selection Germany 5 Dec '24"
105721157004099,"National Team Selection Germany 5 Dec '24"
105721157004163,"National Team Selection Germany 5 Dec '24"
105721157004189,"National Team Selection Germany 5 Dec '24"
105721157004190,"National Team Selection Germany 5 Dec '24"
105721157007958,"National Team Selection Germany 5 Dec '24"
105721693738090,"J1 LEAGUE Selection 5 Dec '24"
105721693749721,"J1 LEAGUE Selection 5 Dec '24"
105721693792588,"J1 LEAGUE Selection 5 Dec '24"
105721693794032,"J1 LEAGUE Selection 5 Dec '24"
105721693794200,"J1 LEAGUE Selection 5 Dec '24"
105721693848529,"J1 LEAGUE Selection 5 Dec '24"
105721693854548,"J1 LEAGUE Selection 5 Dec '24"
105721693857028,"J1 LEAGUE Selection 5 Dec '24"
105721693857045,"J1 LEAGUE Selection 5 Dec '24"
105721693872497,"J1 LEAGUE Selection 5 Dec '24"
105733505012739,"Breakthrough Talents 9 Dec '24"
105733505019562,"Breakthrough Talents 9 Dec '24"
105733505021391,"Breakthrough Talents 9 Dec '24"
105733505027796,"Breakthrough Talents 9 Dec '24"
105733505033688,"Breakthrough Talents 9 Dec '24"
105733505040218,"Breakthrough Talents 9 Dec '24"
105733505047969,"Breakthrough Talents 9 Dec '24"
105733505050561,"Breakthrough Talents 9 Dec '24"
106735574574294,"Breakthrough Talents 9 Dec '24"
106735574597166,"Breakthrough Talents 9 Dec '24"
106735574598131,"Breakthrough Talents 9 Dec '24"
105732699688015,"Champions Campaign Rewards '24 Atlético Mineiro"
89133993205152,"Big Time 11 Jan '15"
89134261635137,"Big Time 11 Jan '15"
88035555400712,"Vasco Gipuzkoa AB 22-23"
88035555440962,"FC Barcelona 24-25"
88035555413486,"Brazil 1982"
88035555281197,"Kashiwa Reysol 1998"
88035555279005,"Yokohama F. Marinos 2003"
88035555285185,"FC Bayern München 13-14"
88035555413488,"FC Bayern München 09-10"
88035555413454,"FC Barcelona 98-99"
88035555413425,"Madrid Chamartin B 03-04"
88035555283766,"Netherlands 2010"
88035555413494,"Brazil 1994"
88035555413514,"Czechia 2004"
88035555279011,"Japan 2004"
88035555279098,"Japan 2011"
88035555278876,"Japan 2002"
88035555413426,"England 1998"
88035555413429,"Portugal 2004"
88035555279078,"Serbia 1990"
88035555413472,"Italy 2006"
88035555413443,"Italy 2006"
88035555342464,"Italy 2006"
88035555286292,"FC Barcelona 10-11"
88035555283056,"Madrid Rosas RB 03-04"
88035555413477,"Internazionale Milano 88-89"
88035555285997,"AC Milan 93-94"
88035555413480,"AC Milan 89-90"
88035555342710,"Madrid Chamartin B 00-01"
88035555413482,"AC Milan 87-88"
88035555413475,"FC Barcelona 01-02"
88035555416800,"Piemonte BN 01-02"
88035555413501,"Madrid Chamartin B 13-14"
88035555413452,"Brazil 2002"
88035555413453,"Brazil 2002"
88035555294656,"Kashiwa Reysol 2011"
88035555278900,"Urawa Reds 2006"
88035555413471,"Manchester United 02-03"
105720401995172,"National Team Selection Indonesia Dec '24"
105720402006996,"National Team Selection Indonesia Dec '24"
105720402018480,"National Team Selection Indonesia Dec '24"
105720402023668,"National Team Selection Indonesia Dec '24"
105720402042840,"National Team Selection Indonesia Dec '24"
105720402043539,"National Team Selection Indonesia Dec '24"
105720402043541,"National Team Selection Indonesia Dec '24"
105720402043556,"National Team Selection Indonesia Dec '24"
105720402052259,"National Team Selection Indonesia Dec '24"
105720402053251,"National Team Selection Indonesia Dec '24"
105720402054654,"National Team Selection Indonesia Dec '24"
89134530069269,"Big Time 10 Feb '10"
89134530069267,"Big Time 14 Jun '05"
105724109693056,"National Teams Selection Worldwide 12 Dec '24"
105724109753044,"National Teams Selection Worldwide 12 Dec '24"
105724109761915,"National Teams Selection Worldwide 12 Dec '24"
105724109763175,"National Teams Selection Worldwide 12 Dec '24"
105724109765879,"National Teams Selection Worldwide 12 Dec '24"
105724109766534,"National Teams Selection Worldwide 12 Dec '24"
105724109768102,"National Teams Selection Worldwide 12 Dec '24"
105724109778582,"National Teams Selection Worldwide 12 Dec '24"
105724109794056,"National Teams Selection Worldwide 12 Dec '24"
105724109798480,"National Teams Selection Worldwide 12 Dec '24"
105724109813206,"National Teams Selection Worldwide 12 Dec '24"
105723841278232,"National Teams Selection European 12 Dec '24"
105723841280289,"National Teams Selection European 12 Dec '24"
105723841325471,"National Teams Selection European 12 Dec '24"
105723841328312,"National Teams Selection European 12 Dec '24"
105723841330600,"National Teams Selection European 12 Dec '24"
105723841331136,"National Teams Selection European 12 Dec '24"
105723841349620,"National Teams Selection European 12 Dec '24"
105723841358689,"National Teams Selection European 12 Dec '24"
105723841358773,"National Teams Selection European 12 Dec '24"
105723841364613,"National Teams Selection European 12 Dec '24"
105723841373851,"National Teams Selection European 12 Dec '24"
105724915068893,"AC Milan Selection 12 Dec '24"
105724915070440,"AC Milan Selection 12 Dec '24"
105724915071401,"AC Milan Selection 12 Dec '24"
105724915071402,"AC Milan Selection 12 Dec '24"
105724915085056,"AC Milan Selection 12 Dec '24"
105724915096383,"AC Milan Selection 12 Dec '24"
105724915123072,"AC Milan Selection 12 Dec '24"
105724915127782,"AC Milan Selection 12 Dec '24"
105725183498087,"Spanish League Selection Midfielders 16 Dec '24"
105725183498502,"Spanish League Selection Midfielders 16 Dec '24"
105725183512165,"Spanish League Selection Midfielders 16 Dec '24"
105725183521369,"Spanish League Selection Midfielders 16 Dec '24"
105725183532121,"Spanish League Selection Midfielders 16 Dec '24"
105725183538229,"Spanish League Selection Midfielders 16 Dec '24"
105725183546700,"Spanish League Selection Midfielders 16 Dec '24"
105725183555340,"Spanish League Selection Midfielders 16 Dec '24"
105724646566013,"Brazilian League Selection 12 Dec '24"
105724646584330,"Brazilian League Selection 12 Dec '24"
105724646623998,"Brazilian League Selection 12 Dec '24"
105724646625775,"Brazilian League Selection 12 Dec '24"
105724646629160,"Brazilian League Selection 12 Dec '24"
105724646655557,"Brazilian League Selection 12 Dec '24"
105724646666434,"Brazilian League Selection 12 Dec '24"
105724646683818,"Brazilian League Selection 12 Dec '24"
52877489905275,"POTW 28 Nov '24"
52877489924772,"POTW 28 Nov '24"
52877489925084,"POTW 28 Nov '24"
52877489978615,"POTW 28 Nov '24"
52877489978740,"POTW 28 Nov '24"
52877489992248,"POTW 28 Nov '24"
52877489992985,"POTW 28 Nov '24"
52877489998454,"POTW 28 Nov '24"
52877490008548,"POTW 28 Nov '24"
52877490012876,"POTW 28 Nov '24"
52877490021910,"POTW 28 Nov '24"
52878026768801,"POTW European Club Championship 5 Dec '24"
52878026772722,"POTW European Club Championship 5 Dec '24"
52878026776491,"POTW European Club Championship 5 Dec '24"
52878026838624,"POTW European Club Championship 5 Dec '24"
52878026846823,"POTW European Club Championship 5 Dec '24"
52878026848682,"POTW European Club Championship 5 Dec '24"
52878026852159,"POTW European Club Championship 5 Dec '24"
52878026857317,"POTW European Club Championship 5 Dec '24"
52878026869086,"POTW European Club Championship 5 Dec '24"
52878026873799,"POTW European Club Championship 5 Dec '24"
52878026895125,"POTW European Club Championship 5 Dec '24"
105723841339672,"National Teams Selection European 12 Dec '24"
105726794046638,"Trendyol Süper Lig Selection 26 Dec '24"
105726794047594,"Trendyol Süper Lig Selection 26 Dec '24"
105726794053688,"Trendyol Süper Lig Selection 26 Dec '24"
105726794063553,"Trendyol Süper Lig Selection 26 Dec '24"
105726794120606,"Trendyol Süper Lig Selection 26 Dec '24"
105726794127611,"Trendyol Süper Lig Selection 26 Dec '24"
105726794133122,"Trendyol Süper Lig Selection 26 Dec '24"
105726794137947,"Trendyol Süper Lig Selection 26 Dec '24"
52877758338795,"POTW 5 Dec '24"
52877758340667,"POTW 5 Dec '24"
52877758357283,"POTW 5 Dec '24"
52877758403470,"POTW 5 Dec '24"
52877758409562,"POTW 5 Dec '24"
52877758410811,"POTW 5 Dec '24"
52877758415005,"POTW 5 Dec '24"
52877758416735,"POTW 5 Dec '24"
52877758433212,"POTW 5 Dec '24"
52877758433837,"POTW 5 Dec '24"
52877758442306,"POTW 5 Dec '24"
105726257176402,"English League Selection Attackers 19 Dec '24"
105726257246482,"English League Selection Attackers 19 Dec '24"
105726257257603,"English League Selection Attackers 19 Dec '24"
105726257262730,"English League Selection Attackers 19 Dec '24"
105726257263335,"English League Selection Attackers 19 Dec '24"
105726257268883,"English League Selection Attackers 19 Dec '24"
105726257298622,"English League Selection Attackers 19 Dec '24"
105726257307882,"English League Selection Attackers 19 Dec '24"
106735843043104,"New Year's Gift 1 Jan '25"
106735843042971,"New Year's Gift 1 Jan '25"
106735843018933,"New Year's Gift 1 Jan '25"
106733963948084,"The All-Rounders 26 Dec '24"
106733963950845,"The All-Rounders 26 Dec '24"
106733963951528,"The All-Rounders 26 Dec '24"
105727062545543,"European Clubs Selection Guardians 30 Dec '24"
105727062546308,"European Clubs Selection Guardians 30 Dec '24"
105727062577498,"European Clubs Selection Guardians 30 Dec '24"
105727062580468,"European Clubs Selection Guardians 30 Dec '24"
105727062581882,"European Clubs Selection Guardians 30 Dec '24"
105727062589993,"European Clubs Selection Guardians 30 Dec '24"
105727062597441,"European Clubs Selection Guardians 30 Dec '24"
105727062607271,"European Clubs Selection Guardians 30 Dec '24"
105728404657899,"Spanish League Selection Guardians 6 Jan '25"
105728404726222,"Spanish League Selection Guardians 6 Jan '25"
105728404730026,"Spanish League Selection Guardians 6 Jan '25"
105728404730360,"Spanish League Selection Guardians 6 Jan '25"
105728404738397,"Spanish League Selection Guardians 6 Jan '25"
105728404746835,"Spanish League Selection Guardians 6 Jan '25"
105728404781151,"Spanish League Selection Guardians 6 Jan '25"
105728404781869,"Spanish League Selection Guardians 6 Jan '25"
105726525587573,"The All-Rounders 26 Dec '24"
105726525608386,"The All-Rounders 26 Dec '24"
105726525677708,"The All-Rounders 26 Dec '24"
105726525679287,"The All-Rounders 26 Dec '24"
105726525680013,"The All-Rounders 26 Dec '24"
105726525703977,"The All-Rounders 26 Dec '24"
105726525713474,"The All-Rounders 26 Dec '24"
105726525717468,"The All-Rounders 26 Dec '24"
105742363366380,"Guess the Winner Campaign 6 Mar '25"
105742363389665,"Guess the Winner Campaign 6 Mar '25"
105742363390520,"Guess the Winner Campaign 6 Mar '25"
105731357453900,"Brazilian League 2024 Season's Best"
105731357455305,"Brazilian League 2024 Season's Best"
105731357456736,"Brazilian League 2024 Season's Best"
105731357467972,"Brazilian League 2024 Season's Best"
105731357470056,"Brazilian League 2024 Season's Best"
105731357522659,"Brazilian League 2024 Season's Best"
105731357540004,"Brazilian League 2024 Season's Best"
105731357566621,"Brazilian League 2024 Season's Best"
55068191664018,"POTS Brazilian League 2024"
55068191664814,"POTS Brazilian League 2024"
55068191678538,"POTS Brazilian League 2024"
55068191681321,"POTS Brazilian League 2024"
55068191681716,"POTS Brazilian League 2024"
55068191723347,"POTS Brazilian League 2024"
55068191726418,"POTS Brazilian League 2024"
55068191727749,"POTS Brazilian League 2024"
55068191728391,"POTS Brazilian League 2024"
55068191729570,"POTS Brazilian League 2024"
55068191731679,"POTS Brazilian League 2024"
55068191732528,"POTS Brazilian League 2024"
55068191732542,"POTS Brazilian League 2024"
55068191740228,"POTS Brazilian League 2024"
55068191741239,"POTS Brazilian League 2024"
55068191742314,"POTS Brazilian League 2024"
55068191748994,"POTS Brazilian League 2024"
55068191749188,"POTS Brazilian League 2024"
55068191772970,"POTS Brazilian League 2024"
55068191781270,"POTS Brazilian League 2024"
106735306076245,"Brazilian League 2024 Season's Best"
106735306130248,"Brazilian League 2024 Season's Best"
106735306181887,"Brazilian League 2024 Season's Best"
106735306121991,"Brazilian League 2024 Season's Best"
105727599346994,"European Clubs Selection 1 Jan '25"
105727599353018,"European Clubs Selection 1 Jan '25"
105727599373137,"European Clubs Selection 1 Jan '25"
105727599426149,"European Clubs Selection 1 Jan '25"
105727599426573,"European Clubs Selection 1 Jan '25"
105727599426865,"European Clubs Selection 1 Jan '25"
105727599427006,"European Clubs Selection 1 Jan '25"
105727599428124,"European Clubs Selection 1 Jan '25"
105727599428150,"European Clubs Selection 1 Jan '25"
105727599432047,"European Clubs Selection 1 Jan '25"
105727599432589,"European Clubs Selection 1 Jan '25"
105727599436617,"European Clubs Selection 1 Jan '25"
105727599439965,"European Clubs Selection 1 Jan '25"
105727599442939,"European Clubs Selection 1 Jan '25"
105727599446574,"European Clubs Selection 1 Jan '25"
105727599453203,"European Clubs Selection 1 Jan '25"
105727599453766,"European Clubs Selection 1 Jan '25"
105727599453904,"European Clubs Selection 1 Jan '25"
105727599456219,"European Clubs Selection 1 Jan '25"
105727599460905,"European Clubs Selection 1 Jan '25"
52878295186505,"POTW 12 Dec '24"
52878295209930,"POTW 12 Dec '24"
52878295211008,"POTW 12 Dec '24"
52878295213388,"POTW 12 Dec '24"
52878295216150,"POTW 12 Dec '24"
52878295217938,"POTW 12 Dec '24"
52878295283655,"POTW 12 Dec '24"
52878295289079,"POTW 12 Dec '24"
52878295304332,"POTW 12 Dec '24"
52878295309072,"POTW 12 Dec '24"
52878295312650,"POTW 12 Dec '24"
105741557993335,"Trendyol Süper Lig Selection 23 Jan '25"
105741557995889,"Trendyol Süper Lig Selection 23 Jan '25"
105741557998986,"Trendyol Süper Lig Selection 23 Jan '25"
105741558015299,"Trendyol Süper Lig Selection 23 Jan '25"
105741558064470,"Trendyol Süper Lig Selection 23 Jan '25"
105741558066188,"Trendyol Süper Lig Selection 23 Jan '25"
105741558067303,"Trendyol Süper Lig Selection 23 Jan '25"
105741558077648,"Trendyol Süper Lig Selection 23 Jan '25"
105725451845963,"J1 LEAGUE Selection 26 Dec '24"
105725451846047,"J1 LEAGUE Selection 26 Dec '24"
105725451886642,"J1 LEAGUE Selection 26 Dec '24"
105725451933714,"J1 LEAGUE Selection 26 Dec '24"
105725451950958,"J1 LEAGUE Selection 26 Dec '24"
105725451951129,"J1 LEAGUE Selection 26 Dec '24"
105725451954578,"J1 LEAGUE Selection 26 Dec '24"
105725451963756,"J1 LEAGUE Selection 26 Dec '24"
105725451982130,"J1 LEAGUE Selection 26 Dec '24"
105725451989088,"J1 LEAGUE Selection 26 Dec '24"
106733695508536,"2024 J.LEAGUE AWARDS"
106733695560490,"2024 J.LEAGUE AWARDS"
106733695463251,"2024 J.LEAGUE AWARDS"
106733427027795,"J.LEAGUE Monthly MVPs Nov & Dec '24"
106733427081931,"J.LEAGUE Monthly MVPs Nov & Dec '24"
106733427072516,"J.LEAGUE Monthly MVPs Nov & Dec '24"
106733427090746,"J.LEAGUE Monthly MVPs Nov & Dec '24"
105725988716738,"2024 J.LEAGUE AWARDS"
105725988739180,"2024 J.LEAGUE AWARDS"
105725988757567,"2024 J.LEAGUE AWARDS"
105725988761426,"2024 J.LEAGUE AWARDS"
105725988808972,"2024 J.LEAGUE AWARDS"
105725988815821,"2024 J.LEAGUE AWARDS"
105725988818659,"2024 J.LEAGUE AWARDS"
105725988822002,"2024 J.LEAGUE AWARDS"
105725988868384,"2024 J.LEAGUE AWARDS"
105725720281419,"J1 LEAGUE Selection 19 Dec '24"
105725720281503,"J1 LEAGUE Selection 19 Dec '24"
105725720322098,"J1 LEAGUE Selection 19 Dec '24"
105725720369170,"J1 LEAGUE Selection 19 Dec '24"
105725720386414,"J1 LEAGUE Selection 19 Dec '24"
105725720386585,"J1 LEAGUE Selection 19 Dec '24"
105725720390034,"J1 LEAGUE Selection 19 Dec '24"
105725720399212,"J1 LEAGUE Selection 19 Dec '24"
105725720417586,"J1 LEAGUE Selection 19 Dec '24"
105725720424544,"J1 LEAGUE Selection 19 Dec '24"
105725720410946,"J.LEAGUE Monthly MVPs Nov & Dec '24"
105725720404657,"J.LEAGUE Monthly MVPs Nov & Dec '24"
105728136231330,"National Teams Selection Guardians 9 Jan '25"
105728136284107,"National Teams Selection Guardians 9 Jan '25"
105728136287359,"National Teams Selection Guardians 9 Jan '25"
105728136293437,"National Teams Selection Guardians 9 Jan '25"
105728136293657,"National Teams Selection Guardians 9 Jan '25"
105728136301452,"National Teams Selection Guardians 9 Jan '25"
105728136325869,"National Teams Selection Guardians 9 Jan '25"
105728136341122,"National Teams Selection Guardians 9 Jan '25"
105727867788923,"Mid-season MVPs 9 Jan '25"
105727867862312,"Mid-season MVPs 9 Jan '25"
105727867863450,"Mid-season MVPs 9 Jan '25"
105727867875270,"Mid-season MVPs 9 Jan '25"
105727867875421,"Mid-season MVPs 9 Jan '25"
105727867881509,"Mid-season MVPs 9 Jan '25"
105727867886508,"Mid-season MVPs 9 Jan '25"
105727867901819,"Mid-season MVPs 9 Jan '25"
106734500753192,"Aerial Fort 9 Jan '25"
106734500820152,"Aerial Fort 9 Jan '25"
106734500820728,"Aerial Fort 9 Jan '25"
105742631802658,"Daily Bonus"
105742631825056,"Daily Bonus"
105742631830624,"Daily Bonus"
106736916728790,"Daily Bonus"
105735434332357,"AFC Asian Qualifiers™ Selection 9 Jan '25"
105735434384023,"AFC Asian Qualifiers™ Selection 9 Jan '25"
105735434384407,"AFC Asian Qualifiers™ Selection 9 Jan '25"
105735434387440,"AFC Asian Qualifiers™ Selection 9 Jan '25"
105735434396886,"AFC Asian Qualifiers™ Selection 9 Jan '25"
105735434402489,"AFC Asian Qualifiers™ Selection 9 Jan '25"
105735434403103,"AFC Asian Qualifiers™ Selection 9 Jan '25"
105735434418350,"AFC Asian Qualifiers™ Selection 9 Jan '25"
105728689889024,"AFC Champions League Elite™ Selection 13 Jan '25"
105728689936874,"AFC Champions League Elite™ Selection 13 Jan '25"
105728689941012,"AFC Champions League Elite™ Selection 13 Jan '25"
105728689942502,"AFC Champions League Elite™ Selection 13 Jan '25"
105728689945176,"AFC Champions League Elite™ Selection 13 Jan '25"
105728689954557,"AFC Champions League Elite™ Selection 13 Jan '25"
105728689984834,"AFC Champions League Elite™ Selection 13 Jan '25"
105728689998329,"AFC Champions League Elite™ Selection 13 Jan '25"
106734785925546,"AFC Champions League Elite™ Selection 13 Jan '25"
106734785968811,"AFC Champions League Elite™ Selection 13 Jan '25"
106734786026053,"AFC Champions League Elite™ Selection 13 Jan '25"
53972975019285,"POTM Trendyol Süper Lig 9 Jan '25"
53972975021091,"POTM Trendyol Süper Lig 9 Jan '25"
53972975064245,"POTM Trendyol Süper Lig 9 Jan '25"
53972975068319,"POTM Trendyol Süper Lig 9 Jan '25"
53972975068769,"POTM Trendyol Süper Lig 9 Jan '25"
53972975106864,"POTM Trendyol Süper Lig 9 Jan '25"
52878832087977,"POTW European Club Championship 19 Dec '24"
52878832105458,"POTW European Club Championship 19 Dec '24"
52878832156550,"POTW European Club Championship 19 Dec '24"
52878832158735,"POTW European Club Championship 19 Dec '24"
52878832159597,"POTW European Club Championship 19 Dec '24"
52878832168608,"POTW European Club Championship 19 Dec '24"
52878832168704,"POTW European Club Championship 19 Dec '24"
52878832171353,"POTW European Club Championship 19 Dec '24"
52878832186804,"POTW European Club Championship 19 Dec '24"
52878832187974,"POTW European Club Championship 19 Dec '24"
52878832201421,"POTW European Club Championship 19 Dec '24"
105735115623457,"Lunar New Year Campaign 16 Jan '25"
105735115639341,"Lunar New Year Campaign 16 Jan '25"
105735115664404,"Lunar New Year Campaign 16 Jan '25"
52878563649591,"POTW 19 Dec '24"
52878563710214,"POTW 19 Dec '24"
52878563714930,"POTW 19 Dec '24"
52878563717154,"POTW 19 Dec '24"
52878563720729,"POTW 19 Dec '24"
52878563724321,"POTW 19 Dec '24"
52878563725272,"POTW 19 Dec '24"
52878563732746,"POTW 19 Dec '24"
52878563734549,"POTW 19 Dec '24"
52878563737873,"POTW 19 Dec '24"
52878563758399,"POTW 19 Dec '24"
105739678968863,"Captain Tsubasa Collaboration Campaign 30 Jan '25"
105739679019668,"Captain Tsubasa Collaboration Campaign 30 Jan '25"
105739679020520,"Captain Tsubasa Collaboration Campaign 30 Jan '25"
105739679021481,"Captain Tsubasa Collaboration Campaign 30 Jan '25"
105739410513312,"Captain Tsubasa Collaboration Campaign 30 Jan '25"
105739947454516,"Captain Tsubasa Collaboration Campaign 30 Jan '25"
105739947505420,"Captain Tsubasa Collaboration Campaign 30 Jan '25"
106733695550019,"2024 J.LEAGUE AWARDS"
105727062576396,"European Clubs Selection Guardians 30 Dec '24"
105728941549723,"European Clubs Selection Midfielders 16 Jan '25"
105728941601980,"European Clubs Selection Midfielders 16 Jan '25"
105728941604229,"European Clubs Selection Midfielders 16 Jan '25"
105728941609782,"European Clubs Selection Midfielders 16 Jan '25"
105728941616686,"European Clubs Selection Midfielders 16 Jan '25"
105728941616746,"European Clubs Selection Midfielders 16 Jan '25"
105728941624934,"European Clubs Selection Midfielders 16 Jan '25"
105728941642810,"European Clubs Selection Midfielders 16 Jan '25"
105729209960445,"Italian League Selection Attackers 20 Jan '25"
105729209968726,"Italian League Selection Attackers 20 Jan '25"
105729210039779,"Italian League Selection Attackers 20 Jan '25"
105729210043028,"Italian League Selection Attackers 20 Jan '25"
105729210043865,"Italian League Selection Attackers 20 Jan '25"
105729210049868,"Italian League Selection Attackers 20 Jan '25"
105729210067847,"Italian League Selection Attackers 20 Jan '25"
105729210085217,"Italian League Selection Attackers 20 Jan '25"
52879100515879,"POTW 26 Dec '24"
52879100524619,"POTW 26 Dec '24"
52879100585640,"POTW 26 Dec '24"
52879100588158,"POTW 26 Dec '24"
52879100588278,"POTW 26 Dec '24"
52879100592519,"POTW 26 Dec '24"
52879100604323,"POTW 26 Dec '24"
52879100604365,"POTW 26 Dec '24"
52879100607401,"POTW 26 Dec '24"
52879100607759,"POTW 26 Dec '24"
52879100637026,"POTW 26 Dec '24"
88229365678301,"Jクラ用"
88229634113757,"Jクラ用"
52879368957598,"POTW 9 Jan '25"
52879369023290,"POTW 9 Jan '25"
52879369025962,"POTW 9 Jan '25"
52879369029120,"POTW 9 Jan '25"
52879369030689,"POTW 9 Jan '25"
52879369032731,"POTW 9 Jan '25"
52879369034908,"POTW 9 Jan '25"
52879369035160,"POTW 9 Jan '25"
52879369035229,"POTW 9 Jan '25"
52879369045829,"POTW 9 Jan '25"
52879369051558,"POTW 9 Jan '25"
105729478473306,"English League Selection Midfielders 27 Jan '25"
105729478475274,"English League Selection Midfielders 27 Jan '25"
105729478476206,"English League Selection Midfielders 27 Jan '25"
105729478479330,"English League Selection Midfielders 27 Jan '25"
105729478487993,"English League Selection Midfielders 27 Jan '25"
105729478491407,"English League Selection Midfielders 27 Jan '25"
105729478499079,"English League Selection Midfielders 27 Jan '25"
105729478509052,"English League Selection Midfielders 27 Jan '25"
105743973923017,"National Teams Selection Attackers 30 Jan '25"
105743973936277,"National Teams Selection Attackers 30 Jan '25"
105743973983324,"National Teams Selection Attackers 30 Jan '25"
105743973983808,"National Teams Selection Attackers 30 Jan '25"
105743974006483,"National Teams Selection Attackers 30 Jan '25"
105743974008735,"National Teams Selection Attackers 30 Jan '25"
105743974017867,"National Teams Selection Attackers 30 Jan '25"
105743974020152,"National Teams Selection Attackers 30 Jan '25"
106738795720031,"Standout Lefties 3 Feb '25"
106738795813804,"Standout Lefties 3 Feb '25"
106738795814310,"Standout Lefties 3 Feb '25"
105748000511970,"Standout Lefties 3 Feb '25"
105748000515791,"Standout Lefties 3 Feb '25"
105748000519038,"Standout Lefties 3 Feb '25"
105748000523818,"Standout Lefties 3 Feb '25"
105748000526283,"Standout Lefties 3 Feb '25"
105748000540516,"Standout Lefties 3 Feb '25"
105748000550288,"Standout Lefties 3 Feb '25"
105748000554572,"Standout Lefties 3 Feb '25"
52879637388647,"POTW 16 Jan '25"
52879637408411,"POTW 16 Jan '25"
52879637452770,"POTW 16 Jan '25"
52879637456754,"POTW 16 Jan '25"
52879637458978,"POTW 16 Jan '25"
52879637458996,"POTW 16 Jan '25"
52879637466118,"POTW 16 Jan '25"
52879637469974,"POTW 16 Jan '25"
52879637470216,"POTW 16 Jan '25"
52879637495342,"POTW 16 Jan '25"
52879637495670,"POTW 16 Jan '25"
105733773437389,"Ramadan Campaign 20 Feb '25"
105733773450844,"Ramadan Campaign 20 Feb '25"
105733773457753,"Ramadan Campaign 20 Feb '25"
105733773466384,"Ramadan Campaign 20 Feb '25"
88035823830185,"Italy 2000"
88035823722878,"France 2018"
88035823751192,"Uruguay 2011"
88035823760248,"Dortmund SG 13-14"
88035823714513,"Urawa Reds 2008"
88035823714525,"Nagoya Grampus 2010"
88035823874883,"Arsenal FC 90-91"
88035823852263,"Manchester United 92-93"
88035823744514,"Manchester B 11-12"
88035823862329,"FC Bayern München 75-76"
88035823848941,"FC Bayern München 79-80"
88035823848953,"FC Bayern München 07-08"
88035823718377,"Spain 2008"
88035823848926,"Netherlands 2010"
88035823848901,"Czechia 1996"
88035823714624,"Japan 2010"
88035823848919,"Japan 2002"
88035823714318,"Japan 2006"
88035823752931,"France 2018"
88035823751302,"Belgium 2018"
88035823760539,"Italy 2021"
88035823848942,"Kashima Antlers 1993"
88035823714534,"Nagoya Grampus 1996"
88035823852253,"Portugal 2004"
88035823848976,"FC Barcelona 03-04"
88035823848920,"Manchester United 98-99"
88035823771403,"Thailand 2014"
88035823874881,"AC Milan 02-03"
88035823836289,"FC Barcelona 19-20"
105734310370982,"Negrete - A Passada 20 Feb '25"
52879905826629,"POTW 23 Jan '25"
52879905828584,"POTW 23 Jan '25"
52879905891748,"POTW 23 Jan '25"
52879905898616,"POTW 23 Jan '25"
52879905898653,"POTW 23 Jan '25"
52879905900413,"POTW 23 Jan '25"
52879905902785,"POTW 23 Jan '25"
52879905912902,"POTW 23 Jan '25"
52879905917109,"POTW 23 Jan '25"
52879905941792,"POTW 23 Jan '25"
52879905943393,"POTW 23 Jan '25"
105736726178197,"European Clubs Selection Attackers 10 Feb '25"
105736726179721,"European Clubs Selection Attackers 10 Feb '25"
105736726222012,"European Clubs Selection Attackers 10 Feb '25"
105736726226004,"European Clubs Selection Attackers 10 Feb '25"
105736726232192,"European Clubs Selection Attackers 10 Feb '25"
105736726235110,"European Clubs Selection Attackers 10 Feb '25"
105736726271328,"European Clubs Selection Attackers 10 Feb '25"
105736726277604,"European Clubs Selection Attackers 10 Feb '25"
105749342629672,"Liverpool R Selection 6 Feb '25"
105749342641955,"Liverpool R Selection 6 Feb '25"
105749342685860,"Liverpool R Selection 6 Feb '25"
105749342693065,"Liverpool R Selection 6 Feb '25"
105749342699067,"Liverpool R Selection 6 Feb '25"
105749342701375,"Liverpool R Selection 6 Feb '25"
105749342708057,"Liverpool R Selection 6 Feb '25"
105749342711946,"Liverpool R Selection 6 Feb '25"
105736994587041,"FC Bayern München Pack 20 Feb '25"
105736994601143,"FC Bayern München Pack 20 Feb '25"
105736994613691,"FC Bayern München Pack 20 Feb '25"
105736994614236,"FC Bayern München Pack 20 Feb '25"
105736994614740,"FC Bayern München Pack 20 Feb '25"
105736994663396,"FC Bayern München Pack 20 Feb '25"
105736994670511,"FC Bayern München Pack 20 Feb '25"
105736994677963,"FC Bayern München Pack 20 Feb '25"
105736994683225,"FC Bayern München Pack 20 Feb '25"
105736994683817,"FC Bayern München Pack 20 Feb '25"
105736994684063,"FC Bayern München Selection 20 Feb '25"
105736994716019,"FC Bayern München Pack 20 Feb '25"
52880442695351,"POTW European Club Championship 30 Jan '25"
52880442758124,"POTW European Club Championship 30 Jan '25"
52880442765850,"POTW European Club Championship 30 Jan '25"
52880442769382,"POTW European Club Championship 30 Jan '25"
52880442771767,"POTW European Club Championship 30 Jan '25"
52880442773873,"POTW European Club Championship 30 Jan '25"
52880442781057,"POTW European Club Championship 30 Jan '25"
52880442781344,"POTW European Club Championship 30 Jan '25"
52880442781834,"POTW European Club Championship 30 Jan '25"
52880442781579,"POTW European Club Championship 30 Jan '25"
52880442802675,"POTW European Club Championship 30 Jan '25"
105735669215105,"AFC Champions League™ Selection 13 Feb '25"
105735669215517,"AFC Champions League™ Selection 13 Feb '25"
105735669256549,"AFC Champions League™ Selection 13 Feb '25"
105735669276285,"AFC Champions League™ Selection 13 Feb '25"
105735669310103,"AFC Champions League™ Selection 13 Feb '25"
105735669317101,"AFC Champions League™ Selection 13 Feb '25"
105735669317278,"AFC Champions League™ Selection 13 Feb '25"
105735669323830,"AFC Champions League™ Selection 13 Feb '25"
53973511891100,"POTM Trendyol Süper Lig 13 Feb '25"
53973511931817,"POTM Trendyol Süper Lig 13 Feb '25"
53973511943636,"POTM Trendyol Süper Lig 13 Feb '25"
53973511948223,"POTM Trendyol Süper Lig 13 Feb '25"
53973511984697,"POTM Trendyol Süper Lig 13 Feb '25"
53973512003504,"POTM Trendyol Süper Lig 13 Feb '25"
105729746813018,"Role Changers 13 Feb '25"
105729746843595,"Role Changers 13 Feb '25"
105729746907170,"Role Changers 13 Feb '25"
105729746907188,"Role Changers 13 Feb '25"
105729746908648,"Role Changers 13 Feb '25"
105729746939740,"Role Changers 13 Feb '25"
105729746948374,"Role Changers 13 Feb '25"
105729746955981,"Role Changers 13 Feb '25"
105736457743446,"European Clubs Selection Guardians 17 Feb '25"
105736457790717,"European Clubs Selection Guardians 17 Feb '25"
105738336839085,"European Clubs Selection Guardians 3 Mar '25"
105738336841133,"European Clubs Selection Guardians 3 Mar '25"
105738336851870,"European Clubs Selection Guardians 3 Mar '25"
105736457805651,"European Clubs Selection Guardians 17 Feb '25"
105738336854856,"European Clubs Selection Guardians 3 Mar '25"
105736457834716,"European Clubs Selection Guardians 17 Feb '25"
105738336849792,"European Clubs Selection Guardians 3 Mar '25"
105736457804894,"European Clubs Selection Guardians 17 Feb '25"
105736457809805,"European Clubs Selection Guardians 17 Feb '25"
105738336862405,"European Clubs Selection Guardians 3 Mar '25"
105738336866520,"European Clubs Selection Guardians 3 Mar '25"
105738336869455,"European Clubs Selection Guardians 3 Mar '25"
105736457823509,"European Clubs Selection Guardians 17 Feb '25"
105736457835402,"European Clubs Selection Guardians 17 Feb '25"
105737263103645,"European Clubs Selection 20 Feb '25"
105737263116828,"European Clubs Selection 20 Feb '25"
105737263121905,"European Clubs Selection 20 Feb '25"
105737263121928,"European Clubs Selection 20 Feb '25"
105737263122965,"European Clubs Selection 20 Feb '25"
105737263126457,"European Clubs Selection 20 Feb '25"
105737263135777,"European Clubs Selection 20 Feb '25"
105737263154155,"European Clubs Selection 20 Feb '25"
105737531536576,"Brazil Selection 24 Feb '25"
105737531542949,"Brazil Selection 24 Feb '25"
105737531545090,"Brazil Selection 24 Feb '25"
105737531546044,"Brazil Selection 24 Feb '25"
105737531551285,"Brazil Selection 24 Feb '25"
105737531559809,"Brazil Selection 24 Feb '25"
105737531568612,"Brazil Selection 24 Feb '25"
105737531576285,"Brazil Selection 24 Feb '25"
105721962205545,"Trendyol Süper Lig Selection 20 Feb '25"
105721962277852,"Trendyol Süper Lig Selection 20 Feb '25"
105721962286893,"Trendyol Süper Lig Selection 20 Feb '25"
105721962289303,"Trendyol Süper Lig Selection 20 Feb '25"
105721962289399,"Trendyol Süper Lig Selection 20 Feb '25"
105721962310542,"Trendyol Süper Lig Selection 20 Feb '25"
105721962320492,"Trendyol Süper Lig Selection 20 Feb '25"
105721962325526,"Trendyol Süper Lig Selection 20 Feb '25"
88035823729624,"Dortmund SG 11-12"
52880174266079,"POTW 30 Jan '25"
52880174327921,"POTW 30 Jan '25"
52880174328269,"POTW 30 Jan '25"
52880174329982,"POTW 30 Jan '25"
52880174333374,"POTW 30 Jan '25"
52880174337435,"POTW 30 Jan '25"
52880174352942,"POTW 30 Jan '25"
52880174357656,"POTW 30 Jan '25"
52880174362977,"POTW 30 Jan '25"
52880174367436,"POTW 30 Jan '25"
52880174380812,"POTW 30 Jan '25"
105738605275249,"Internazionale Milano Pack 6 Mar '25"
105738605203219,"Internazionale Milano Pack 6 Mar '25"
105738605281254,"Internazionale Milano Pack 6 Mar '25"
105738605270278,"Internazionale Milano Pack 6 Mar '25"
105738605274278,"Internazionale Milano Pack 6 Mar '25"
105738605207467,"Internazionale Milano Pack 6 Mar '25"
105738605271344,"Internazionale Milano Pack 6 Mar '25"
105738605213966,"Internazionale Milano Pack 6 Mar '25"
105738605281427,"Internazionale Milano Pack 6 Mar '25"
105738605278578,"Internazionale Milano Pack 6 Mar '25"
105738605272542,"Internazionale Milano Pack 6 Mar '25"
105738605206528,"Internazionale Milano Selection 6 Mar '25"
105748537381030,"Özel Başlangıç Paketi: Türkiye 27 Feb '25"
105748537401624,"Özel Başlangıç Paketi: Türkiye 27 Feb '25"
105748537402056,"Özel Başlangıç Paketi: Türkiye 27 Feb '25"
106739064275997,"Özel Başlangıç Paketi: Türkiye 27 Feb '25"
105749074191800,"Bayer 04 Leverkusen Selection 20 Feb '25"
105749074192791,"Bayer 04 Leverkusen Selection 20 Feb '25"
105749074252095,"Bayer 04 Leverkusen Selection 20 Feb '25"
105749074261752,"Bayer 04 Leverkusen Selection 20 Feb '25"
105749074277801,"Bayer 04 Leverkusen Selection 20 Feb '25"
105749074282970,"Bayer 04 Leverkusen Selection 20 Feb '25"
105749074287300,"Bayer 04 Leverkusen Selection 20 Feb '25"
105749074291614,"Bayer 04 Leverkusen Selection 20 Feb '25"
52880979573417,"POTW European Club Championship 6 Feb '25"
52880979585090,"POTW European Club Championship 6 Feb '25"
52880979633701,"POTW European Club Championship 6 Feb '25"
52880979634637,"POTW European Club Championship 6 Feb '25"
52880979636258,"POTW European Club Championship 6 Feb '25"
52880979652557,"POTW European Club Championship 6 Feb '25"
52880979654420,"POTW European Club Championship 6 Feb '25"
52880979658176,"POTW European Club Championship 6 Feb '25"
52880979672922,"POTW European Club Championship 6 Feb '25"
52880979677139,"POTW European Club Championship 6 Feb '25"
52880979685903,"POTW European Club Championship 6 Feb '25"
105749611125092,"Guess the Winner Campaign 6 Mar '25"
105749611140177,"Guess the Winner Campaign 6 Mar '25"
105749611161509,"Guess the Winner Campaign 6 Mar '25"
105735669215506,"AFC Champions League™ Selection 13 Feb '25"
105735669257297,"AFC Champions League™ Selection 13 Feb '25"
105735669316955,"AFC Champions League™ Selection 13 Feb '25"
52880711131051,"POTW 6 Feb '25"
52880711153650,"POTW 6 Feb '25"
52880711205430,"POTW 6 Feb '25"
52880711208450,"POTW 6 Feb '25"
52880711210631,"POTW 6 Feb '25"
52880711222966,"POTW 6 Feb '25"
52880711223333,"POTW 6 Feb '25"
52880711230436,"POTW 6 Feb '25"
52880711242249,"POTW 6 Feb '25"
52880711247900,"POTW 6 Feb '25"
52880711249613,"POTW 6 Feb '25"
105738605267689,"Internazionale Milano Pack 6 Mar '25"
105738605274661,"Internazionale Milano Pack 6 Mar '25"
105738605289299,"Internazionale Milano Pack 6 Mar '25"
105754979770527,"Winter Transfer 3 Mar '25"
105754979844662,"Winter Transfer 3 Mar '25"
105754979847340,"Winter Transfer 3 Mar '25"
105754979851158,"Winter Transfer 3 Mar '25"
105754979851679,"Winter Transfer 3 Mar '25"
105754979858128,"Winter Transfer 3 Mar '25"
105754979871496,"Winter Transfer 3 Mar '25"
105754979882618,"Winter Transfer 3 Mar '25"
105737799896993,"European Clubs Selection 27 Feb '25"
105737799898663,"European Clubs Selection 27 Feb '25"
105737799905170,"European Clubs Selection 27 Feb '25"
105737799921130,"European Clubs Selection 27 Feb '25"
105737799964941,"European Clubs Selection 27 Feb '25"
105737799970802,"European Clubs Selection 27 Feb '25"
105737799995092,"European Clubs Selection 27 Feb '25"
105737800011916,"European Clubs Selection 27 Feb '25"
52881247999655,"POTW 13 Feb '25"
52881248005192,"POTW 13 Feb '25"
52881248006378,"POTW 13 Feb '25"
52881248065798,"POTW 13 Feb '25"
52881248079832,"POTW 13 Feb '25"
52881248080899,"POTW 13 Feb '25"
52881248089808,"POTW 13 Feb '25"
52881248094140,"POTW 13 Feb '25"
52881248094741,"POTW 13 Feb '25"
52881248109097,"POTW 13 Feb '25"
52881248123251,"POTW 13 Feb '25"
89134798531069,"Big Time 31 Aug '17"
89134798475975,"Big Time 3 Aug '05"
89134798637047,"Big Time 14 Dec '97"
89134798637048,"Big Time 13 Aug '95"
89134798472959,"Big Time 2 Jul '05"
52884200789543,"POTW European Club Championship 20 Feb '25"
52884200853996,"POTW European Club Championship 20 Feb '25"
52884200865670,"POTW European Club Championship 20 Feb '25"
52884200867759,"POTW European Club Championship 20 Feb '25"
52884200871604,"POTW European Club Championship 20 Feb '25"
52884200880473,"POTW European Club Championship 20 Feb '25"
52884200881147,"POTW European Club Championship 20 Feb '25"
52884200884647,"POTW European Club Championship 20 Feb '25"
52884200886171,"POTW European Club Championship 20 Feb '25"
52884200898180,"POTW European Club Championship 20 Feb '25"
52884200904241,"POTW European Club Championship 20 Feb '25"
105748268859461,"J.LEAGUE Selection 6 Mar '25"
105748268902730,"J.LEAGUE Selection 6 Mar '25"
105748268954098,"J.LEAGUE Selection 6 Mar '25"
105748268964820,"J.LEAGUE Selection 6 Mar '25"
105748268965458,"J.LEAGUE Selection 6 Mar '25"
105748268967209,"J.LEAGUE Selection 6 Mar '25"
105748268969739,"J.LEAGUE Selection 6 Mar '25"
105748268987526,"J.LEAGUE Selection 6 Mar '25"
105748268971839,"J.LEAGUE Selection 6 Mar '25"
105748268978269,"J.LEAGUE Selection 6 Mar '25"
105748268978272,"J.LEAGUE Selection 6 Mar '25"
105748268978385,"J.LEAGUE Selection 6 Mar '25"
105748268978523,"J.LEAGUE Selection 6 Mar '25"
105748268989110,"J.LEAGUE Selection 6 Mar '25"
105748268991043,"J.LEAGUE Selection 6 Mar '25"
105748268978204,"J.LEAGUE Selection 6 Mar '25"
105748268973207,"J.LEAGUE Selection 6 Mar '25"
105748268995905,"J.LEAGUE Selection 6 Mar '25"
105748269011173,"J.LEAGUE Selection 6 Mar '25"
105748269016171,"J.LEAGUE Selection 6 Mar '25"
105748268971762,"J.LEAGUE Selection 6 Mar '25"
105748268973551,"J.LEAGUE Selection 6 Mar '25"
105748268976903,"J.LEAGUE Selection 6 Mar '25"
105748268978261,"J.LEAGUE Selection 6 Mar '25"
105748268986213,"J.LEAGUE Selection 6 Mar '25"
105748268987635,"J.LEAGUE Selection 6 Mar '25"
105748268989109,"J.LEAGUE Selection 6 Mar '25"
105748268989866,"J.LEAGUE Selection 6 Mar '25"
105748268994524,"J.LEAGUE Selection 6 Mar '25"
105748268995226,"J.LEAGUE Selection 6 Mar '25"
105748268995682,"J.LEAGUE Selection 6 Mar '25"
105748269002122,"J.LEAGUE Selection 6 Mar '25"
105748269004001,"J.LEAGUE Selection 6 Mar '25"
105748269008817,"J.LEAGUE Selection 6 Mar '25"
105748269009588,"J.LEAGUE Selection 6 Mar '25"
105748269011285,"J.LEAGUE Selection 6 Mar '25"
105748269011367,"J.LEAGUE Selection 6 Mar '25"
105748269011389,"J.LEAGUE Selection 6 Mar '25"
105748269016166,"J.LEAGUE Selection 6 Mar '25"
105748269016399,"J.LEAGUE Selection 6 Mar '25"
106737453559252,"International Cup Qualifiers Campaign 13 Mar '25"
106737453603113,"International Cup Qualifiers Campaign 13 Mar '25"
106737453613030,"International Cup Qualifiers Campaign 13 Mar '25"
106737453613622,"International Cup Qualifiers Campaign 13 Mar '25"
106737453614662,"International Cup Qualifiers Campaign 13 Mar '25"
105747732088751,"International Cup Qualifiers Campaign 13 Mar '25"
105747732089740,"International Cup Qualifiers Campaign 13 Mar '25"
105747732098816,"International Cup Qualifiers Campaign 13 Mar '25"
105747732100434,"International Cup Qualifiers Campaign 13 Mar '25"
105747732120051,"International Cup Qualifiers Campaign 13 Mar '25"
105753906105363,"International Cup Qualifiers Campaign 13 Mar '25"
105753906129647,"International Cup Qualifiers Campaign 13 Mar '25"
105753906129731,"International Cup Qualifiers Campaign 13 Mar '25"
105753906133590,"International Cup Qualifiers Campaign 13 Mar '25"
105753906133604,"International Cup Qualifiers Campaign 13 Mar '25"
105754174542191,"International Cup Qualifiers Campaign 13 Mar '25"
105754174542851,"International Cup Qualifiers Campaign 13 Mar '25"
105754174549069,"International Cup Qualifiers Campaign 13 Mar '25"
105754174549610,"International Cup Qualifiers Campaign 13 Mar '25"
105754174563778,"International Cup Qualifiers Campaign 13 Mar '25"
105738068312055,"J1 LEAGUE Selection 27 Feb '25"
105738068356992,"J1 LEAGUE Selection 27 Feb '25"
105738068417346,"J1 LEAGUE Selection 27 Feb '25"
105738068417523,"J1 LEAGUE Selection 27 Feb '25"
105738068417538,"J1 LEAGUE Selection 27 Feb '25"
105738068429061,"J1 LEAGUE Selection 27 Feb '25"
105738068431296,"J1 LEAGUE Selection 27 Feb '25"
105738068452502,"J1 LEAGUE Selection 27 Feb '25"
105738068455385,"J1 LEAGUE Selection 27 Feb '25"
105738068455418,"J1 LEAGUE Selection 27 Feb '25"
52881516413344,"POTW 20 Feb '25"
52881516500157,"POTW 20 Feb '25"
52881516513026,"POTW 20 Feb '25"
52881516514654,"POTW 20 Feb '25"
52881516516336,"POTW 20 Feb '25"
52881516519704,"POTW 20 Feb '25"
52881516523404,"POTW 20 Feb '25"
52881516523704,"POTW 20 Feb '25"
52881516538632,"POTW 20 Feb '25"
52881516539307,"POTW 20 Feb '25"
52881516555945,"POTW 20 Feb '25"
106739869539932,"Korea Republic Focus Campaign 13 Mar '25"
105744510794030,"Spanish League Selection Midfielders 10 Mar '25"
105744510857063,"Spanish League Selection Midfielders 10 Mar '25"
105744510863095,"Spanish League Selection Midfielders 10 Mar '25"
105744510874681,"Spanish League Selection Midfielders 10 Mar '25"
105744510874702,"Spanish League Selection Midfielders 10 Mar '25"
105744510877958,"Spanish League Selection Midfielders 10 Mar '25"
105744510882009,"Spanish League Selection Midfielders 10 Mar '25"
105744510893859,"Spanish League Selection Midfielders 10 Mar '25"
105745047661640,"Spanish League Selection 6 Mar '25"
105745047681033,"Spanish League Selection 6 Mar '25"
105745047725477,"Spanish League Selection 6 Mar '25"
105745047731917,"Spanish League Selection 6 Mar '25"
105745047734583,"Spanish League Selection 6 Mar '25"
105745047742532,"Spanish League Selection 6 Mar '25"
105745047744696,"Spanish League Selection 6 Mar '25"
105745047747738,"Spanish League Selection 6 Mar '25"
105745047750510,"Spanish League Selection 6 Mar '25"
105745047765545,"Spanish League Selection 6 Mar '25"
105745047783232,"Spanish League Selection 6 Mar '25"
105745316097371,"English League Selection 6 Mar '25"
105745316156412,"English League Selection 6 Mar '25"
105745316157177,"English League Selection 6 Mar '25"
105745316159746,"English League Selection 6 Mar '25"
105745316167967,"English League Selection 6 Mar '25"
105745316170079,"English League Selection 6 Mar '25"
105745316171163,"English League Selection 6 Mar '25"
105745316172820,"English League Selection 6 Mar '25"
105745316173420,"English League Selection 6 Mar '25"
105745316178794,"English League Selection 6 Mar '25"
105745316179814,"English League Selection 6 Mar '25"
105745584529873,"National Teams Selection Attackers 13 Mar '25"
105745584530029,"National Teams Selection Attackers 13 Mar '25"
105745584593197,"National Teams Selection Attackers 13 Mar '25"
105745584600831,"National Teams Selection Attackers 13 Mar '25"
105745584604803,"National Teams Selection Attackers 13 Mar '25"
105745584612477,"National Teams Selection Attackers 13 Mar '25"
105745584615121,"National Teams Selection Attackers 13 Mar '25"
105745584621747,"National Teams Selection Attackers 13 Mar '25"
106737722036725,"National Teams Selection Attackers 13 Mar '25"
106737722037510,"National Teams Selection Attackers 13 Mar '25"
106737722044542,"National Teams Selection Attackers 13 Mar '25"
106740138000583,"Holi Campaign 6 Mar '25"
105753637595191,"Korea Republic Focus Campaign 13 Mar '25"
105753637675521,"Korea Republic Focus Campaign 13 Mar '25"
105753637678553,"Korea Republic Focus Campaign 13 Mar '25"
105753637682463,"Korea Republic Focus Campaign 13 Mar '25"
105753637717848,"Korea Republic Focus Campaign 13 Mar '25"
105745852965329,"National Teams Selection Attackers 13 Mar '25"
105745852965485,"National Teams Selection Attackers 13 Mar '25"
105745853028653,"National Teams Selection Attackers 13 Mar '25"
105745853036287,"National Teams Selection Attackers 13 Mar '25"
105745853040259,"National Teams Selection Attackers 13 Mar '25"
105745853047933,"National Teams Selection Attackers 13 Mar '25"
105745853050577,"National Teams Selection Attackers 13 Mar '25"
105745853057203,"National Teams Selection Attackers 13 Mar '25"
105746389903303,"National Team Selection Japan 20 Mar '25"
105746389910475,"National Team Selection Japan 20 Mar '25"
105746389910478,"National Team Selection Japan 20 Mar '25"
105746389916676,"National Team Selection Japan 20 Mar '25"
105746389916680,"National Team Selection Japan 20 Mar '25"
105746389921676,"National Team Selection Japan 20 Mar '25"
105746389921781,"National Team Selection Japan 20 Mar '25"
105746389930431,"National Team Selection Japan 20 Mar '25"
105745584596060,"National Teams Selection Attackers 24 Mar '25"
105745584608148,"National Teams Selection Attackers 24 Mar '25"
105745584608283,"National Teams Selection Attackers 24 Mar '25"
105745584614797,"National Teams Selection Attackers 24 Mar '25"
105745584616470,"National Teams Selection Attackers 24 Mar '25"
105745584620557,"National Teams Selection Attackers 24 Mar '25"
105745584625448,"National Teams Selection Attackers 24 Mar '25"
105745584629049,"National Teams Selection Attackers 24 Mar '25"
105737799900226,"European Clubs Selection 27 Feb '25"
52884469229224,"POTW European Club Championship 27 Feb '25"
52884469294799,"POTW European Club Championship 27 Feb '25"
52884469297278,"POTW European Club Championship 27 Feb '25"
52884469304395,"POTW European Club Championship 27 Feb '25"
52884469304632,"POTW European Club Championship 27 Feb '25"
52884469304961,"POTW European Club Championship 27 Feb '25"
52884469310305,"POTW European Club Championship 27 Feb '25"
52884469316521,"POTW European Club Championship 27 Feb '25"
52884469322604,"POTW European Club Championship 27 Feb '25"
52884469343937,"POTW European Club Championship 27 Feb '25"
52884469344193,"POTW European Club Championship 27 Feb '25"
105755785208423,"Windah Basudara Campaign Vol. 2"
52881784866098,"POTW 27 Feb '25"
52881784890757,"POTW 27 Feb '25"
52881784935420,"POTW 27 Feb '25"
52881784942599,"POTW 27 Feb '25"
52881784942902,"POTW 27 Feb '25"
52881784943486,"POTW 27 Feb '25"
52881784950240,"POTW 27 Feb '25"
52881784954333,"POTW 27 Feb '25"
52881784956107,"POTW 27 Feb '25"
52881784962319,"POTW 27 Feb '25"
52881784974261,"POTW 27 Feb '25"
106738258909413,"National Teams Selection Guardians 20 Mar '25"
106738258921279,"National Teams Selection Guardians 20 Mar '25"
106738258937280,"National Teams Selection Guardians 20 Mar '25"
53973780330517,"POTM Trendyol Süper Lig 20 Mar '25"
53973780369918,"POTM Trendyol Süper Lig 20 Mar '25"
53973780373772,"POTM Trendyol Süper Lig 20 Mar '25"
53973780390584,"POTM Trendyol Süper Lig 20 Mar '25"
53973780394005,"POTM Trendyol Süper Lig 20 Mar '25"
53973780394621,"POTM Trendyol Süper Lig 20 Mar '25"
53974048718964,"POTM J1 LEAGUE 20 Mar '25"
53974048824398,"POTM J1 LEAGUE 20 Mar '25"
53974048843800,"POTM J1 LEAGUE 20 Mar '25"
53974048855346,"POTM J1 LEAGUE 20 Mar '25"
53974048862998,"POTM J1 LEAGUE 20 Mar '25"
53974048863741,"POTM J1 LEAGUE 20 Mar '25"
105738873636146,"Pride of the Club 20 Mar '25"
105738873642762,"Pride of the Club 20 Mar '25"
105738873643130,"Pride of the Club 20 Mar '25"
105738873702207,"Pride of the Club 20 Mar '25"
105738873702309,"Pride of the Club 20 Mar '25"
105738873704338,"Pride of the Club 20 Mar '25"
105738873706796,"Pride of the Club 20 Mar '25"
105738873715453,"Pride of the Club 20 Mar '25"
105746926709717,"National Teams Selection Guardians 20 Mar '25"
105746926769932,"National Teams Selection Guardians 20 Mar '25"
105746926773953,"National Teams Selection Guardians 20 Mar '25"
105746926779011,"National Teams Selection Guardians 20 Mar '25"
105746926782304,"National Teams Selection Guardians 20 Mar '25"
105746926786152,"National Teams Selection Guardians 20 Mar '25"
105746926813434,"National Teams Selection Guardians 20 Mar '25"
105741289529726,"American League International Stars 20 Mar '25"
105741289558040,"American League International Stars 20 Mar '25"
105741289559779,"American League International Stars 20 Mar '25"
105741289567096,"American League International Stars 20 Mar '25"
105741289567387,"American League International Stars 20 Mar '25"
105741289643137,"American League International Stars 20 Mar '25"
105739158829753,"AFC Champions League™ Selection 20 Mar '25"
105739158855570,"AFC Champions League™ Selection 20 Mar '25"
105739158921714,"AFC Champions League™ Selection 20 Mar '25"
105739158928249,"AFC Champions League™ Selection 20 Mar '25"
105739158938073,"AFC Champions League™ Selection 20 Mar '25"
105739158941527,"AFC Champions League™ Selection 20 Mar '25"
105739158974033,"AFC Champions League™ Selection 20 Mar '25"
105739158974706,"AFC Champions League™ Selection 20 Mar '25"
105739158980806,"AFC Champions League™ Selection 20 Mar '25"
105739158980827,"AFC Champions League™ Selection 20 Mar '25"
105746121407146,"National Teams Selection Midfielders 17 Mar '25"
105746121420288,"National Teams Selection Midfielders 17 Mar '25"
105746121462275,"National Teams Selection Midfielders 17 Mar '25"
105746121468461,"National Teams Selection Midfielders 17 Mar '25"
105746121499900,"National Teams Selection Midfielders 17 Mar '25"
105746121500938,"National Teams Selection Midfielders 17 Mar '25"
105746121518680,"National Teams Selection Midfielders 17 Mar '25"
105746121529738,"National Teams Selection Midfielders 17 Mar '25"
53973780328056,"POTM Trendyol Süper Lig 20 Mar '25"
52882053310012,"POTW 6 Mar '25"
52882053314985,"POTW 6 Mar '25"
52882053327902,"POTW 6 Mar '25"
52882053376425,"POTW 6 Mar '25"
52882053376440,"POTW 6 Mar '25"
52882053381425,"POTW 6 Mar '25"
52882053391485,"POTW 6 Mar '25"
52882053394972,"POTW 6 Mar '25"
52882053420384,"POTW 6 Mar '25"
52882053422916,"POTW 6 Mar '25"
52882053432338,"POTW 6 Mar '25"
106737990510858,"National Team Selection Türkiye 20 Mar '25"
106737990509510,"National Team Selection Türkiye 20 Mar '25"
106737990526435,"National Team Selection Türkiye 20 Mar '25"
105746658331369,"National Team Selection Türkiye 20 Mar '25"
105746658344360,"National Team Selection Türkiye 20 Mar '25"
105746658351278,"National Team Selection Türkiye 20 Mar '25"
105746658351360,"National Team Selection Türkiye 20 Mar '25"
105746658353848,"National Team Selection Türkiye 20 Mar '25"
105746658356003,"National Team Selection Türkiye 20 Mar '25"
105746658356490,"National Team Selection Türkiye 20 Mar '25"
105746658377262,"National Team Selection Türkiye 20 Mar '25"
105746121476923,"National Teams Selection Midfielders 17 Mar '25"
106737185105810,"Brazilian League Kick-off 27 Mar '25"
106737185182020,"Brazilian League Kick-off 27 Mar '25"
106737185189658,"Brazilian League Kick-off 27 Mar '25"
106737185230079,"Brazilian League Kick-off 27 Mar '25"
105742900181017,"Brazilian League Kick-off 27 Mar '25"
105742900181897,"Brazilian League Kick-off 27 Mar '25"
105742900194545,"Brazilian League Kick-off 27 Mar '25"
105742900197448,"Brazilian League Kick-off 27 Mar '25"
105742900199022,"Brazilian League Kick-off 27 Mar '25"
105742900251609,"Brazilian League Kick-off 27 Mar '25"
105742900257553,"Brazilian League Kick-off 27 Mar '25"
105742900268927,"Brazilian League Kick-off 27 Mar '25"
105747195160642,"European Clubs Selection 31 Mar '25"
105747195201804,"European Clubs Selection 31 Mar '25"
105747195203943,"European Clubs Selection 31 Mar '25"
105747195204304,"European Clubs Selection 31 Mar '25"
105747195228811,"European Clubs Selection 31 Mar '25"
105747195239189,"European Clubs Selection 31 Mar '25"
105747195242676,"European Clubs Selection 31 Mar '25"
105747195254071,"European Clubs Selection 31 Mar '25"
105744779222202,"Italian League Selection 27 Mar '25"
105744779229223,"Italian League Selection 27 Mar '25"
105744779229454,"Italian League Selection 27 Mar '25"
105744779289721,"Italian League Selection 27 Mar '25"
105744779296470,"Italian League Selection 27 Mar '25"
105744779297017,"Italian League Selection 27 Mar '25"
105744779300574,"Italian League Selection 27 Mar '25"
105744779301958,"Italian League Selection 27 Mar '25"
105744779308416,"Italian League Selection 27 Mar '25"
105744779311573,"Italian League Selection 27 Mar '25"
105744779312437,"Italian League Selection 27 Mar '25"
52884737662953,"POTW European Club Championship 13 Mar '25"
52884737666692,"POTW European Club Championship 13 Mar '25"
52884737669303,"POTW European Club Championship 13 Mar '25"
52884737722416,"POTW European Club Championship 13 Mar '25"
52884737729905,"POTW European Club Championship 13 Mar '25"
52884737730975,"POTW European Club Championship 13 Mar '25"
52884737740993,"POTW European Club Championship 13 Mar '25"
52884737749130,"POTW European Club Championship 13 Mar '25"
52884737754171,"POTW European Club Championship 13 Mar '25"
52884737754772,"POTW European Club Championship 13 Mar '25"
52884737766665,"POTW European Club Championship 13 Mar '25"
105753100715857,"European Clubs Selection 7 Apr '25"
105753100716145,"European Clubs Selection 7 Apr '25"
105753100717934,"European Clubs Selection 7 Apr '25"
105753100722087,"European Clubs Selection 7 Apr '25"
105753100724291,"European Clubs Selection 7 Apr '25"
105753100727039,"European Clubs Selection 7 Apr '25"
105753100794895,"European Clubs Selection 7 Apr '25"
105753100808400,"European Clubs Selection 7 Apr '25"
105752832378693,"Madrid Chamartin B Selection 7 Apr '25"
105752832356478,"Madrid Chamartin B Selection 7 Apr '25"
105752832373838,"Madrid Chamartin B Selection 7 Apr '25"
105752832359285,"Madrid Chamartin B Selection 7 Apr '25"
105752832368884,"Madrid Chamartin B Selection 7 Apr '25"
105752832353649,"Madrid Chamartin B Selection 7 Apr '25"
105752832350470,"Madrid Chamartin B Selection 7 Apr '25"
105752832417380,"Madrid Chamartin B Selection 7 Apr '25"
105753369133124,"J1 LEAGUE Selection 3 Apr '25"
105753369178009,"J1 LEAGUE Selection 3 Apr '25"
105753369218783,"J1 LEAGUE Selection 3 Apr '25"
105753369238321,"J1 LEAGUE Selection 3 Apr '25"
105753369238356,"J1 LEAGUE Selection 3 Apr '25"
105753369238363,"J1 LEAGUE Selection 3 Apr '25"
105753369245386,"J1 LEAGUE Selection 3 Apr '25"
105753369251865,"J1 LEAGUE Selection 3 Apr '25"
105753369268893,"J1 LEAGUE Selection 3 Apr '25"
105753369279357,"J1 LEAGUE Selection 3 Apr '25"
88229365678288,"Jクラ用"
88229634113744,"Jクラ用"
52882321743034,"POTW 13 Mar '25"
52882321749778,"POTW 13 Mar '25"
52882321761415,"POTW 13 Mar '25"
52882321764439,"POTW 13 Mar '25"
52882321804009,"POTW 13 Mar '25"
52882321815016,"POTW 13 Mar '25"
52882321819487,"POTW 13 Mar '25"
52882321822819,"POTW 13 Mar '25"
52882321823221,"POTW 13 Mar '25"
52882321829830,"POTW 13 Mar '25"
52882321830129,"POTW 13 Mar '25"
88036092271624,"FC Tokyo 2019"
88037166026249,"Internazionale Milano 06-07"
88037434461671,"Piemonte BN 92-93"
88036092153968,"Liverpool R 09-10"
88037702764935,"Brazil 1970"
88036092284395,"Netherlands 1976"
88037702765700,"Hungary 1954"
88036092164810,"Shimizu S-Pulse 2009"
88036092153518,"Brazil 2009"
88037702766648,"England 2004"
88036092185256,"Wales 2016"
88036092150612,"Spain 2008"
88036092284345,"Spain 2008"
88036092150743,"Italy 2006"
88036092284396,"Germany 1974"
88037702826110,"Netherlands 2010"
88036092284349,"Arsenal FC 03-04"
88036092152543,"Piemonte BN 84-85"
88036092150683,"Piemonte BN 02-03"
88036092284344,"FC Barcelona 02-03"
88036092284352,"FC Barcelona 98-99"
88037702762704,"Jubilo Iwata 2002"
88036897464767,"FC Barcelona 17-18"
88039045074390,"Argentina 1998"
106738527276919,"Trendyol Süper Lig Selection 27 Mar '25"
106738527300583,"Trendyol Süper Lig Selection 27 Mar '25"
106738527367026,"Trendyol Süper Lig Selection 27 Mar '25"
106741748631921,"Trendyol Süper Lig Selection 15 May '25"
105747463572886,"Trendyol Süper Lig Selection 27 Mar '25"
105747463639934,"Trendyol Süper Lig Selection 27 Mar '25"
105747463641213,"Trendyol Süper Lig Selection 27 Mar '25"
105747463656524,"Trendyol Süper Lig Selection 27 Mar '25"
105747463664360,"Trendyol Süper Lig Selection 27 Mar '25"
105747463684015,"Trendyol Süper Lig Selection 27 Mar '25"
105747463684185,"Trendyol Süper Lig Selection 27 Mar '25"
105747463702509,"Trendyol Süper Lig Selection 27 Mar '25"
105746926779439,"National Teams Selection Guardians 20 Mar '25"
52885006097408,"POTW European Club Championship 20 Mar '25"
52885006098197,"POTW European Club Championship 20 Mar '25"
52885006102740,"POTW European Club Championship 20 Mar '25"
52885006165541,"POTW European Club Championship 20 Mar '25"
52885006165751,"POTW European Club Championship 20 Mar '25"
52885006187433,"POTW European Club Championship 20 Mar '25"
52885006189200,"POTW European Club Championship 20 Mar '25"
52885006189858,"POTW European Club Championship 20 Mar '25"
52885006209930,"POTW European Club Championship 20 Mar '25"
52885006219586,"POTW European Club Championship 20 Mar '25"
52885006222001,"POTW European Club Championship 20 Mar '25"
106738527354430,"Trendyol Süper Lig Selection 27 Mar '25"
106738527367087,"Trendyol Süper Lig Selection 27 Mar '25"
52882590155096,"POTW 20 Mar '25"
52882590182751,"POTW 20 Mar '25"
52882590198880,"POTW 20 Mar '25"
52882590199545,"POTW 20 Mar '25"
52882590250951,"POTW 20 Mar '25"
52882590255119,"POTW 20 Mar '25"
52882590260674,"POTW 20 Mar '25"
52882590261075,"POTW 20 Mar '25"
52882590268411,"POTW 20 Mar '25"
52882590271962,"POTW 20 Mar '25"
52882590272913,"POTW 20 Mar '25"
105755516657419,"Songkran Campaign 10 Apr '25"
106739601022272,"First Half of the Season 10 Apr '25"
106739601041994,"First Half of the Season 10 Apr '25"
106739601095545,"First Half of the Season 10 Apr '25"
106739601099092,"First Half of the Season 10 Apr '25"
105752026984536,"European Clubs Selection Guardians 14 Apr '25"
105752027048515,"European Clubs Selection Guardians 14 Apr '25"
105752027073919,"European Clubs Selection Guardians 14 Apr '25"
105752027082220,"European Clubs Selection Guardians 14 Apr '25"
105752027086308,"European Clubs Selection Guardians 14 Apr '25"
105752027091247,"European Clubs Selection Guardians 14 Apr '25"
105752027091662,"European Clubs Selection Guardians 14 Apr '25"
105752027102403,"European Clubs Selection Guardians 14 Apr '25"
105752295477672,"First Half of the Season 10 Apr '25"
105752295488335,"First Half of the Season 10 Apr '25"
105752295498230,"First Half of the Season 10 Apr '25"
105752295500116,"First Half of the Season 10 Apr '25"
105752295500736,"First Half of the Season 10 Apr '25"
105752295505290,"First Half of the Season 10 Apr '25"
105752295526994,"First Half of the Season 10 Apr '25"
105752563910437,"National Team Pack Norway '25"
105752563913437,"National Team Pack Norway '25"
105752563913708,"National Team Pack Norway '25"
105752563921142,"National Team Pack Norway '25"
105752563926370,"National Team Pack Norway '25"
105752563939044,"National Team Pack Norway '25"
105752563943847,"National Team Pack Norway '25"
105752563952540,"National Team Pack Norway '25"
105752563957209,"National Team Pack Norway '25"
105752563958405,"National Team Pack Norway '25"
105752563962427,"National Team Pack Norway '25"
106742822244713,"Trendyol Süper Lig Selection 17 Apr '25"
106742822268038,"Trendyol Süper Lig Selection 17 Apr '25"
106742822333228,"Trendyol Süper Lig Selection 17 Apr '25"
106742822333706,"Trendyol Süper Lig Selection 17 Apr '25"
105751490128175,"Trendyol Süper Lig Selection 17 Apr '25"
105751490181819,"Trendyol Süper Lig Selection 17 Apr '25"
105751490185154,"Trendyol Süper Lig Selection 17 Apr '25"
105751490189479,"Trendyol Süper Lig Selection 17 Apr '25"
105751490189596,"Trendyol Süper Lig Selection 17 Apr '25"
105751490192058,"Trendyol Süper Lig Selection 17 Apr '25"
105751490222471,"Trendyol Süper Lig Selection 17 Apr '25"
105751490223900,"Trendyol Süper Lig Selection 17 Apr '25"
105760633690164,"AFC Champions League Elite™ Selection 17 Apr '25"
105760633752320,"AFC Champions League Elite™ Selection 17 Apr '25"
105760633769191,"AFC Champions League Elite™ Selection 17 Apr '25"
105760633770699,"AFC Champions League Elite™ Selection 17 Apr '25"
105760633773690,"AFC Champions League Elite™ Selection 17 Apr '25"
105760633779663,"AFC Champions League Elite™ Selection 17 Apr '25"
105760633817586,"AFC Champions League Elite™ Selection 17 Apr '25"
105760633821825,"AFC Champions League Elite™ Selection 17 Apr '25"
52882858634271,"POTW National Teams 27 Mar '25"
52882858682829,"POTW National Teams 27 Mar '25"
52882858684420,"POTW National Teams 27 Mar '25"
52882858688448,"POTW National Teams 27 Mar '25"
52882858700173,"POTW National Teams 27 Mar '25"
52882858700497,"POTW National Teams 27 Mar '25"
52882858703193,"POTW National Teams 27 Mar '25"
52882858710824,"POTW National Teams 27 Mar '25"
52882858715706,"POTW National Teams 27 Mar '25"
52882858716060,"POTW National Teams 27 Mar '25"
52882858720048,"POTW National Teams 27 Mar '25"
105754711351085,"Advertisement Reward 24 Apr '25"
105754711451783,"Advertisement Reward 24 Apr '25"
105754711455091,"Advertisement Reward 24 Apr '25"
105754711427191,"Advertisement Reward 24 Apr '25"
105754711432614,"Advertisement Reward 24 Apr '25"
105754711446096,"Advertisement Reward 24 Apr '25"
105754711433908,"Advertisement Reward 24 Apr '25"
105754711436040,"Advertisement Reward 24 Apr '25"
53974585681674,"POTM Trendyol Süper Lig 17 Apr '25"
53974585694478,"POTM Trendyol Süper Lig 17 Apr '25"
53974585704193,"POTM Trendyol Süper Lig 17 Apr '25"
53974585707888,"POTM Trendyol Süper Lig 17 Apr '25"
53974585713534,"POTM Trendyol Süper Lig 17 Apr '25"
53974585717149,"POTM Trendyol Süper Lig 17 Apr '25"
53974317154351,"POTM J1 LEAGUE 17 Apr '25"
53974317245864,"POTM J1 LEAGUE 17 Apr '25"
53974317246406,"POTM J1 LEAGUE 17 Apr '25"
53974317259616,"POTM J1 LEAGUE 17 Apr '25"
53974317259841,"POTM J1 LEAGUE 17 Apr '25"
53974317269209,"POTM J1 LEAGUE 17 Apr '25"
105751221679839,"The Art of Passing 17 Apr '25"
105751221680311,"The Art of Passing 17 Apr '25"
105751221734082,"The Art of Passing 17 Apr '25"
105751221734121,"The Art of Passing 17 Apr '25"
105751221741686,"The Art of Passing 17 Apr '25"
105751221754884,"The Art of Passing 17 Apr '25"
105751221760241,"The Art of Passing 17 Apr '25"
105751221792344,"The Art of Passing 17 Apr '25"
105750953242657,"National Teams Selection Guardians 21 Apr '25"
105750953244854,"National Teams Selection Guardians 21 Apr '25"
105750953306692,"National Teams Selection Guardians 21 Apr '25"
105750953308848,"National Teams Selection Guardians 21 Apr '25"
105750953310849,"National Teams Selection Guardians 21 Apr '25"
105750953323994,"National Teams Selection Guardians 21 Apr '25"
105750953329955,"National Teams Selection Guardians 21 Apr '25"
105750953331318,"National Teams Selection Guardians 21 Apr '25"
105751758610714,"Spanish League Selection Attackers 17 Apr '25"
105751758614994,"Spanish League Selection Attackers 17 Apr '25"
105751758641952,"Spanish League Selection Attackers 17 Apr '25"
105751758641962,"Spanish League Selection Attackers 17 Apr '25"
105751758651168,"Spanish League Selection Attackers 17 Apr '25"
105751758651661,"Spanish League Selection Attackers 17 Apr '25"
105751758661408,"Spanish League Selection Attackers 17 Apr '25"
105751758670154,"Spanish League Selection Attackers 17 Apr '25"
106743090687323,"Offensive Genius 24 Apr '25"
106743090758023,"Offensive Genius 24 Apr '25"
106743090769804,"Offensive Genius 24 Apr '25"
105750416370761,"Brazil Selection 28 Apr '25"
105750416431149,"Brazil Selection 28 Apr '25"
105750416442707,"Brazil Selection 28 Apr '25"
105750416442867,"Brazil Selection 28 Apr '25"
105750416452753,"Brazil Selection 28 Apr '25"
105750416455640,"Brazil Selection 28 Apr '25"
105750416470223,"Brazil Selection 28 Apr '25"
105750416480873,"Brazil Selection 28 Apr '25"
105754442973134,"Coppa eFootball™ Italia 2025"
105754442977240,"Coppa eFootball™ Italia 2025"
105754442991180,"Coppa eFootball™ Italia 2025"
105754442999509,"Coppa eFootball™ Italia 2025"
105750684825586,"English League Selection 24 Apr '25"
105750684869966,"English League Selection 24 Apr '25"
105750684871984,"English League Selection 24 Apr '25"
105750684872750,"English League Selection 24 Apr '25"
105750684877018,"English League Selection 24 Apr '25"
105750684879161,"English League Selection 24 Apr '25"
105750684880119,"English League Selection 24 Apr '25"
105750684886236,"English League Selection 24 Apr '25"
105750684898296,"English League Selection 24 Apr '25"
105750684920680,"English League Selection 24 Apr '25"
105750684926988,"English League Selection 24 Apr '25"
105762227531988,"Offensive Genius 24 Apr '25"
105762227604762,"Offensive Genius 24 Apr '25"
105762227610986,"Offensive Genius 24 Apr '25"
105762227630860,"Offensive Genius 24 Apr '25"
105762227633334,"Offensive Genius 24 Apr '25"
105762227634175,"Offensive Genius 24 Apr '25"
105762227634336,"Offensive Genius 24 Apr '25"
105762227656095,"Offensive Genius 24 Apr '25"
52883127049282,"POTW 3 Apr '25"
52883127056822,"POTW 3 Apr '25"
52883127109900,"POTW 3 Apr '25"
52883127112181,"POTW 3 Apr '25"
52883127112344,"POTW 3 Apr '25"
52883127116966,"POTW 3 Apr '25"
52883127133398,"POTW 3 Apr '25"
52883127136851,"POTW 3 Apr '25"
52883127149331,"POTW 3 Apr '25"
52883127168600,"POTW 3 Apr '25"
52883127174173,"POTW 3 Apr '25"
106742016943293,"Brazilian League Selection 1 May '25"
106742016948576,"Brazilian League Selection 1 May '25"
106742017012542,"Brazilian League Selection 1 May '25"
106742017042984,"Brazilian League Selection 1 May '25"
105759811614541,"Brazilian League Selection 1 May '25"
105759811672914,"Brazilian League Selection 1 May '25"
105759811679086,"Brazilian League Selection 1 May '25"
105759811681092,"Brazilian League Selection 1 May '25"
105759811699640,"Brazilian League Selection 1 May '25"
105759811708233,"Brazilian League Selection 1 May '25"
105759811714175,"Brazilian League Selection 1 May '25"
105759811727766,"Brazilian League Selection 1 May '25"
105750147998886,"National Team Pack Italy '25"
105750147999296,"National Team Pack Italy '25"
105750147999479,"National Team Pack Italy '25"
105750148005824,"National Team Pack Italy '25"
105750148006298,"National Team Pack Italy '25"
105750148008170,"National Team Pack Italy '25"
105750148009371,"National Team Pack Italy '25"
105750148013916,"National Team Pack Italy '25"
105750148024878,"National Team Pack Italy '25"
105750148031765,"National Team Pack Italy '25"
105750148038772,"National Team Pack Italy '25"
105760348479253,"European Clubs Selection 1 May '25"
105760348479465,"European Clubs Selection 1 May '25"
105760348483884,"European Clubs Selection 1 May '25"
105760348547455,"European Clubs Selection 1 May '25"
105760348551866,"European Clubs Selection 1 May '25"
105760348579468,"European Clubs Selection 1 May '25"
105760348590341,"European Clubs Selection 1 May '25"
105760348591436,"European Clubs Selection 1 May '25"
106742553882816,"Long-reach Tackle 1 May '25"
106742553885943,"Long-reach Tackle 1 May '25"
106742553898721,"Long-reach Tackle 1 May '25"
52883395508245,"POTW 10 Apr '25"
52883395548046,"POTW 10 Apr '25"
52883395551146,"POTW 10 Apr '25"
52883395571701,"POTW 10 Apr '25"
52883395572758,"POTW 10 Apr '25"
52883395573456,"POTW 10 Apr '25"
52883395577679,"POTW 10 Apr '25"
52883395582736,"POTW 10 Apr '25"
52883395584701,"POTW 10 Apr '25"
52883395589654,"POTW 10 Apr '25"
52883395597644,"POTW 10 Apr '25"
105759274757626,"European Clubs Selection Attackers 8 May '25"
105759274760620,"European Clubs Selection Attackers 8 May '25"
105759274810720,"European Clubs Selection Attackers 8 May '25"
105759274813455,"European Clubs Selection Attackers 8 May '25"
105759274822868,"European Clubs Selection Attackers 8 May '25"
105759274830255,"European Clubs Selection Attackers 8 May '25"
105759274831498,"European Clubs Selection Attackers 8 May '25"
105759274844653,"European Clubs Selection Attackers 8 May '25"
105759543233775,"European Clubs Selection Midfielders 5 May '25"
105759543239641,"European Clubs Selection Midfielders 5 May '25"
105759543242768,"European Clubs Selection Midfielders 5 May '25"
105759543250476,"European Clubs Selection Midfielders 5 May '25"
105759543258774,"European Clubs Selection Midfielders 5 May '25"
105759543270155,"European Clubs Selection Midfielders 5 May '25"
105759543272809,"European Clubs Selection Midfielders 5 May '25"
105759543287156,"European Clubs Selection Midfielders 5 May '25"
105761959160248,"Chelsea B Selection 5 May '25"
105761959172637,"Chelsea B Selection 5 May '25"
105761959177310,"Chelsea B Selection 5 May '25"
105761959179545,"Chelsea B Selection 5 May '25"
105761959179563,"Chelsea B Selection 5 May '25"
105761959189420,"Chelsea B Selection 5 May '25"
105761959192134,"Chelsea B Selection 5 May '25"
105761959198284,"Chelsea B Selection 5 May '25"
105759006364195,"Italian League Selection Midfielders 12 May '25"
105759006372386,"Italian League Selection Midfielders 12 May '25"
105759006383512,"Italian League Selection Midfielders 12 May '25"
105759006400906,"Italian League Selection Midfielders 12 May '25"
105759006402460,"Italian League Selection Midfielders 12 May '25"
105759006404011,"Italian League Selection Midfielders 12 May '25"
105759006405197,"Italian League Selection Midfielders 12 May '25"
105759006418866,"Italian League Selection Midfielders 12 May '25"
105760080109641,"J1 LEAGUE Selection 1 May '25"
105760080124677,"J1 LEAGUE Selection 1 May '25"
105760080131173,"J1 LEAGUE Selection 1 May '25"
105760080136854,"J1 LEAGUE Selection 1 May '25"
105760080138205,"J1 LEAGUE Selection 1 May '25"
105760080144318,"J1 LEAGUE Selection 1 May '25"
105760080162719,"J1 LEAGUE Selection 1 May '25"
105760080163070,"J1 LEAGUE Selection 1 May '25"
105759811736992,"Brazilian League Selection 1 May '25"
106742285444520,"J.LEAGUE Monthly MVPs Feb & Mar '25"
106742285461861,"J.LEAGUE Monthly MVPs Feb & Mar '25"
106742285461863,"J.LEAGUE Monthly MVPs Feb & Mar '25"
106742285470471,"J.LEAGUE Monthly MVPs Feb & Mar '25"
105760885437790,"J.LEAGUE Monthly MVPs Feb & Mar '25"
105760885449152,"J.LEAGUE Monthly MVPs Feb & Mar '25"
105760885462322,"J.LEAGUE Monthly MVPs Feb & Mar '25"
105760885474042,"J.LEAGUE Monthly MVPs Feb & Mar '25"
106746899114039,"AFC Asian Qualifiers™ Selection 22 May '25"
106746899117047,"AFC Asian Qualifiers™ Selection 22 May '25"
106746899194332,"AFC Asian Qualifiers™ Selection 22 May '25"
106746899235852,"AFC Asian Qualifiers™ Selection 22 May '25"
105772965019795,"Daily Bonus"
105772965026972,"Daily Bonus"
88229365681385,"Jクラ用"
88229634116841,"Jクラ用"
52883663915005,"POTW 17 Apr '25"
52883663924571,"POTW 17 Apr '25"
52883663925032,"POTW 17 Apr '25"
52883663993530,"POTW 17 Apr '25"
52883663994191,"POTW 17 Apr '25"
52883663995047,"POTW 17 Apr '25"
52883663998508,"POTW 17 Apr '25"
52883663999345,"POTW 17 Apr '25"
52883664000003,"POTW 17 Apr '25"
52883664003424,"POTW 17 Apr '25"
52883664008270,"POTW 17 Apr '25"
105773233344938,"National Team Selection Portugal 29 May '25"
105773233444642,"National Team Selection Portugal 29 May '25"
105773233448649,"National Team Selection Portugal 29 May '25"
105773233452216,"National Team Selection Portugal 29 May '25"
105773233475483,"National Team Selection Portugal 29 May '25"
105773501823159,"National Team Selection England 29 May '25"
105773501889277,"National Team Selection England 29 May '25"
105773501903416,"National Team Selection England 29 May '25"
105773501914028,"National Team Selection England 29 May '25"
105773501935309,"National Team Selection England 29 May '25"
106741748512301,"Trendyol Süper Lig Selection 15 May '25"
106741748586752,"Trendyol Süper Lig Selection 15 May '25"
106741748591999,"Trendyol Süper Lig Selection 15 May '25"
105749879495866,"National Team Pack Belgium '25"
105749879500123,"National Team Pack Belgium '25"
105749879500127,"National Team Pack Belgium '25"
105749879575444,"National Team Pack Belgium '25"
105749879581114,"National Team Pack Belgium '25"
105749879583260,"National Team Pack Belgium '25"
105749879589214,"National Team Pack Belgium '25"
105749879590676,"National Team Pack Belgium '25"
105749879594345,"National Team Pack Belgium '25"
105749879599144,"National Team Pack Belgium '25"
105749879603202,"National Team Pack Belgium '25"
106741480063393,"FC Bayern München Selection 15 May '25"
106741480139213,"FC Bayern München Selection 15 May '25"
106741480168208,"FC Bayern München Selection 15 May '25"
105758201002311,"FC Bayern München Selection 15 May '25"
105758201015326,"FC Bayern München Selection 15 May '25"
105758201063882,"FC Bayern München Selection 15 May '25"
105758201064420,"FC Bayern München Selection 15 May '25"
105758201072646,"FC Bayern München Selection 15 May '25"
105758201084841,"FC Bayern München Selection 15 May '25"
105758201085087,"FC Bayern München Selection 15 May '25"
105758201117043,"FC Bayern München Selection 15 May '25"
105758737935178,"Trendyol Süper Lig Selection 15 May '25"
105758737939278,"Trendyol Süper Lig Selection 15 May '25"
105758737960515,"Trendyol Süper Lig Selection 15 May '25"
105758737970591,"Trendyol Süper Lig Selection 15 May '25"
105758737972126,"Trendyol Süper Lig Selection 15 May '25"
105758737982833,"Trendyol Süper Lig Selection 15 May '25"
105758737994236,"Trendyol Süper Lig Selection 15 May '25"
105758737995370,"Trendyol Süper Lig Selection 15 May '25"
105757932564600,"European Clubs Selection 19 May '25"
105757932621299,"European Clubs Selection 19 May '25"
105757932630251,"European Clubs Selection 19 May '25"
105757932630326,"European Clubs Selection 19 May '25"
105757932633881,"European Clubs Selection 19 May '25"
105757932634542,"European Clubs Selection 19 May '25"
105757932636076,"European Clubs Selection 19 May '25"
105757932648518,"European Clubs Selection 19 May '25"
105758469451650,"J1 LEAGUE Selection 15 May '25"
105758469512061,"J1 LEAGUE Selection 15 May '25"
105758469512064,"J1 LEAGUE Selection 15 May '25"
105758469512195,"J1 LEAGUE Selection 15 May '25"
105758469518153,"J1 LEAGUE Selection 15 May '25"
105758469519067,"J1 LEAGUE Selection 15 May '25"
105758469519864,"J1 LEAGUE Selection 15 May '25"
105758469531589,"J1 LEAGUE Selection 15 May '25"
105758469533612,"J1 LEAGUE Selection 15 May '25"
105758469542597,"J1 LEAGUE Selection 15 May '25"
105758469555558,"J1 LEAGUE Selection 15 May '25"
105758469561173,"J1 LEAGUE Selection 15 May '25"
105756053575949,"Elite Lineage 15 May '25"
105756053582484,"Elite Lineage 15 May '25"
105756053582519,"Elite Lineage 15 May '25"
105756053582688,"Elite Lineage 15 May '25"
105756053587775,"Elite Lineage 15 May '25"
105756053603387,"Elite Lineage 15 May '25"
105756053603388,"Elite Lineage 15 May '25"
105756053604165,"Elite Lineage 15 May '25"
105756053618569,"Elite Lineage 15 May '25"
52885274537311,"POTW European Club Championship 24 Apr '25"
52885274540359,"POTW European Club Championship 24 Apr '25"
52885274596541,"POTW European Club Championship 24 Apr '25"
52885274597680,"POTW European Club Championship 24 Apr '25"
52885274601585,"POTW European Club Championship 24 Apr '25"
52885274601887,"POTW European Club Championship 24 Apr '25"
52885274603566,"POTW European Club Championship 24 Apr '25"
52885274603572,"POTW European Club Championship 24 Apr '25"
52885274606888,"POTW European Club Championship 24 Apr '25"
52885274625684,"POTW European Club Championship 24 Apr '25"
52885274655042,"POTW European Club Championship 24 Apr '25"
106740674763013,"Brazilian League Selection 29 May '25"
106740674765072,"Brazilian League Selection 29 May '25"
106740674828340,"Brazilian League Selection 29 May '25"
106740674853884,"Brazilian League Selection 29 May '25"
52883932419146,"POTW 24 Apr '25"
52883932426550,"POTW 24 Apr '25"
52883932427132,"POTW 24 Apr '25"
52883932429053,"POTW 24 Apr '25"
52883932431872,"POTW 24 Apr '25"
52883932433690,"POTW 24 Apr '25"
52883932435348,"POTW 24 Apr '25"
52883932437981,"POTW 24 Apr '25"
52883932442165,"POTW 24 Apr '25"
52883932455582,"POTW 24 Apr '25"
52883932485023,"POTW 24 Apr '25"
105770817461314,"Champions Campaign 24-25 FC Barcelona"
105770817531956,"Champions Campaign 24-25 FC Barcelona"
105770817532096,"Champions Campaign 24-25 FC Barcelona"
105770817554469,"Champions Campaign 24-25 FC Barcelona"
105770817583426,"Champions Campaign 24-25 FC Barcelona"
105763569711287,"Champions Campaign 24-25 FC Bayern München"
105763569773005,"Champions Campaign 24-25 FC Bayern München"
105763569780655,"Champions Campaign 24-25 FC Bayern München"
105763569793369,"Champions Campaign 24-25 FC Bayern München"
105763569802000,"Champions Campaign 24-25 FC Bayern München"
53974854069608,"POTM Brazilian League 15 May '25"
53974854118811,"POTM Brazilian League 15 May '25"
53974854120198,"POTM Brazilian League 15 May '25"
53974854133681,"POTM Brazilian League 15 May '25"
53974854170076,"POTM Brazilian League 15 May '25"
53974854173733,"POTM Brazilian League 15 May '25"
53975390924870,"POTM Trendyol Süper Lig 15 May '25"
53975390926608,"POTM Trendyol Süper Lig 15 May '25"
53975390990647,"POTM Trendyol Süper Lig 15 May '25"
53975390998101,"POTM Trendyol Süper Lig 15 May '25"
53975391002891,"POTM Trendyol Süper Lig 15 May '25"
53975391014911,"POTM Trendyol Süper Lig 15 May '25"
53975122505049,"POTM J1 LEAGUE 15 May '25"
53975122566116,"POTM J1 LEAGUE 15 May '25"
53975122570675,"POTM J1 LEAGUE 15 May '25"
53975122585088,"POTM J1 LEAGUE 15 May '25"
53975122587057,"POTM J1 LEAGUE 15 May '25"
53975122612573,"POTM J1 LEAGUE 15 May '25"
105774307119878,"Champions Campaign 24-25 Fenerbahçe SK"
105774307124618,"Champions Campaign 24-25 Fenerbahçe SK"
105774307129104,"Champions Campaign 24-25 Fenerbahçe SK"
105774307194324,"Champions Campaign 24-25 Fenerbahçe SK"
105774307196478,"Champions Campaign 24-25 Fenerbahçe SK"
105774038683511,"Champions Campaign 24-25 Galatasaray SK"
105774038751396,"Champions Campaign 24-25 Galatasaray SK"
105774038765925,"Champions Campaign 24-25 Galatasaray SK"
105774038773679,"Champions Campaign 24-25 Galatasaray SK"
105774038793774,"Champions Campaign 24-25 Galatasaray SK"
105771085893395,"Champions Campaign 24-25 Internazionale Milano"
105771085896704,"Champions Campaign 24-25 Internazionale Milano"
105771085964837,"Champions Campaign 24-25 Internazionale Milano"
105771085965425,"Champions Campaign 24-25 Internazionale Milano"
105771085971430,"Champions Campaign 24-25 Internazionale Milano"
106747385740559,"Show Time [8 Anniv.]"
105773770314732,"European Clubs Selection [8 Anniv.]"
105773770327933,"European Clubs Selection [8 Anniv.]"
105773770339609,"European Clubs Selection [8 Anniv.]"
106747167629241,"National Team Selection Indonesia 22 May '25"
106747167643936,"National Team Selection Indonesia 22 May '25"
106747167662739,"National Team Selection Indonesia 22 May '25"
106747167662741,"National Team Selection Indonesia 22 May '25"
105772478429204,"National Team Selection Indonesia 22 May '25"
105772478469215,"National Team Selection Indonesia 22 May '25"
105772478473636,"National Team Selection Indonesia 22 May '25"
105772478496944,"National Team Selection Indonesia 22 May '25"
105772478502281,"National Team Selection Indonesia 22 May '25"
105772478505652,"National Team Selection Indonesia 22 May '25"
105772478519269,"National Team Selection Indonesia 22 May '25"
105772478532873,"National Team Selection Indonesia 22 May '25"
105761422291802,"English League Selection Guardians 26 May '25"
105761422292364,"English League Selection Guardians 26 May '25"
105761422292421,"English League Selection Guardians 26 May '25"
105761422295232,"English League Selection Guardians 26 May '25"
105761422300662,"English League Selection Guardians 26 May '25"
105761422316450,"English League Selection Guardians 26 May '25"
105761422326813,"English League Selection Guardians 26 May '25"
105761422345278,"English League Selection Guardians 26 May '25"
105772209988743,"AFC Asian Qualifiers™ Selection 22 May '25"
105772209990763,"AFC Asian Qualifiers™ Selection 22 May '25"
105772209991942,"AFC Asian Qualifiers™ Selection 22 May '25"
105772209993947,"AFC Asian Qualifiers™ Selection 22 May '25"
105772210042305,"AFC Asian Qualifiers™ Selection 22 May '25"
105772210042425,"AFC Asian Qualifiers™ Selection 22 May '25"
105772210046506,"AFC Asian Qualifiers™ Selection 22 May '25"
105772210053762,"AFC Asian Qualifiers™ Selection 22 May '25"
105757664130847,"National Teams Selection European 22 May '25"
105757664143769,"National Teams Selection European 22 May '25"
105757664192037,"National Teams Selection European 22 May '25"
105757664198776,"National Teams Selection European 22 May '25"
105757664207689,"National Teams Selection European 22 May '25"
105757664207713,"National Teams Selection European 22 May '25"
105757664212756,"National Teams Selection European 22 May '25"
105757664214492,"National Teams Selection European 22 May '25"
105757664216160,"National Teams Selection European 22 May '25"
105757664216492,"National Teams Selection European 22 May '25"
105757664216724,"National Teams Selection European 22 May '25"
52885542971478,"POTW 1 May '25"
52885542985507,"POTW 1 May '25"
52885543028683,"POTW 1 May '25"
52885543046459,"POTW 1 May '25"
52885543047915,"POTW 1 May '25"
52885543055302,"POTW 1 May '25"
52885543057753,"POTW 1 May '25"
52885543061541,"POTW 1 May '25"
52885543076333,"POTW 1 May '25"
52885543081594,"POTW 1 May '25"
52885543081851,"POTW 1 May '25"
88037971205463,"Argentina 2024"
88038239795522,"Spain 2024"
105776991538320,"Champions Campaign 24-25 Arsenal FC"
105776991540204,"Champions Campaign 24-25 Arsenal FC"
105776991540413,"Champions Campaign 24-25 Arsenal FC"
105776991545759,"Champions Campaign 24-25 Arsenal FC"
105776991569318,"Champions Campaign 24-25 Arsenal FC"
105777528348649,"Champions Campaign 24-25 FC Barcelona"
105777528416374,"Champions Campaign 24-25 FC Barcelona"
105777528418614,"Champions Campaign 24-25 FC Barcelona"
105777528424463,"Champions Campaign 24-25 FC Barcelona"
105777528440256,"Champions Campaign 24-25 FC Barcelona"
105777259973353,"Champions Campaign 24-25 Internazionale Milano"
105777259975942,"Champions Campaign 24-25 Internazionale Milano"
105777259977008,"Champions Campaign 24-25 Internazionale Milano"
105777259987091,"Champions Campaign 24-25 Internazionale Milano"
105777259978206,"Champions Campaign 24-25 Internazionale Milano"
105771371184413,"Champions Campaign 24-25 Kawasaki Frontale"
105771371197583,"Champions Campaign 24-25 Kawasaki Frontale"
105771371209073,"Champions Campaign 24-25 Kawasaki Frontale"
105771371221609,"Champions Campaign 24-25 Kawasaki Frontale"
105771371222338,"Champions Campaign 24-25 Kawasaki Frontale"
105771941558274,"National Team Selection Indonesia 29 May '25"
105771941650392,"National Team Selection Indonesia 29 May '25"
105771941659811,"National Team Selection Indonesia 29 May '25"
105776723044013,"Champions Campaign 24-25 Manchester United"
105776723110673,"Champions Campaign 24-25 Manchester United"
105776723119480,"Champions Campaign 24-25 Manchester United"
105776723143754,"Champions Campaign 24-25 Manchester United"
105776723156207,"Champions Campaign 24-25 Manchester United"
105756858793946,"J1 LEAGUE Selection 29 May '25"
105756858885131,"J1 LEAGUE Selection 29 May '25"
105756858899323,"J1 LEAGUE Selection 29 May '25"
105756858899468,"J1 LEAGUE Selection 29 May '25"
105756858904836,"J1 LEAGUE Selection 29 May '25"
105756858909717,"J1 LEAGUE Selection 29 May '25"
105756858910853,"J1 LEAGUE Selection 29 May '25"
105756858913050,"J1 LEAGUE Selection 29 May '25"
105756321968408,"National Teams Selection Midfielders 2 Jun '25"
105756321970183,"National Teams Selection Midfielders 2 Jun '25"
105756322009214,"National Teams Selection Midfielders 2 Jun '25"
105756322028136,"National Teams Selection Midfielders 2 Jun '25"
105756322039356,"National Teams Selection Midfielders 2 Jun '25"
105756322044614,"National Teams Selection Midfielders 2 Jun '25"
105756322077129,"National Teams Selection Midfielders 2 Jun '25"
105756322079050,"National Teams Selection Midfielders 2 Jun '25"
105756590452157,"Brazilian League Selection 29 May '25"
105756590469105,"Brazilian League Selection 29 May '25"
105756590469796,"Brazilian League Selection 29 May '25"
105756590473215,"Brazilian League Selection 29 May '25"
105756590477159,"Brazilian League Selection 29 May '25"
105756590480742,"Brazilian League Selection 29 May '25"
105756590488534,"Brazilian League Selection 29 May '25"
105756590513006,"Brazilian League Selection 29 May '25"
105761153790841,"Manchester B Selection 2 Jun '25"
105761153854020,"Manchester B Selection 2 Jun '25"
105761153855711,"Manchester B Selection 2 Jun '25"
105761153878439,"Manchester B Selection 2 Jun '25"
105761153883558,"Manchester B Selection 2 Jun '25"
105761153886985,"Manchester B Selection 2 Jun '25"
105761153892130,"Manchester B Selection 2 Jun '25"
105761153907902,"Manchester B Selection 2 Jun '25"
106740406335670,"GK Directing Defence 29 May '25"
106740406401980,"GK Directing Defence 29 May '25"
106740456734704,"GK Directing Defence 29 May '25"
106740406415422,"GK Directing Defence 29 May '25"
106741211655929,"Towering Giants 29 May '25"
106741211703711,"Towering Giants 29 May '25"
106741211713905,"Towering Giants 29 May '25"
105757395686773,"Towering Giants 29 May '25"
105757395709980,"Towering Giants 29 May '25"
105757395760945,"Towering Giants 29 May '25"
105757395766533,"Towering Giants 29 May '25"
105757395766587,"Towering Giants 29 May '25"
105757395780728,"Towering Giants 29 May '25"
105757395792952,"Towering Giants 29 May '25"
105757395822240,"Towering Giants 29 May '25"
106748996323135,"Show Time 15 May '25"
105778602058578,"Highlight 15 May '25"
105778618888477,"Highlight 15 May '25"
105778602150870,"Highlight 15 May '25"
52885811404554,"POTW 15 May '25"
52885811464916,"POTW 15 May '25"
52885811474484,"POTW 15 May '25"
52885811474558,"POTW 15 May '25"
52885811474678,"POTW 15 May '25"
52885811475014,"POTW 15 May '25"
52885811478746,"POTW 15 May '25"
52885811482011,"POTW 15 May '25"
52885811486568,"POTW 15 May '25"
52885811498634,"POTW 15 May '25"
52885811504380,"POTW 15 May '25"
106740943282007,"J.LEAGUE Monthly MVPs Apr '25"
106740943305465,"J.LEAGUE Monthly MVPs Apr '25"
106740943280920,"J.LEAGUE Monthly MVPs Apr '25"
106740943281173,"J.LEAGUE Monthly MVPs Apr '25"
105757127355931,"J.LEAGUE Monthly MVPs Apr '25"
105757127373668,"J.LEAGUE Monthly MVPs Apr '25"
105757127365557,"J.LEAGUE Monthly MVPs Apr '25"
105757127372679,"J.LEAGUE Monthly MVPs Apr '25"
105763838219867,"National Teams Selection Attackers 9 Jun '25"
105763838231672,"National Teams Selection Attackers 9 Jun '25"
105763838232755,"National Teams Selection Attackers 9 Jun '25"
105763838239241,"National Teams Selection Attackers 9 Jun '25"
105763838240516,"National Teams Selection Attackers 9 Jun '25"
105763838241664,"National Teams Selection Attackers 9 Jun '25"
105763838251148,"National Teams Selection Attackers 9 Jun '25"
105763838251446,"National Teams Selection Attackers 9 Jun '25"
105764106657450,"Japanese Stars 5 Jun '25"
105764106659019,"Japanese Stars 5 Jun '25"
105764106661812,"Japanese Stars 5 Jun '25"
105764106663682,"Japanese Stars 5 Jun '25"
105764106668322,"Japanese Stars 5 Jun '25"
105764106670178,"Japanese Stars 5 Jun '25"
105764106670426,"Japanese Stars 5 Jun '25"
105764106674627,"Japanese Stars 5 Jun '25"
106752217464922,"Japanese Stars 5 Jun '25"
106752217564110,"Japanese Stars 5 Jun '25"
106752217570149,"Japanese Stars 5 Jun '25"
88036360622214,"Madrid Chamartin B 19-20"
88036360723178,"Chelsea B 06-07"
88036360719848,"AFC Ajax 94-95"
88036360600266,"Leicester B 15-16"
88038776506482,"S.S. Lazio 00-01"
88036360649078,"Schalke BW 10-11"
88036360587096,"Manchester United 02-03"
88036360719839,"Manchester United 01-02"
88036360585371,"Yokohama F. Marinos 1995"
88038776507625,"Urawa Reds 2004"
88036360590134,"Internazionale Milano 09-10"
88036360586714,"Internazionale Milano 09-10"
88036360588001,"Manchester United 95-96"
88036360719793,"Manchester United 95-96"
88036360723170,"Chelsea B 04-05"
88036360719836,"Chelsea B 04-05"
88036360719873,"Chelsea B 09-10"
88036360587367,"AC Milan 88-89"
88036360586141,"Madrid Chamartin B 96-97"
88038776520134,"Internazionale Milano 10-11"
88036360586198,"Italy 1998"
88036360719886,"Italy 2000"
88036360723173,"Italy 2006"
88036360719849,"AC Milan 91-92"
88036629155304,"AC Milan 91-92"
88036360701097,"AC Milan 02-03"
88036360719819,"AC Milan 03-04"
88036360719858,"Internazionale Milano 88-89"
88036360592660,"Vissel Kobe 2019"
88036360719831,"Shonan Bellmare 1997"
88036360719797,"Madrid Chamartin B 01-02"
88036360631451,"Napoli A 19-20"
88036360719834,"Arsenal FC 03-04"
88036360719822,"FC Barcelona 98-99"
88036360719820,"Internazionale Milano 95-96"
88036360719796,"Liverpool R 04-05"
88036360719884,"FC Barcelona 05-06"
88036360723168,"FC Barcelona 06-07"
88036360586068,"Madrid Chamartin B 99-00"
88036360719824,"FC Barcelona 05-06"
88038776506440,"FC Barcelona 05-06"
88036360594067,"Italy 2021"
88036360719801,"Spain 2010"
88036360588407,"Czechia 2004"
88036360719854,"Brazil 1978"
88036360631160,"Germany 2018"
88036360719863,"Uruguay 2011"
88036360589289,"FC Barcelona 10-11"
88036360719887,"Madrid Chamartin B 06-07"
88036360615426,"FC Barcelona 08-09"
88036360585379,"Yokohama F. Marinos 2000"
88036360585244,"Kashima Antlers 2000"
88036360589424,"Liverpool R 07-08"
88038776537399,"Piemonte BN 16-17"
88038776508032,"Manchester B 10-11"
88038776567939,"AC Milan 93-94"
88036360588974,"AC Milan 06-07"
88036360648832,"AC Milan 06-07"
88038776539586,"AC Milan 08-09"
88036360594345,"München RW 13-14"
88036360591553,"München RW 13-14"
106747654053207,"Skill Up 2026"
52886079836023,"POTW 22 May '25"
52886079837787,"POTW 22 May '25"
52886079844652,"POTW 22 May '25"
52886079860180,"POTW 22 May '25"
52886079910746,"POTW 22 May '25"
52886079915871,"POTW 22 May '25"
52886079917740,"POTW 22 May '25"
52886079925920,"POTW 22 May '25"
52886079926156,"POTW 22 May '25"
52886079947002,"POTW 22 May '25"
52886079964189,"POTW 22 May '25"
89135066963747,"Big Time 22 Dec '24"
89135067033519,"Big Time 28 Oct '24"
89135067068738,"Big Time 15 May '25"
106744969732202,"Trendyol Süper Lig 24-25 Season's Best"
106744969733514,"Trendyol Süper Lig 24-25 Season's Best"
106744969838454,"Trendyol Süper Lig 24-25 Season's Best"
105767596253180,"Trendyol Süper Lig 24-25 Season's Best"
105767596256801,"Trendyol Süper Lig 24-25 Season's Best"
105767596297711,"Trendyol Süper Lig 24-25 Season's Best"
105767596310505,"Trendyol Süper Lig 24-25 Season's Best"
105767596319410,"Trendyol Süper Lig 24-25 Season's Best"
105767596322377,"Trendyol Süper Lig 24-25 Season's Best"
105767596343215,"Trendyol Süper Lig 24-25 Season's Best"
105767596366481,"Trendyol Süper Lig 24-25 Season's Best"
106749264693909,"Club International Cup Campaign 12 Jun '25"
106749264802276,"Club International Cup Campaign 12 Jun '25"
106749281580484,"Club International Cup Campaign 12 Jun '25"
106749264804803,"Club International Cup Campaign 12 Jun '25"
106749264818797,"Club International Cup Campaign 12 Jun '25"
106743359189607,"English League 24-25 Season's Best"
106743359205469,"English League 24-25 Season's Best"
105764643519326,"English League 24-25 Season's Best"
105764643520025,"English League 24-25 Season's Best"
105764643523866,"English League 24-25 Season's Best"
105764643525731,"English League 24-25 Season's Best"
105764643538016,"English League 24-25 Season's Best"
105764643557695,"English League 24-25 Season's Best"
105764643560041,"English League 24-25 Season's Best"
105764643563808,"English League 24-25 Season's Best"
106748727910680,"Show Time 13 Jun '25"
105764375012684,"Club International Cup Selection 12 Jun '25"
105764375016361,"Club International Cup Selection 12 Jun '25"
105764375018095,"Club International Cup Selection 12 Jun '25"
105764391856959,"Club International Cup Selection 12 Jun '25"
105764375080888,"Club International Cup Selection 12 Jun '25"
105764375110675,"Club International Cup Selection 12 Jun '25"
105764375112456,"Club International Cup Selection 12 Jun '25"
105764375118332,"Club International Cup Selection 12 Jun '25"
105764911880245,"J1 LEAGUE Selection 12 Jun '25"
105764911952371,"J1 LEAGUE Selection 12 Jun '25"
105764911962944,"J1 LEAGUE Selection 12 Jun '25"
105764911962990,"J1 LEAGUE Selection 12 Jun '25"
105764911963196,"J1 LEAGUE Selection 12 Jun '25"
105764911965508,"J1 LEAGUE Selection 12 Jun '25"
105764911970058,"J1 LEAGUE Selection 12 Jun '25"
105764911976844,"J1 LEAGUE Selection 12 Jun '25"
105764911979077,"J1 LEAGUE Selection 12 Jun '25"
105764911984696,"J1 LEAGUE Selection 12 Jun '25"
105764911993500,"J1 LEAGUE Selection 12 Jun '25"
105764912016013,"J1 LEAGUE Selection 12 Jun '25"
52886348280697,"POTW 29 May '25"
52886348281895,"POTW 29 May '25"
52886348342701,"POTW 29 May '25"
52886348346821,"POTW 29 May '25"
52886348351357,"POTW 29 May '25"
52886348361088,"POTW 29 May '25"
52886348368429,"POTW 29 May '25"
52886348381772,"POTW 29 May '25"
52886348382707,"POTW 29 May '25"
52886348394344,"POTW 29 May '25"
52886348394442,"POTW 29 May '25"
106752754353458,"Show Time 7 Jun '25"
105789607945901,"Highlight 7 Jun '25"
105789607960585,"Highlight 7 Jun '25"
105789608006652,"Highlight 7 Jun '25"
53975927864176,"POTM J1 LEAGUE 12 Jun '25"
53975927885913,"POTM J1 LEAGUE 12 Jun '25"
53975927890323,"POTM J1 LEAGUE 12 Jun '25"
53975927891442,"POTM J1 LEAGUE 12 Jun '25"
53975927902935,"POTM J1 LEAGUE 12 Jun '25"
53975927909615,"POTM J1 LEAGUE 12 Jun '25"
53976196289380,"POTM Trendyol Süper Lig 12 Jun '25"
53976196304589,"POTM Trendyol Süper Lig 12 Jun '25"
53976196310189,"POTM Trendyol Süper Lig 12 Jun '25"
53976196313725,"POTM Trendyol Süper Lig 12 Jun '25"
53976196351791,"POTM Trendyol Süper Lig 12 Jun '25"
53976196351817,"POTM Trendyol Süper Lig 12 Jun '25"
53975659423854,"POTM Brazilian League 12 Jun '25"
53975659427009,"POTM Brazilian League 12 Jun '25"
53975659430005,"POTM Brazilian League 12 Jun '25"
53975659436466,"POTM Brazilian League 12 Jun '25"
53975659476038,"POTM Brazilian League 12 Jun '25"
53975659483693,"POTM Brazilian League 12 Jun '25"
55069265399671,"POTS Trendyol Süper Lig 24-25"
55069265400582,"POTS Trendyol Süper Lig 24-25"
55069265423335,"POTS Trendyol Süper Lig 24-25"
55069265463209,"POTS Trendyol Süper Lig 24-25"
55069265465611,"POTS Trendyol Süper Lig 24-25"
55069265466549,"POTS Trendyol Süper Lig 24-25"
55069265472476,"POTS Trendyol Süper Lig 24-25"
55069265472498,"POTS Trendyol Süper Lig 24-25"
55069265472524,"POTS Trendyol Süper Lig 24-25"
55069265474925,"POTS Trendyol Süper Lig 24-25"
55069265481360,"POTS Trendyol Süper Lig 24-25"
55069265483966,"POTS Trendyol Süper Lig 24-25"
55069265488684,"POTS Trendyol Süper Lig 24-25"
55069265489941,"POTS Trendyol Süper Lig 24-25"
55069265490485,"POTS Trendyol Süper Lig 24-25"
55069265498063,"POTS Trendyol Süper Lig 24-25"
55069265500175,"POTS Trendyol Süper Lig 24-25"
55069265515116,"POTS Trendyol Süper Lig 24-25"
55069265527317,"POTS Trendyol Süper Lig 24-25"
55068460097362,"POTS English League 24-25"
55068460117088,"POTS English League 24-25"
55068460158191,"POTS English League 24-25"
55068460162986,"POTS English League 24-25"
55068460168376,"POTS English League 24-25"
55068460171421,"POTS English League 24-25"
55068460171452,"POTS English League 24-25"
55068460171551,"POTS English League 24-25"
55068460171655,"POTS English League 24-25"
55068460171804,"POTS English League 24-25"
55068460173151,"POTS English League 24-25"
55068460176107,"POTS English League 24-25"
55068460176816,"POTS English League 24-25"
55068460178909,"POTS English League 24-25"
55068460183501,"POTS English League 24-25"
55068460184363,"POTS English League 24-25"
55068460189519,"POTS English League 24-25"
55068460194657,"POTS English League 24-25"
55068460197336,"POTS English League 24-25"
55068460209528,"POTS English League 24-25"
105765180324167,"European Club Championship 24-25 Season's Best"
105765180378256,"European Club Championship 24-25 Season's Best"
105765180380144,"European Club Championship 24-25 Season's Best"
105765180388806,"European Club Championship 24-25 Season's Best"
105765180403850,"European Club Championship 24-25 Season's Best"
105765180404758,"European Club Championship 24-25 Season's Best"
105765180406779,"European Club Championship 24-25 Season's Best"
105765180414919,"European Club Championship 24-25 Season's Best"
89135067017250,"Big Time 29 Apr '25"
89135067039781,"Big Time 11 May '25"
106743896063272,"European League 24-25 Season's Best"
106743896078681,"European League 24-25 Season's Best"
106743627624574,"Spanish League 24-25 Season's Best"
106743627679552,"Spanish League 24-25 Season's Best"
105765985630155,"European League 24-25 Season's Best"
105765985630391,"European League 24-25 Season's Best"
105765985694050,"European League 24-25 Season's Best"
105765985711126,"European League 24-25 Season's Best"
105765985716757,"European League 24-25 Season's Best"
105765985721028,"European League 24-25 Season's Best"
105765985725932,"European League 24-25 Season's Best"
105765985740481,"European League 24-25 Season's Best"
105765448748906,"National Teams Selection Worldwide 19 Jun '25"
105765448813308,"National Teams Selection Worldwide 19 Jun '25"
105765448819419,"National Teams Selection Worldwide 19 Jun '25"
105765448820849,"National Teams Selection Worldwide 19 Jun '25"
105765448825694,"National Teams Selection Worldwide 19 Jun '25"
105765448838026,"National Teams Selection Worldwide 19 Jun '25"
105765499170265,"National Teams Selection Worldwide 19 Jun '25"
105765448847231,"National Teams Selection Worldwide 19 Jun '25"
105765448854602,"National Teams Selection Worldwide 19 Jun '25"
105765448873424,"National Teams Selection Worldwide 19 Jun '25"
105765448874797,"National Teams Selection Worldwide 19 Jun '25"
105765717190805,"Spanish League 24-25 Season's Best"
105765717208073,"Spanish League 24-25 Season's Best"
105765717248457,"Spanish League 24-25 Season's Best"
105765717251898,"Spanish League 24-25 Season's Best"
105765717256399,"Spanish League 24-25 Season's Best"
105765717266779,"Spanish League 24-25 Season's Best"
105765717272644,"Spanish League 24-25 Season's Best"
105765717294938,"Spanish League 24-25 Season's Best"
105766522558696,"European Clubs Selection 26 Jun '25"
105766522560972,"European Clubs Selection 26 Jun '25"
105766522568126,"European Clubs Selection 26 Jun '25"
105766522570270,"European Clubs Selection 26 Jun '25"
105766522581222,"European Clubs Selection 26 Jun '25"
105766522601249,"European Clubs Selection 26 Jun '25"
105766522615283,"European Clubs Selection 26 Jun '25"
105766522620586,"European Clubs Selection 26 Jun '25"
105788265766247,"Squad Pillars 24-25 Season's Best"
105788265768376,"Squad Pillars 24-25 Season's Best"
105788265844024,"Squad Pillars 24-25 Season's Best"
105788265852062,"Squad Pillars 24-25 Season's Best"
105788265852625,"Squad Pillars 24-25 Season's Best"
105788265860820,"Squad Pillars 24-25 Season's Best"
105788265861019,"Squad Pillars 24-25 Season's Best"
105788265874124,"Squad Pillars 24-25 Season's Best"
105767059450220,"J1 LEAGUE Selection 26 Jun '25"
105767059452657,"J1 LEAGUE Selection 26 Jun '25"
105767059460191,"J1 LEAGUE Selection 26 Jun '25"
105767059466259,"J1 LEAGUE Selection 26 Jun '25"
105767059467804,"J1 LEAGUE Selection 26 Jun '25"
105767059477209,"J1 LEAGUE Selection 26 Jun '25"
105767059477367,"J1 LEAGUE Selection 26 Jun '25"
105767059477630,"J1 LEAGUE Selection 26 Jun '25"
105763838245476,"National Teams Selection Attackers 9 Jun '25"
105765985697401,"European League 24-25 Season's Best"
105775380952852,"Lamine Yamal Edition 2026"
105775380957221,"Lamine Yamal Edition 2026"
105775380968504,"Lamine Yamal Edition 2026"
105775380968166,"Lamine Yamal Edition 2026"
105775380970714,"Lamine Yamal Edition 2026"
105775380983650,"Lamine Yamal Edition 2026"
105775380986227,"Lamine Yamal Edition 2026"
105775380966325,"Lamine Yamal Edition 2026"
105775380977201,"Lamine Yamal Edition 2026"
105775380981403,"Lamine Yamal Edition 2026"
105775112422706,"Leo Messi Edition 2026"
105775112428610,"Leo Messi Edition 2026"
105775112429333,"Leo Messi Edition 2026"
105775112429394,"Leo Messi Edition 2026"
105775112432987,"Leo Messi Edition 2026"
105775112445741,"Leo Messi Edition 2026"
105775112506252,"Leo Messi Edition 2026"
105775112429483,"Leo Messi Edition 2026"
105775112430189,"Leo Messi Edition 2026"
105775112445731,"Leo Messi Edition 2026"
105779139033853,"Skill Up 2026"
105775649319286,"Starter Set 2026"
105775649362662,"Starter Set 2026"
105775649371506,"Starter Set 2026"
105776454608951,"Manager Edition 2026"
105776454612767,"Manager Edition 2026"
106746580415858,"European Club Championship 24-25 Season's Best"
106746580456800,"European Club Championship 24-25 Season's Best"
106743627624500,"Spanish League 24-25 Season's Best"
89135067035344,"Big Time 17 May '25"
55068728532034,"POTS Spanish League 24-25"
55068728534588,"POTS Spanish League 24-25"
55068728539556,"POTS Spanish League 24-25"
55068728553559,"POTS Spanish League 24-25"
55068728592228,"POTS Spanish League 24-25"
55068728602335,"POTS Spanish League 24-25"
55068728603871,"POTS Spanish League 24-25"
55068728604535,"POTS Spanish League 24-25"
55068728606318,"POTS Spanish League 24-25"
55068728606489,"POTS Spanish League 24-25"
55068728608166,"POTS Spanish League 24-25"
55068728613896,"POTS Spanish League 24-25"
55068728618458,"POTS Spanish League 24-25"
55068728618656,"POTS Spanish League 24-25"
55068728625084,"POTS Spanish League 24-25"
55068728626790,"POTS Spanish League 24-25"
55068728630326,"POTS Spanish League 24-25"
55068728633070,"POTS Spanish League 24-25"
55068728644230,"POTS Spanish League 24-25"
55068728663652,"POTS Spanish League 24-25"
55068996967610,"POTS Italian League 24-25"
55068997031174,"POTS Italian League 24-25"
55068997047299,"POTS Italian League 24-25"
55068997045101,"POTS Italian League 24-25"
55068997041878,"POTS Italian League 24-25"
55068997042112,"POTS Italian League 24-25"
55068997036751,"POTS Italian League 24-25"
55068997045762,"POTS Italian League 24-25"
55068997038972,"POTS Italian League 24-25"
55068997082702,"POTS Italian League 24-25"
55068997069057,"POTS Italian League 24-25"
55068997075060,"POTS Italian League 24-25"
55068997041713,"POTS Italian League 24-25"
55068997074433,"POTS Italian League 24-25"
55068997053618,"POTS Italian League 24-25"
55068997063103,"POTS Italian League 24-25"
55068997037051,"POTS Italian League 24-25"
55068997037395,"POTS Italian League 24-25"
55068997064992,"POTS Italian League 24-25"
55068997060850,"POTS Italian League 24-25"
105767864777946,"Breakout Stars 24-25 Season's Best"
105767864783151,"Breakout Stars 24-25 Season's Best"
105767864783369,"Breakout Stars 24-25 Season's Best"
105767864786337,"Breakout Stars 24-25 Season's Best"
105767864789213,"Breakout Stars 24-25 Season's Best"
105767864790616,"Breakout Stars 24-25 Season's Best"
105767864790733,"Breakout Stars 24-25 Season's Best"
105767864802007,"Breakout Stars 24-25 Season's Best"
89135067023229,"Big Time 14 Apr '25"
89135066951464,"Big Time 27 Apr '25"
106745238253510,"Breakout Stars 24-25 Season's Best"
106745238268680,"Breakout Stars 24-25 Season's Best"
106744164492837,"Italian League 24-25 Season's Best"
106744164503008,"Italian League 24-25 Season's Best"
106752485992566,"Squad Pillars 24-25 Season's Best"
106752486016837,"Squad Pillars 24-25 Season's Best"
106744432885358,"Brazilian League Selection 26 Jun '25"
106744432941483,"Brazilian League Selection 26 Jun '25"
106744432947286,"Brazilian League Selection 26 Jun '25"
106744432971741,"Brazilian League Selection 26 Jun '25"
105766790997250,"Brazilian League Selection 26 Jun '25"
105766791000942,"Brazilian League Selection 26 Jun '25"
105766791020542,"Brazilian League Selection 26 Jun '25"
105766791023955,"Brazilian League Selection 26 Jun '25"
105766791026405,"Brazilian League Selection 26 Jun '25"
105766791033680,"Brazilian League Selection 26 Jun '25"
105766791042129,"Brazilian League Selection 26 Jun '25"
105766791052172,"Brazilian League Selection 26 Jun '25"
88229365693130,"Jクラ用"
88229634128586,"Jクラ用"
105766254059131,"Italian League 24-25 Season's Best"
105766254063916,"Italian League 24-25 Season's Best"
105766254126509,"Italian League 24-25 Season's Best"
105766254129159,"Italian League 24-25 Season's Best"
105766254129812,"Italian League 24-25 Season's Best"
105766254133736,"Italian League 24-25 Season's Best"
105766254149247,"Italian League 24-25 Season's Best"
105766254151524,"Italian League 24-25 Season's Best"
55068997039592,"POTS Italian League 24-25"
52886616674730,"POTW National Teams 12 Jun '25"
52886616730655,"POTW National Teams 12 Jun '25"
52886616774957,"POTW National Teams 12 Jun '25"
52886616780804,"POTW National Teams 12 Jun '25"
52886616781488,"POTW National Teams 12 Jun '25"
52886616793433,"POTW National Teams 12 Jun '25"
52886616802964,"POTW National Teams 12 Jun '25"
52886616811786,"POTW National Teams 12 Jun '25"
52886616816720,"POTW National Teams 12 Jun '25"
52886616818309,"POTW National Teams 12 Jun '25"
52886616830458,"POTW National Teams 12 Jun '25"
106744701366892,"J.LEAGUE Monthly MVPs May '25"
106744701377557,"J.LEAGUE Monthly MVPs May '25"
106744701380969,"J.LEAGUE Monthly MVPs May '25"
106744701423881,"J.LEAGUE Monthly MVPs May '25"
105767327776814,"J.LEAGUE Monthly MVPs May '25"
105767327882311,"J.LEAGUE Monthly MVPs May '25"
105767327901181,"J.LEAGUE Monthly MVPs May '25"
105767327928611,"J.LEAGUE Monthly MVPs May '25"
105774844115266,"eFootball Festival 30th Campaign 10 Jul '25"
105774575525207,"eFootball Festival 30th Campaign 10 Jul '25"
52886885140094,"POTW Club International Cup 19 Jun '25"
52886885146389,"POTW Club International Cup 19 Jun '25"
52886885169382,"POTW Club International Cup 19 Jun '25"
52886885213903,"POTW Club International Cup 19 Jun '25"
52886885222751,"POTW Club International Cup 19 Jun '25"
52886885223821,"POTW Club International Cup 19 Jun '25"
52886885235871,"POTW Club International Cup 19 Jun '25"
52886885243664,"POTW Club International Cup 19 Jun '25"
52886885252223,"POTW Club International Cup 19 Jun '25"
52886885259096,"POTW Club International Cup 19 Jun '25"
52886885273401,"POTW Club International Cup 19 Jun '25"
55068997039522,"POTS Italian League 24-25"
105770549044695,"30th Anniversary Elites 10 Jul '25"
105770549046303,"30th Anniversary Elites 10 Jul '25"
105770549087376,"30th Anniversary Elites 10 Jul '25"
105770549094258,"30th Anniversary Elites 10 Jul '25"
105770549094861,"30th Anniversary Elites 10 Jul '25"
105770549094980,"30th Anniversary Elites 10 Jul '25"
105770549095396,"30th Anniversary Elites 10 Jul '25"
105770549096694,"30th Anniversary Elites 10 Jul '25"
105763301289712,"J1 LEAGUE Selection 10 Jul '25"
105763301336087,"J1 LEAGUE Selection 10 Jul '25"
105763301350238,"J1 LEAGUE Selection 10 Jul '25"
105763301350374,"J1 LEAGUE Selection 10 Jul '25"
105763301350471,"J1 LEAGUE Selection 10 Jul '25"
105763301362314,"J1 LEAGUE Selection 10 Jul '25"
105763301363735,"J1 LEAGUE Selection 10 Jul '25"
105763301368176,"J1 LEAGUE Selection 10 Jul '25"
105763301371787,"J1 LEAGUE Selection 10 Jul '25"
105763301387236,"J1 LEAGUE Selection 10 Jul '25"
105763301389505,"J1 LEAGUE Selection 10 Jul '25"
105763301391565,"J1 LEAGUE Selection 10 Jul '25"
105763032835666,"National Teams Selection Attackers 10 Jul '25"
105763032908342,"National Teams Selection Attackers 10 Jul '25"
105763032925245,"National Teams Selection Attackers 10 Jul '25"
105763032926389,"National Teams Selection Attackers 10 Jul '25"
105763032928671,"National Teams Selection Attackers 10 Jul '25"
105763032936523,"National Teams Selection Attackers 10 Jul '25"
105763032936842,"National Teams Selection Attackers 10 Jul '25"
105763032961977,"National Teams Selection Attackers 10 Jul '25"
105762764401047,"National Teams Selection Guardians 14 Jul '25"
105762764405552,"National Teams Selection Guardians 14 Jul '25"
105762764465273,"National Teams Selection Guardians 14 Jul '25"
105762764470008,"National Teams Selection Guardians 14 Jul '25"
105762764475425,"National Teams Selection Guardians 14 Jul '25"
105762764475689,"National Teams Selection Guardians 14 Jul '25"
105762764475825,"National Teams Selection Guardians 14 Jul '25"
105762764484202,"National Teams Selection Guardians 14 Jul '25"
53976733118301,"POTM J1 LEAGUE 10 Jul '25"
53976733168543,"POTM J1 LEAGUE 10 Jul '25"
53976733171240,"POTM J1 LEAGUE 10 Jul '25"
53976733184765,"POTM J1 LEAGUE 10 Jul '25"
53976733185916,"POTM J1 LEAGUE 10 Jul '25"
53976733186799,"POTM J1 LEAGUE 10 Jul '25"
53976464668196,"POTM Brazilian League 10 Jul '25"
53976464732182,"POTM Brazilian League 10 Jul '25"
53976464735047,"POTM Brazilian League 10 Jul '25"
53976464736629,"POTM Brazilian League 10 Jul '25"
53976464773364,"POTM Brazilian League 10 Jul '25"
53976464790817,"POTM Brazilian League 10 Jul '25"
52887153548631,"POTW Club International Cup 26 Jun '25"
52887153585503,"POTW Club International Cup 26 Jun '25"
52887153600476,"POTW Club International Cup 26 Jun '25"
52887153668404,"POTW Club International Cup 26 Jun '25"
52887153670214,"POTW Club International Cup 26 Jun '25"
52887153671164,"POTW Club International Cup 26 Jun '25"
52887153682990,"POTW Club International Cup 26 Jun '25"
52887153694028,"POTW Club International Cup 26 Jun '25"
52887153698299,"POTW Club International Cup 26 Jun '25"
52887153701956,"POTW Club International Cup 26 Jun '25"
52887153706013,"POTW Club International Cup 26 Jun '25"
105768401564216,"European Clubs Selection Midfielders 21 Jul '25"
105768401606485,"European Clubs Selection Midfielders 21 Jul '25"
105768401610447,"European Clubs Selection Midfielders 21 Jul '25"
105768401615452,"European Clubs Selection Midfielders 21 Jul '25"
105768401618226,"European Clubs Selection Midfielders 21 Jul '25"
105768401620633,"European Clubs Selection Midfielders 21 Jul '25"
105768401626568,"European Clubs Selection Midfielders 21 Jul '25"
105768401628928,"European Clubs Selection Midfielders 21 Jul '25"
105768133185903,"National Teams Selection 17 Jul '25"
105768133193441,"National Teams Selection 17 Jul '25"
105768133195033,"National Teams Selection 17 Jul '25"
105768133198038,"National Teams Selection 17 Jul '25"
105768133203420,"National Teams Selection 17 Jul '25"
105768133204752,"National Teams Selection 17 Jul '25"
105768133207292,"National Teams Selection 17 Jul '25"
105768133207973,"National Teams Selection 17 Jul '25"
105768133208663,"National Teams Selection 17 Jul '25"
105768133209515,"National Teams Selection 17 Jul '25"
105768133223907,"National Teams Selection 17 Jul '25"
52887422011457,"POTW Club International Cup 3 Jul '25"
52887422013682,"POTW Club International Cup 3 Jul '25"
52887422015749,"POTW Club International Cup 3 Jul '25"
52887422080994,"POTW Club International Cup 3 Jul '25"
52887422089918,"POTW Club International Cup 3 Jul '25"
52887422093623,"POTW Club International Cup 3 Jul '25"
52887422094115,"POTW Club International Cup 3 Jul '25"
52887422099969,"POTW Club International Cup 3 Jul '25"
52887422102622,"POTW Club International Cup 3 Jul '25"
52887422115238,"POTW Club International Cup 3 Jul '25"
52887422135896,"POTW Club International Cup 3 Jul '25"
105790950183038,"Borussia Dortmund Selection 26 Jul '25"
105790950215529,"Borussia Dortmund Selection 26 Jul '25"
105790950222575,"Borussia Dortmund Selection 26 Jul '25"
105768938434048,"Borussia Dortmund Selection 24 Jul '25"
105768938475360,"Borussia Dortmund Selection 24 Jul '25"
105768938489256,"Borussia Dortmund Selection 24 Jul '25"
105768938490899,"Borussia Dortmund Selection 24 Jul '25"
105768938500737,"Borussia Dortmund Selection 24 Jul '25"
105768938517558,"Borussia Dortmund Selection 24 Jul '25"
105768938515181,"Borussia Dortmund Selection 24 Jul '25"
105768938515356,"Borussia Dortmund Selection 24 Jul '25"
106753291337609,"Borussia Dortmund Selection 26 Jul '25"
106745775110909,"Summer Transfer 28 Jul '25"
106745775115778,"Summer Transfer 28 Jul '25"
106745775135428,"Summer Transfer 28 Jul '25"
106746043475495,"Brazilian League Selection 24 Jul '25"
106746043477580,"Brazilian League Selection 24 Jul '25"
106746043534334,"Brazilian League Selection 24 Jul '25"
106746043541825,"Brazilian League Selection 24 Jul '25"
105769206922598,"Summer Transfer 28 Jul '25"
105769206931808,"Summer Transfer 28 Jul '25"
105769206937560,"Summer Transfer 28 Jul '25"
105769206942170,"Summer Transfer 28 Jul '25"
105769206948909,"Summer Transfer 28 Jul '25"
105769206948928,"Summer Transfer 28 Jul '25"
105769206952515,"Summer Transfer 28 Jul '25"
105769206970178,"Summer Transfer 28 Jul '25"
105791487011871,"0"
105791487056146,"0"
105791487063528,"Summer Tour Campaign 24 Jul '25"
105791487068135,"Summer Tour Campaign 24 Jul '25"
105791487089816,"Summer Tour Campaign 24 Jul '25"
105791487112890,"Summer Tour Campaign 24 Jul '25"
105769475302712,"Brazilian League Selection 24 Jul '25"
105769475352688,"Brazilian League Selection 24 Jul '25"
105769475367454,"Brazilian League Selection 24 Jul '25"
105769475369333,"Brazilian League Selection 24 Jul '25"
105769475376022,"Brazilian League Selection 24 Jul '25"
105769475387756,"Brazilian League Selection 24 Jul '25"
105769475390587,"Brazilian League Selection 24 Jul '25"
105769475418752,"Brazilian League Selection 24 Jul '25"
105791755495839,"Summer Tour Campaign 24 Jul '25"
105791755514424,"Summer Tour Campaign 24 Jul '25"
105791755534586,"Summer Tour Campaign 24 Jul '25"
105791755546317,"Summer Tour Campaign 24 Jul '25"
105769743694749,"J1 LEAGUE Selection 24 Jul '25"
105769743790577,"J1 LEAGUE Selection 24 Jul '25"
105769743791177,"J1 LEAGUE Selection 24 Jul '25"
105769743807631,"J1 LEAGUE Selection 24 Jul '25"
105769743807763,"J1 LEAGUE Selection 24 Jul '25"
105769743844002,"J1 LEAGUE Selection 24 Jul '25"
105769743847622,"J1 LEAGUE Selection 24 Jul '25"
105769743847855,"J1 LEAGUE Selection 24 Jul '25"
89135066911146,"Big Time 8 Jun '25"
105768669978539,"Club International Cup 2025"
105768670051123,"Club International Cup 2025"
105768670051341,"Club International Cup 2025"
105768670065180,"Club International Cup 2025"
105768670066758,"Club International Cup 2025"
105768670070237,"Club International Cup 2025"
105768670072703,"Club International Cup 2025"
105768670090055,"Club International Cup 2025"
52887690416071,"POTW Club International Cup 10 Jul '25"
52887690522658,"POTW Club International Cup 10 Jul '25"
52887690522750,"POTW Club International Cup 10 Jul '25"
52887690525992,"POTW Club International Cup 10 Jul '25"
52887690534303,"POTW Club International Cup 10 Jul '25"
52887690550188,"POTW Club International Cup 10 Jul '25"
52887690552649,"POTW Club International Cup 10 Jul '25"
52887690553610,"POTW Club International Cup 10 Jul '25"
52887690564960,"POTW Club International Cup 10 Jul '25"
52887690567240,"POTW Club International Cup 10 Jul '25"
52887690579199,"POTW Club International Cup 10 Jul '25"
105789876442092,"Arsenal FC Partnership Campaign 7 Aug '25"
88229365678215,"Jクラ用"
88229634113671,"Jクラ用"
88229902549127,"Jクラ用"
106746311998959,"J.LEAGUE Monthly MVPs Jun '25"
106746312023283,"J.LEAGUE Monthly MVPs Jun '25"
106746312026321,"J.LEAGUE Monthly MVPs Jun '25"
106746312027375,"J.LEAGUE Monthly MVPs Jun '25"
105770012150817,"J.LEAGUE Monthly MVPs Jun '25"
105770012262215,"J.LEAGUE Monthly MVPs Jun '25"
105770012262979,"J.LEAGUE Monthly MVPs Jun '25"
105770012283302,"J.LEAGUE Monthly MVPs Jun '25"
105793366107745,"Highlight 10 Aug '25"
105793366125347,"Highlight 10 Aug '25"
105793366130433,"Highlight 10 Aug '25"
105793634552159,"Highlight 11 Aug '25"
105793634561118,"Highlight 11 Aug '25"
105793634575942,"Highlight 11 Aug '25"
105793097669457,"Highlight 9 Aug '25"
105793097678196,"Highlight 9 Aug '25"
105793097690985,"Highlight 9 Aug '25"
105778065282828,"National Team Selection Portugal 4 Aug '25"
105778065282850,"National Team Selection Portugal 4 Aug '25"
105778065287320,"National Team Selection Portugal 4 Aug '25"
105778065290424,"National Team Selection Portugal 4 Aug '25"
105778065295711,"National Team Selection Portugal 4 Aug '25"
105778065296760,"National Team Selection Portugal 4 Aug '25"
105778065317108,"National Team Selection Portugal 4 Aug '25"
105778065331834,"National Team Selection Portugal 4 Aug '25"
105787997307296,"Japan Selection 4 Aug '25"
105787997351767,"Japan Selection 4 Aug '25"
105787997414620,"Japan Selection 4 Aug '25"
105787997417357,"Japan Selection 4 Aug '25"
105787997423475,"Japan Selection 4 Aug '25"
105787997433666,"Japan Selection 4 Aug '25"
105787997442229,"Japan Selection 4 Aug '25"
105787997443130,"Japan Selection 4 Aug '25"
106754365099263,"Show Time 11 Aug '25"
106754096599541,"Show Time 10 Aug '25"
106753828209219,"Show Time 9 Aug '25"
106748459484820,"National Team Selection Portugal 4 Aug '25"
106748459487131,"National Team Selection Portugal 4 Aug '25"
106747922604897,"Daily Bonus 2026"
106749533208454,"Diagonal Long Pass A 15 Aug '25"
106749533210935,"Diagonal Long Pass A 15 Aug '25"
106753559668284,"eFootball™ League Rewards Phase 1"
105776186238118,"Daily Bonus 2026"
105776186242502,"Daily Bonus 2026"
105776186249585,"Daily Bonus 2026"
105776186272669,"Daily Bonus 2026"
105775917811551,"Daily Bonus 2026"
105775917822492,"Daily Bonus 2026"
105775917831976,"Daily Bonus 2026"
105780481208407,"Chelsea B Selection 18 Aug '25"
105780481219999,"Chelsea B Selection 18 Aug '25"
105780481232900,"Chelsea B Selection 18 Aug '25"
105780481238668,"Chelsea B Selection 18 Aug '25"
105780481239149,"Chelsea B Selection 18 Aug '25"
105780481240924,"Chelsea B Selection 18 Aug '25"
105780481266541,"Chelsea B Selection 18 Aug '25"
105780481267103,"Chelsea B Selection 18 Aug '25"
105780212719622,"Diagonal Long Pass A 15 Aug '25"
105780212763239,"Diagonal Long Pass A 15 Aug '25"
105780212771400,"Diagonal Long Pass A 15 Aug '25"
105780212774076,"Diagonal Long Pass A 15 Aug '25"
105780212776308,"Diagonal Long Pass A 15 Aug '25"
105780212790966,"Diagonal Long Pass A 15 Aug '25"
105780212803712,"Diagonal Long Pass A 15 Aug '25"
105780212814894,"Daiagonal Long Pass A 15 Aug '25"
105780212819265,"Diagonal Long Pass A 15 Aug '25"
105780212834538,"Diagonal Long Pass A 15 Aug '25"
105779407403191,"Step-up 2026"
105779407483982,"Step-up 2026"
105779407488096,"Step-up 2026"
105778870529832,"Welcome Login Bonus 2026"
105778870595710,"Welcome Login Bonus 2026"
105778870613273,"Welcome Login Bonus 2026"
105791218663624,"National Team Selection India 14 Aug '25"
105791218663639,"National Team Selection India 14 Aug '25"
105791218670413,"National Team Selection India 14 Aug '25"
105791218670415,"National Team Selection India 14 Aug '25"
105791218681972,"National Team Selection India 14 Aug '25"
105792292274134,"J1 LEAGUE Selection 15 Aug '25"
105792292274369,"J1 LEAGUE Selection 15 Aug '25"
105792292274627,"J1 LEAGUE Selection 15 Aug '25"
105792292274647,"J1 LEAGUE Selection 15 Aug '25"
105792292274650,"J1 LEAGUE Selection 15 Aug '25"
105792292380148,"J1 LEAGUE Selection 15 Aug '25"
105792292380899,"J1 LEAGUE Selection 15 Aug '25"
105792292381889,"J1 LEAGUE Selection 15 Aug '25"
105792292386498,"J1 LEAGUE Selection 15 Aug '25"
105792292386505,"J1 LEAGUE Selection 15 Aug '25"
105792292401125,"J1 LEAGUE Selection 15 Aug '25"
105792292409156,"J1 LEAGUE Selection 15 Aug '25"
88038776505140,"Manchester United 07-08"
88039044943928,"Manchester United 11-12"
88039044945180,"Manchester United 07-08"
88039045074362,"Madrid Chamartin B 01-02"
88039045074373,"Piemonte BN 02-03"
88039044974657,"Liverpool R 13-14"
88039045074364,"Arsenal FC 97-98"
88039044975272,"Tottenham WB 09-10"
88038776505238,"Manchester United 07-08"
88039045074440,"Brazil 1997"
88039044941229,"Egypt 2006"
88039044948961,"Senegal 2013"
88039045077740,"Nigeria 2000"
88039044970281,"Iraq 2007"
88039045116731,"Saudi Arabia 1994"
88039045081356,"Thailand 2007"
88039044986828,"India 2023"
88039044955099,"Japan 2013"
88039045074413,"Germany 1982"
88039045074405,"Germany 1986"
88039044946848,"Internazionale Milano 09-10"
88038776638902,"FC Barcelona 97-98"
88038776513453,"Madrid Chamartin B 15-16"
88039044939933,"Yokohama F. Marinos 2004"
88038776504455,"Tokyo Verdy 1999"
88039045074374,"Czechia 2004"
88039044942559,"France 1984"
88039045074371,"Italy 2006"
89136140651034,"Big Time AC Milan 25 Sep '10"
88039045077725,"AC Milan 02-03"
88039045074401,"AC Milan 10-11"
88039044943837,"AC Milan 07-08"
88039045100353,"AC Milan 02-03"
88039044976774,"Chelsea B 16-17"
88039044955096,"Manchester United 12-13"
88039045074354,"Manchester United 98-99"
88039045074370,"Italy 2000"
88039045003638,"Spain 2002"
88039044980128,"Brazil 2016"
88039045074383,"FC Barcelona 93-94"
88039045074359,"FC Barcelona 91-92"
88038776506699,"FC Barcelona 93-94"
88039045074407,"Internazionale Milano 98-99"
88039045077738,"AC Milan 03-04"
88039044941514,"S.S. Lazio 99-00"
89135872347626,"Big Time AC Milan 24 May '89"
88039045074375,"München RW 00-01"
88039045074389,"Internazionale Milano 09-10"
88039044941086,"Manchester United 10-11"
89135067044780,"Big Time 13 Jul '25"
106745506608041,"Club International Cup 2025"
106745506689835,"Club International Cup 2025"
105768670057783,"Club International Cup 2025"
105768670065235,"Club International Cup 2025"
53977538426792,"POTM Brazilian League 14 Aug '25"
53977538476771,"POTM Brazilian League 14 Aug '25"
53977538483722,"POTM Brazilian League 14 Aug '25"
53977538486110,"POTM Brazilian League 14 Aug '25"
53977538498333,"POTM Brazilian League 14 Aug '25"
53977538498540,"POTM Brazilian League 14 Aug '25"
53977269973985,"POTM J1 LEAGUE 14 Aug '25"
53977270049807,"POTM J1 LEAGUE 14 Aug '25"
53977270052064,"POTM J1 LEAGUE 14 Aug '25"
53977270054668,"POTM J1 LEAGUE 14 Aug '25"
53977270068715,"POTM J1 LEAGUE 14 Aug '25"
53977270087018,"POTM J1 LEAGUE 14 Aug '25"
105779675838539,"Back in the Game 14 Aug '25"
105779675902175,"Back in the Game 14 Aug '25"
105779675904885,"Back in the Game 14 Aug '25"
105779675905448,"Back in the Game 14 Aug '25"
105779675905953,"Back in the Game 14 Aug '25"
105779675962970,"Back in the Game 14 Aug '25"
105793634563371,"Highlight 11 Aug '25"
105795513523616,"Yu-Gi-Oh! Collaboration Campaign 25 Sep '25"
105795513593982,"Yu-Gi-Oh! Collaboration Campaign 25 Sep '25"
105795513640603,"Yu-Gi-Oh! Collaboration Campaign 25 Sep '25"
105795782029504,"Yu-Gi-Oh! Collaboration Campaign 25 Sep '25"
105795781979167,"Yu-Gi-Oh! Collaboration Campaign 25 Sep '25"
105795782045409,"Yu-Gi-Oh! Collaboration Campaign 25 Sep '25"
105792829232390,"Startup Campaign 14 Aug '25"
105792829240690,"Startup Campaign 14 Aug '25"
105792829243366,"Startup Campaign 14 Aug '25"
105792829246840,"Startup Campaign 14 Aug '25"
105792829260920,"Startup Campaign 14 Aug '25"
105792829271114,"Startup Campaign 14 Aug '25"
105780749577563,"Summer Transfer 14 Aug '25"
105780749666837,"Summer Transfer 14 Aug '25"
105780749673944,"Summer Transfer 14 Aug '25"
105780749679834,"Summer Transfer 14 Aug '25"
105780749692770,"Summer Transfer 14 Aug '25"
105780749697723,"Summer Transfer 14 Aug '25"
105780749667942,"Summer Transfer 14 Aug '25"
105780749658023,"Summer Transfer 14 Aug '25"
105780212782594,"Diagonal Long Pass A 15 Aug '25"
106754901843130,"Offensive Genius 25 Aug '25"
106754901929868,"Offensive Genius 25 Aug '25"
106754901936551,"Offensive Genius 25 Aug '25"
105781018013316,"Italian League Selection Guardians 21 Aug '25"
105781018077872,"Italian League Selection Guardians 21 Aug '25"
105781018081705,"Italian League Selection Guardians 21 Aug '25"
105781018085610,"Italian League Selection Guardians 21 Aug '25"
105781018086013,"Italian League Selection Guardians 21 Aug '25"
105781018101256,"Italian League Selection Guardians 21 Aug '25"
105781018104141,"Italian League Selection Guardians 21 Aug '25"
105781018109852,"Italian League Selection Guardians 21 Aug '25"
105794976723838,"Offensive Genius 25 Aug '25"
105794976726538,"Offensive Genius 25 Aug '25"
105794976727207,"Offensive Genius 25 Aug '25"
105794976734658,"Offensive Genius 25 Aug '25"
105794976738777,"Offensive Genius 25 Aug '25"
105794976739551,"Offensive Genius 25 Aug '25"
105794976741730,"Offensive Genius 25 Aug '25"
105794976756065,"Offensive Genius 25 Aug '25"
105779944267935,"English League Selection 21 Aug '25"
105779944330646,"English League Selection 21 Aug '25"
105779944335747,"English League Selection 21 Aug '25"
105779944341322,"English League Selection 21 Aug '25"
105779944342478,"English League Selection 21 Aug '25"
105779944353430,"English League Selection 21 Aug '25"
105779944353540,"English League Selection 21 Aug '25"
105779944357135,"English League Selection 21 Aug '25"
105779944364807,"English League Selection 21 Aug '25"
105779944373836,"English League Selection 21 Aug '25"
105779944385556,"English League Selection 21 Aug '25"
105781286465377,"J1 LEAGUE Selection 28 Aug '25"
105781286510085,"J1 LEAGUE Selection 28 Aug '25"
105781286525891,"J1 LEAGUE Selection 28 Aug '25"
105781286525892,"J1 LEAGUE Selection 28 Aug '25"
105781286532194,"J1 LEAGUE Selection 28 Aug '25"
105781286536393,"J1 LEAGUE Selection 28 Aug '25"
105781286539570,"J1 LEAGUE Selection 28 Aug '25"
105781286561840,"J1 LEAGUE Selection 28 Aug '25"
105781823382694,"National Team Selection Italy 1 Sep '25"
105781823389843,"National Team Selection Italy 1 Sep '25"
105781823393179,"National Team Selection Italy 1 Sep '25"
105781823394819,"National Team Selection Italy 1 Sep '25"
105781823397724,"National Team Selection Italy 1 Sep '25"
105781823407692,"National Team Selection Italy 1 Sep '25"
105781823415746,"National Team Selection Italy 1 Sep '25"
105781823422580,"National Team Selection Italy 1 Sep '25"
105795245055319,"0"
105795245086587,"0"
105795245086605,"0"
105795245088230,"0"
105795245090124,"0"
105795245090364,"0"
105795245092187,"0"
105795245094344,"0"
105795245094987,"0"
105795245108320,"0"
105795245111317,"0"
105795245148107,"0"
105795245148866,"0"
105795245155494,"0"
105795245156767,"0"
105795245158452,"0"
105795245161213,"0"
105795245168048,"0"
105795245173854,"0"
105795245178127,"0"
105795245182875,"0"
105795245185964,"0"
105795245189386,"0"
105795245189896,"0"
106757854755138,"0"
105809203855125,"0"
105809203855126,"0"
105809203855127,"0"
105809203855129,"0"
105809203855132,"0"
105809203855133,"0"
105809203855135,"0"
105809203855136,"0"
105809203855137,"0"
105809203855138,"0"
105809203855141,"0"
105809203855142,"0"
105809203855143,"0"
105809203855144,"0"
105809203855145,"0"
105809203855146,"0"
105809203855147,"0"
105809203869900,"0"
105809203869901,"0"
105809203869902,"0"
105809203869903,"0"
105809203869904,"0"
105809203869905,"0"
106749801654633,"J.LEAGUE Monthly MVPs Jul '25"
106749801697545,"J.LEAGUE Monthly MVPs Jul '25"
106749801637288,"J.LEAGUE Monthly MVPs Jul '25"
106749801697703,"J.LEAGUE Monthly MVPs Jul '25"
105781554856409,"J.LEAGUE Monthly MVPs Jul '25"
105781554963663,"J.LEAGUE Monthly MVPs Jul '25"
105781555000164,"J.LEAGUE Monthly MVPs Jul '25"
105781554992497,"J.LEAGUE Monthly MVPs Jul '25"
106755170302024,"Brazilian League Selection 28 Aug '25"
106755170349023,"Brazilian League Selection 28 Aug '25"
106755170353522,"Brazilian League Selection 28 Aug '25"
106755170362129,"Brazilian League Selection 28 Aug '25"
105796050414335,"Brazilian League Selection 28 Aug '25"
105796050458655,"Brazilian League Selection 28 Aug '25"
105796050459339,"Brazilian League Selection 28 Aug '25"
105796050476454,"Brazilian League Selection 28 Aug '25"
105796050487433,"Brazilian League Selection 28 Aug '25"
105796050498225,"Brazilian League Selection 28 Aug '25"
105796050514486,"Brazilian League Selection 28 Aug '25"
105796050521906,"Brazilian League Selection 28 Aug '25"
105790144781655,"Tresure Link Campaign 28 Aug '25"
105790413371714,"Tresure Link Campaign 28 Aug '25"
123236838967104,"Strike Arena"
123236838933952,"Strike Arena"
123236838841410,"Strike Arena"
123236838934565,"Strike Arena"
123236838948643,"Strike Arena"
123236838910070,"Strike Arena"
123236838956868,"Strike Arena"
123236838948641,"Strike Arena"
123236838912052,"Strike Arena"
123236838918159,"Strike Arena"
123236838962956,"Strike Arena"
123236838912310,"Strike Arena"
123236838912192,"Strike Arena"
123236838963522,"Strike Arena"
123236838846698,"Strike Arena"
123236838905253,"Strike Arena"
123236838927745,"Strike Arena"
123236838912046,"Strike Arena"
106750070079879,"Over-the-Top Pass A 4 Sep '25"
106750070082971,"Over-the-Top Pass A 4 Sep '25"
105801419163926,"Napoli A Selection 8 Sep '25"
105801419173947,"Napoli A Selection 8 Sep '25"
105801419177629,"Napoli A Selection 8 Sep '25"
105801419179550,"Napoli A Selection 8 Sep '25"
105801419179901,"Napoli A Selection 8 Sep '25"
105801419181536,"Napoli A Selection 8 Sep '25"
105801419186024,"Napoli A Selection 8 Sep '25"
105801419193983,"Napoli A Selection 8 Sep '25"
105782091748816,"Over-the-Top Pass A 4 Sep '25"
105782091770993,"Over-the-Top Pass A 4 Sep '25"
105782091819730,"Over-the-Top Pass A 4 Sep '25"
105782091824611,"Over-the-Top Pass A 4 Sep '25"
105782091827174,"Over-the-Top Pass A 4 Sep '25"
105782091848390,"Over-the-Top Pass A 4 Sep '25"
105782091852623,"Over-the-Top Pass A 4 Sep '25"
105782091862591,"Over-the-Top Pass A 4 Sep '25"
105782091875153,"Over-the-Top Pass A 4 Sep '25"
105782091877685,"Over-the-Top Pass A 4 Sep '25"
105782628618516,"Italian League Selection Guardians 8 Sep '25"
105782628691248,"Italian League Selection Guardians 8 Sep '25"
105782628694647,"Italian League Selection Guardians 8 Sep '25"
105782628696313,"Italian League Selection Guardians 8 Sep '25"
105782628696474,"Italian League Selection Guardians 8 Sep '25"
105782628708241,"Italian League Selection Guardians 8 Sep '25"
105782628709854,"Italian League Selection Guardians 8 Sep '25"
105782628739319,"Italian League Selection Guardians 8 Sep '25"
105782360264664,"Manager Pack 4 Sep '25"
105782360272490,"Manager Pack 4 Sep '25"
105792023863122,"PFA Awards 2025"
105792023867176,"PFA Awards 2025"
105792023879459,"PFA Awards 2025"
105792023929090,"PFA Awards 2025"
105792023931295,"PFA Awards 2025"
105792023933543,"PFA Awards 2025"
105792023937415,"PFA Awards 2025"
105792023938879,"PFA Awards 2025"
105792023949025,"PFA Awards 2025"
105792023949405,"PFA Awards 2025"
105792023968986,"PFA Awards 2025"
52887958894125,"POTW 21 Aug '25"
52887958894919,"POTW 21 Aug '25"
52887958949008,"POTW 21 Aug '25"
52887958958354,"POTW 21 Aug '25"
52887958965762,"POTW 21 Aug '25"
52887958973146,"POTW 21 Aug '25"
52887958974122,"POTW 21 Aug '25"
52887958977850,"POTW 21 Aug '25"
52887958987167,"POTW 21 Aug '25"
52887958989749,"POTW 21 Aug '25"
52887959009602,"POTW 21 Aug '25"
105808129996766,"Manchester United Quiz 11 Sep '25"
123236838964455,"Strike Arena"
106759465339413,"Rising Prodigies 15 Sep '25"
106759465365080,"Rising Prodigies 15 Sep '25"
106759465371456,"Rising Prodigies 15 Sep '25"
105792560710057,"J1 LEAGUE Selection 11 Sep '25"
105792560710110,"J1 LEAGUE Selection 11 Sep '25"
105792560710125,"J1 LEAGUE Selection 11 Sep '25"
105792560750453,"J1 LEAGUE Selection 11 Sep '25"
105792560799226,"J1 LEAGUE Selection 11 Sep '25"
105792560799979,"J1 LEAGUE Selection 11 Sep '25"
105792560814975,"J1 LEAGUE Selection 11 Sep '25"
105792560815124,"J1 LEAGUE Selection 11 Sep '25"
105792560817368,"J1 LEAGUE Selection 11 Sep '25"
105792560823374,"J1 LEAGUE Selection 11 Sep '25"
105792560851703,"J1 LEAGUE Selection 11 Sep '25"
105792560861383,"J1 LEAGUE Selection 11 Sep '25"
105782897139165,"Anticipated Standouts 25-26"
105782897143750,"Anticipated Standouts 25-26"
105782897156511,"Anticipated Standouts 25-26"
105782897156794,"Anticipated Standouts 25-26"
105782897164122,"Anticipated Standouts 25-26"
105782897169290,"Anticipated Standouts 25-26"
105782897172040,"Anticipated Standouts 25-26"
105782897187543,"Anticipated Standouts 25-26"
105783433945093,"European Clubs Selection Attackers 11 Sep '25"
105783433947541,"European Clubs Selection Attackers 11 Sep '25"
105783434009756,"European Clubs Selection Attackers 11 Sep '25"
105783434011773,"European Clubs Selection Attackers 11 Sep '25"
105783434020767,"European Clubs Selection Attackers 11 Sep '25"
105783434025734,"European Clubs Selection Attackers 11 Sep '25"
105783434029212,"European Clubs Selection Attackers 11 Sep '25"
105783434052996,"European Clubs Selection Attackers 11 Sep '25"
105808935382574,"Rising Prodigies 15 Sep '25"
105808935390994,"Rising Prodigies 15 Sep '25"
105808935391102,"Rising Prodigies 15 Sep '25"
105808935397072,"Rising Prodigies 15 Sep '25"
105808935413079,"Rising Prodigies 15 Sep '25"
105808935413697,"Rising Prodigies 15 Sep '25"
105808935417892,"Rising Prodigies 15 Sep '25"
105808935430156,"Rising Prodigies 15 Sep '25"
106750338463730,"Trusted Shields 22 Sep '25"
106750338532448,"Trusted Shields 22 Sep '25"
106750338536440,"Trusted Shields 22 Sep '25"
105783970803800,"Trusted Shields 22 Sep '25"
105783970818142,"Trusted Shields 22 Sep '25"
105783970867583,"Trusted Shields 22 Sep '25"
105783970877003,"Trusted Shields 22 Sep '25"
105783970877313,"Trusted Shields 22 Sep '25"
105783970885873,"Trusted Shields 22 Sep '25"
105783970886253,"Trusted Shields 22 Sep '25"
105783970893454,"Trusted Shields 22 Sep '25"
105784239234541,"Low Screamer 18 Sep '25"
105784239236536,"Low Screamer 18 Sep '25"
105784239240976,"Low Screamer 18 Sep '25"
105784239253913,"Low Screamer 18 Sep '25"
105784239255018,"Low Screamer 18 Sep '25"
105784239257632,"Low Screamer 18 Sep '25"
105784239301610,"Low Screamer 18 Sep '25"
105784239336323,"Low Screamer 18 Sep '25"
105783165492224,"Italian League Selection 18 Sep '25"
105783165492859,"Italian League Selection 18 Sep '25"
105783165493354,"Italian League Selection 18 Sep '25"
105783165511769,"Italian League Selection 18 Sep '25"
105783165562137,"Italian League Selection 18 Sep '25"
105783165566926,"Italian League Selection 18 Sep '25"
105783165571441,"Italian League Selection 18 Sep '25"
105783165584350,"Italian League Selection 18 Sep '25"
105783165495382,"Italian League Selection 18 Sep '25"
105783165604082,"Italian League Selection 18 Sep '25"
105783165617181,"Italian League Selection 18 Sep '25"
106750070073457,"Over-the-Top Pass A 4 Sep '25"
106750070068486,"Over-the-Top Pass A 4 Sep '25"
52888227321571,"POTW 28 Aug '25"
52888227323267,"POTW 28 Aug '25"
52888227330230,"POTW 28 Aug '25"
52888227392484,"POTW 28 Aug '25"
52888227393662,"POTW 28 Aug '25"
52888227397606,"POTW 28 Aug '25"
52888227410013,"POTW 28 Aug '25"
52888227410731,"POTW 28 Aug '25"
52888227415099,"POTW 28 Aug '25"
52888227416101,"POTW 28 Aug '25"
52888227425571,"POTW 28 Aug '25"
88039045105952,"Malaysia 2011"
105812156521859,"eFootball™ League Rewards Phase 2"
106760270552451,"eFootball™ League Rewards Phase 2"
52888495818533,"POTW 4 Sep '25"
52888495819515,"POTW 4 Sep '25"
52888495820640,"POTW 4 Sep '25"
52888495823012,"POTW 4 Sep '25"
52888495829473,"POTW 4 Sep '25"
52888495833576,"POTW 4 Sep '25"
52888495848719,"POTW 4 Sep '25"
52888495851379,"POTW 4 Sep '25"
52888495859978,"POTW 4 Sep '25"
52888495877720,"POTW 4 Sep '25"
52888495890666,"POTW 4 Sep '25"
105785044600704,"Spanish League Selection Guardians 29 Sep '25"
105785044612489,"Spanish League Selection Guardians 29 Sep '25"
105785044617171,"Spanish League Selection Guardians 29 Sep '25"
105785044638799,"Spanish League Selection Guardians 29 Sep '25"
105785044642116,"Spanish League Selection Guardians 29 Sep '25"
105785044644909,"Spanish League Selection Guardians 29 Sep '25"
105785044655466,"Spanish League Selection Guardians 29 Sep '25"
105785044655780,"Spanish League Selection Guardians 29 Sep '25"
106758391503938,"900 Million Downloads Campaign"
105805714139254,"FC Barcelona Pack 25-26"
105805714141230,"FC Barcelona Pack 25-26"
105805714141236,"FC Barcelona Pack 25-26"
105805714141376,"FC Barcelona Pack 25-26"
105805714141494,"FC Barcelona Pack 25-26"
105805714163136,"FC Barcelona Pack 25-26"
105805714163749,"FC Barcelona Pack 25-26"
105805714171630,"FC Barcelona Pack 25-26"
105805714177825,"FC Barcelona Pack 25-26"
105805714192706,"FC Barcelona Pack 25-26"
105805714196288,"FC Barcelona Pack 25-26"
105805445698981,"900 Million Downloads Campaign"
105805445711887,"900 Million Downloads Campaign"
105805445742371,"900 Million Downloads Campaign"
105805445756684,"900 Million Downloads Campaign"
88039581810938,"Gamba Osaka 2014"
88039581826502,"FC Tokyo 2009"
88039581945302,"Roma GR 00-01"
88039581945277,"Arsenal FC 97-98"
88039581945293,"AC Milan 04-05"
88039850384095,"Chelsea B 00-01"
88039581932552,"Vasco Gipuzkoa AB 23-24"
88039850287270,"FC Barcelona 12-13"
89136409091415,"Big Time FC Barcelona 18 Apr '07"
88039581945323,"FC Barcelona 73-74"
88039581945354,"Borussia Dortmund 02-03"
88039581945292,"Madrid Chamartin B 99-00"
88039850249642,"Manchester United 06-07"
88039581945329,"AC Milan 89-90"
88039581810740,"Urawa Reds 2006"
88039581810897,"Jubilo Iwata 2002"
88039581945303,"Roma GR 00-01"
88039581811611,"Piemonte BN 97-98"
88039850247068,"FC Barcelona 98-99"
89136677522134,"Big Time Manchester United 29 May '68"
88039581948647,"Manchester United 98-99"
88039581945332,"Manchester United 87-88"
88039581811665,"AC Milan 06-07"
88039581819327,"FC Barcelona 14-15"
88039581945304,"Manchester United 93-94"
88039581945366,"Madrid Chamartin B 04-05"
88039581948642,"Madrid Chamartin B 01-02"
88039850246968,"Madrid Chamartin B 99-00"
88039581945312,"AC Milan 02-03"
88039581948640,"Piemonte BN 01-02"
88039850362027,"Internazionale Milano 88-89"
88039581811670,"Internazionale Milano 01-02"
88039581945269,"Internazionale Milano 05-06"
88039581945267,"Manchester United 99-00"
88039581945335,"Manchester United 02-03"
88039850283021,"Chelsea B 14-15"
88039581945358,"Piemonte BN 07-08"
88039581945296,"AC Milan 09-10"
88039581926569,"S.S. Lazio 97-98"
88039581945338,"Arsenal FC 06-07"
88039581811496,"Arsenal FC 98-99"
88039581945284,"Piemonte BN 99-00"
88039581945324,"München RW 75-76"
88039581811655,"AC Milan 94-95"
88039850289220,"Madrid Chamartin B 16-17"
88039850384107,"Nigeria 1996"
88039934308531,"Senegal 2002"
105803835016498,"AC Milan Pack 25-26"
105803835029451,"AC Milan Pack 25-26"
105803835042847,"AC Milan Pack 25-26"
105803835091384,"AC Milan Pack 25-26"
105803835092272,"AC Milan Pack 25-26"
105803835094504,"AC Milan Pack 25-26"
105803835099111,"AC Milan Pack 25-26"
105803835101144,"AC Milan Pack 25-26"
105803835101553,"AC Milan Pack 25-26"
105803835120792,"AC Milan Pack 25-26"
105803835123870,"AC Milan Pack 25-26"
105813767207337,"Halloween Campaign 23 Oct '25"
105813767216536,"Halloween Campaign 23 Oct '25"
105813767220842,"Halloween Campaign 23 Oct '25"
105813767251446,"Halloween Campaign 23 Oct '25"
105783970913545,"Trusted Shields 22 Sep '25"
105790681702179,"World Player of the Year 2025"
53977806911914,"POTM Trendyol Süper Lig 25 Sep '25"
53977806912067,"POTM Trendyol Süper Lig 25 Sep '25"
53977806915077,"POTM Trendyol Süper Lig 25 Sep '25"
53977806945857,"POTM Trendyol Süper Lig 25 Sep '25"
53977806958631,"POTM Trendyol Süper Lig 25 Sep '25"
53977806974331,"POTM Trendyol Süper Lig 25 Sep '25"
105784507646140,"J1 LEAGUE Selection 25 Sep '25"
105784507751283,"J1 LEAGUE Selection 25 Sep '25"
105784507751454,"J1 LEAGUE Selection 25 Sep '25"
105784507753751,"J1 LEAGUE Selection 25 Sep '25"
105784507756430,"J1 LEAGUE Selection 25 Sep '25"
105784507764830,"J1 LEAGUE Selection 25 Sep '25"
105784507765038,"J1 LEAGUE Selection 25 Sep '25"
105784507770645,"J1 LEAGUE Selection 25 Sep '25"
105790681689896,"World Player of the Year 2025"
105790681754015,"World Player of the Year 2025"
105790681755700,"World Player of the Year 2025"
105790681757042,"World Player of the Year 2025"
105790681761599,"World Player of the Year 2025"
105790681782980,"World Player of the Year 2025"
105790681783212,"World Player of the Year 2025"
105796318833363,"Brazilian League Selection 25 Sep '25"
105796318835273,"Brazilian League Selection 25 Sep '25"
105796318835406,"Brazilian League Selection 25 Sep '25"
105796318836246,"Brazilian League Selection 25 Sep '25"
105796318894173,"Brazilian League Selection 25 Sep '25"
105796318903040,"Brazilian League Selection 25 Sep '25"
105796318916611,"Brazilian League Selection 25 Sep '25"
105796318919671,"Brazilian League Selection 25 Sep '25"
106755438714272,"Brazilian League Selection 25 Sep '25"
106755438720293,"Brazilian League Selection 25 Sep '25"
106755438787299,"Brazilian League Selection 25 Sep '25"
106755438820479,"Brazilian League Selection 25 Sep '25"
88040118843714,"World Player of the Year 2025"
88040118816667,"World Player of the Year 2025"
88039313485858,"World Player of the Year 2025"
52888764161367,"POTW National Teams 11 Sep '25"
52888764198235,"POTW National Teams 11 Sep '25"
52888764200735,"POTW National Teams 11 Sep '25"
52888764201643,"POTW National Teams 11 Sep '25"
52888764214237,"POTW National Teams 11 Sep '25"
52888764257469,"POTW National Teams 11 Sep '25"
52888764262980,"POTW National Teams 11 Sep '25"
52888764270905,"POTW National Teams 11 Sep '25"
52888764273638,"POTW National Teams 11 Sep '25"
52888764273667,"POTW National Teams 11 Sep '25"
52888764299873,"POTW National Teams 11 Sep '25"
52888764279902,"POTW National Teams 11 Sep '25"
105783702437160,"Paris Saint-Germain Selection 6 Oct '25"
105783702451920,"Paris Saint-Germain Selection 6 Oct '25"
105783702455956,"Paris Saint-Germain Selection 6 Oct '25"
105783702463098,"Paris Saint-Germain Selection 6 Oct '25"
105783702467044,"Paris Saint-Germain Selection 6 Oct '25"
105783702476128,"Paris Saint-Germain Selection 6 Oct '25"
105783702480539,"Paris Saint-Germain Selection 6 Oct '25"
105783702490937,"Paris Saint-Germain Selection 6 Oct '25"
105785312982423,"Over-the-Top Pass B 2 Oct '25"
105785313036556,"Over-the-Top Pass B 2 Oct '25"
105785313036963,"Over-the-Top Pass B 2 Oct '25"
105785313045037,"Over-the-Top Pass B 2 Oct '25"
105785313053499,"Over-the-Top Pass B 2 Oct '25"
105785313063436,"Over-the-Top Pass B 2 Oct '25"
105785313074015,"Over-the-Top Pass B 2 Oct '25"
105785313076752,"Over-the-Top Pass B 2 Oct '25"
105785313078082,"Over-the-Top Pass B 2 Oct '25"
105785313091676,"Over-the-Top Pass B 2 Oct '25"
105785849850014,"National Teams Selection Guardians 6 Oct '25"
105785849917642,"National Teams Selection Guardians 6 Oct '25"
105785849920877,"National Teams Selection Guardians 6 Oct '25"
105785849923497,"National Teams Selection Guardians 6 Oct '25"
105785849926543,"National Teams Selection Guardians 6 Oct '25"
105785849948268,"National Teams Selection Guardians 6 Oct '25"
105785849948969,"National Teams Selection Guardians 6 Oct '25"
105785849949086,"National Teams Selection Guardians 6 Oct '25"
105785581409959,"Manager Pack 2 Oct '25"
105785581518626,"Manager Pack 2 Oct '25"
106750875381983,"Over-the-Top Pass B 2 Oct '25"
106750875398684,"Over-the-Top Pass B 2 Oct '25"
105811888089120,"Eintracht Frankfurt Selection 9 Oct '25"
105811888152065,"Eintracht Frankfurt Selection 9 Oct '25"
105811888180123,"Eintracht Frankfurt Selection 9 Oct '25"
105811888184681,"Eintracht Frankfurt Selection 9 Oct '25"
105811888187920,"Eintracht Frankfurt Selection 9 Oct '25"
105811888188206,"Eintracht Frankfurt Selection 9 Oct '25"
105811888216020,"Eintracht Frankfurt Selection 9 Oct '25"
105811888216496,"Eintracht Frankfurt Selection 9 Oct '25"
105814572525970,"J1 LEAGUE Selection 9 Oct '25"
105814572528455,"J1 LEAGUE Selection 9 Oct '25"
105814572528460,"J1 LEAGUE Selection 9 Oct '25"
105814572531716,"J1 LEAGUE Selection 9 Oct '25"
105814572539061,"J1 LEAGUE Selection 9 Oct '25"
105814572541715,"J1 LEAGUE Selection 9 Oct '25"
105814572546854,"J1 LEAGUE Selection 9 Oct '25"
105814572553523,"J1 LEAGUE Selection 9 Oct '25"
105814572553537,"J1 LEAGUE Selection 9 Oct '25"
105814572558560,"J1 LEAGUE Selection 9 Oct '25"
105814572559753,"J1 LEAGUE Selection 9 Oct '25"
105814572560480,"J1 LEAGUE Selection 9 Oct '25"
106761612796044,"Show Time 13 Nov '25"
106750606941701,"J.LEAGUE Monthly MVPs Aug '25"
106750606949077,"J.LEAGUE Monthly MVPs Aug '25"
106750606958423,"J.LEAGUE Monthly MVPs Aug '25"
106750607003913,"J.LEAGUE Monthly MVPs Aug '25"
105784776167452,"J.LEAGUE Monthly MVPs Aug '25"
105784776186866,"J.LEAGUE Monthly MVPs Aug '25"
105784776238182,"J.LEAGUE Monthly MVPs Aug '25"
105784776239780,"J.LEAGUE Monthly MVPs Aug '25"
53978075250776,"POTM J1 LEAGUE 25 Sep '25"
53978075295443,"POTM J1 LEAGUE 25 Sep '25"
53978075356629,"POTM J1 LEAGUE 25 Sep '25"
53978075359630,"POTM J1 LEAGUE 25 Sep '25"
53978075362033,"POTM J1 LEAGUE 25 Sep '25"
53978075392810,"POTM J1 LEAGUE 25 Sep '25"
53978343780960,"POTM Brazilian League 25 Sep '25"
53978343785952,"POTM Brazilian League 25 Sep '25"
53978343812520,"POTM Brazilian League 25 Sep '25"
53978343813402,"POTM Brazilian League 25 Sep '25"
53978343814403,"POTM Brazilian League 25 Sep '25"
53978343823207,"POTM Brazilian League 25 Sep '25"
52889032606112,"POTW 18 Sep '25"
52889032623410,"POTW 18 Sep '25"
52889032690370,"POTW 18 Sep '25"
52889032694064,"POTW 18 Sep '25"
52889032706053,"POTW 18 Sep '25"
52889032719514,"POTW 18 Sep '25"
52889032722782,"POTW 18 Sep '25"
52889032722855,"POTW 18 Sep '25"
52889032737267,"POTW 18 Sep '25"
52889032750860,"POTW 18 Sep '25"
52889032760040,"POTW 18 Sep '25"
105803616982111,"AFC Asian Qualifiers™ Selection 2 Oct '25"
105803616990659,"AFC Asian Qualifiers™ Selection 2 Oct '25"
105803617001401,"AFC Asian Qualifiers™ Selection 2 Oct '25"
105803617001948,"AFC Asian Qualifiers™ Selection 2 Oct '25"
105803617008511,"AFC Asian Qualifiers™ Selection 2 Oct '25"
105803617018548,"AFC Asian Qualifiers™ Selection 2 Oct '25"
105803617023877,"AFC Asian Qualifiers™ Selection 2 Oct '25"
105803617024969,"AFC Asian Qualifiers™ Selection 2 Oct '25"
106758173423636,"National Team Selection Indonesia 2 Oct '25"
106758173464832,"National Team Selection Indonesia 2 Oct '25"
106758173516441,"National Team Selection Indonesia 2 Oct '25"
106758173527305,"National Team Selection Indonesia 2 Oct '25"
88039044974638,"Türkiye 2021"
88039045074350,"Korea Republic 2010"
88039044977987,"Algeria 2019"
88039044996895,"Algeria 2014"
88039044969976,"United States 2014"
88039045074410,"AC Milan 88-89"
52893059165992,"POTW European Club Championship 25 Sep '25"
52893059167145,"POTW European Club Championship 25 Sep '25"
52893059181211,"POTW European Club Championship 25 Sep '25"
52893059229221,"POTW European Club Championship 25 Sep '25"
52893059231790,"POTW European Club Championship 25 Sep '25"
52893059232638,"POTW European Club Championship 25 Sep '25"
52893059235960,"POTW European Club Championship 25 Sep '25"
52893059240129,"POTW European Club Championship 25 Sep '25"
52893059253670,"POTW European Club Championship 25 Sep '25"
52893059265590,"POTW European Club Championship 25 Sep '25"
52893059291530,"POTW European Club Championship 25 Sep '25"
105814304012236,"Diwali Campaign 9 Oct '25"
106759196878583,"Anticipated Standouts 13 Oct '25"
106759196885383,"Anticipated Standouts 13 Oct '25"
106759196889835,"Anticipated Standouts 13 Oct '25"
106760539047830,"eFootball™ League Rewards Phase 3"
105806250946031,"Anticipated Standouts 13 Oct '25"
105806251027853,"Anticipated Standouts 13 Oct '25"
105806251028182,"Anticipated Standouts 13 Oct '25"
105806251032533,"Anticipated Standouts 13 Oct '25"
105806251039829,"Anticipated Standouts 13 Oct '25"
105806251046082,"Anticipated Standouts 13 Oct '25"
105806251048967,"Anticipated Standouts 13 Oct '25"
105806251053627,"Anticipated Standouts 13 Oct '25"
105807593181310,"European Clubs Selection 9 Oct '25"
105807593181926,"European Clubs Selection 9 Oct '25"
105807593190234,"European Clubs Selection 9 Oct '25"
105807593193660,"European Clubs Selection 9 Oct '25"
105807593205083,"European Clubs Selection 9 Oct '25"
105807593205944,"European Clubs Selection 9 Oct '25"
105807593219044,"European Clubs Selection 9 Oct '25"
105807593224403,"European Clubs Selection 9 Oct '25"
105812425017238,"eFootball™ League Rewards Phase 3"
52889301065493,"POTW 25 Sep '25"
52889301085280,"POTW 25 Sep '25"
52889301131178,"POTW 25 Sep '25"
52889301132454,"POTW 25 Sep '25"
52889301132864,"POTW 25 Sep '25"
52889301136872,"POTW 25 Sep '25"
52889301138293,"POTW 25 Sep '25"
52889301141519,"POTW 25 Sep '25"
52889301151837,"POTW 25 Sep '25"
52889301152789,"POTW 25 Sep '25"
52889301157983,"POTW 25 Sep '25"
105807324704855,"Spanish League Selection Midfielders 20 Oct '25"
105807324750779,"Spanish League Selection Midfielders 20 Oct '25"
105807324753767,"Spanish League Selection Midfielders 20 Oct '25"
105807324759377,"Spanish League Selection Midfielders 20 Oct '25"
105807324770869,"Spanish League Selection Midfielders 20 Oct '25"
105807324785955,"Spanish League Selection Midfielders 20 Oct '25"
105807324796469,"Spanish League Selection Midfielders 20 Oct '25"
105807324798719,"Spanish League Selection Midfielders 20 Oct '25"
105807861574805,"National Teams Selection Attackers 16 Oct '25"
105807861621018,"National Teams Selection Attackers 16 Oct '25"
105807861630781,"National Teams Selection Attackers 16 Oct '25"
105807861632172,"National Teams Selection Attackers 16 Oct '25"
105807861636245,"National Teams Selection Attackers 16 Oct '25"
105807861639980,"National Teams Selection Attackers 16 Oct '25"
105807861647500,"National Teams Selection Attackers 16 Oct '25"
105807861655108,"National Teams Selection Attackers 16 Oct '25"
106758928448759,"Earthmover 27 Oct '25"
106758928449823,"Earthmover 27 Oct '25"
106758928478044,"Earthmover 27 Oct '25"
105805982503686,"Earthmover 27 Oct '25"
105805982513238,"Earthmover 27 Oct '25"
105805982568338,"Earthmover 27 Oct '25"
105805982581165,"Earthmover 27 Oct '25"
105805982607697,"Earthmover 27 Oct '25"
105805982608572,"Earthmover 27 Oct '25"
105805982613506,"Earthmover 27 Oct '25"
105805982632234,"Earthmover 27 Oct '25"
105807056252721,"European Clubs Selection Attackers 23 Oct '25"
105807056253277,"European Clubs Selection Attackers 23 Oct '25"
105807056340769,"European Clubs Selection Attackers 23 Oct '25"
105807056341174,"European Clubs Selection Attackers 23 Oct '25"
105807056351139,"European Clubs Selection Attackers 23 Oct '25"
105807056356842,"European Clubs Selection Attackers 23 Oct '25"
105807056365515,"European Clubs Selection Attackers 23 Oct '25"
105807056368708,"European Clubs Selection Attackers 23 Oct '25"
105805177223189,"Ay Yýldýz Kampanyasý 2025"
105805177267809,"Ay Yýldýz Kampanyasý 2025"
105805177272746,"Ay Yýldýz Kampanyasý 2025"
105805177274641,"Ay Yýldýz Kampanyasý 2025"
105805177280135,"Ay Yýldýz Kampanyasý 2025"
105805177283757,"Ay Yýldýz Kampanyasý 2025"
105805177290497,"Ay Yýldýz Kampanyasý 2025"
105805177317196,"Ay Yýldýz Kampanyasý 2025"
105803298128216,"Spanish League Selection 16 Oct '25"
105803298148206,"Spanish League Selection 16 Oct '25"
105803298155871,"Spanish League Selection 16 Oct '25"
105803298215100,"Spanish League Selection 16 Oct '25"
105803298216233,"Spanish League Selection 16 Oct '25"
105803298222326,"Spanish League Selection 16 Oct '25"
105803298223503,"Spanish League Selection 16 Oct '25"
105803298237825,"Spanish League Selection 16 Oct '25"
105803298257275,"Spanish League Selection 16 Oct '25"
105803298272426,"Spanish League Selection 16 Oct '25"
105803298279485,"Spanish League Selection 16 Oct '25"
105793902913420,"Newly Licensed Italian Clubs 9 Oct '25"
105793902973503,"Newly Licensed Italian Clubs 9 Oct '25"
105793902984370,"Newly Licensed Italian Clubs 9 Oct '25"
105793902985437,"Newly Licensed Italian Clubs 9 Oct '25"
105793903006143,"Newly Licensed Italian Clubs 9 Oct '25"
105793903011541,"Newly Licensed Italian Clubs 9 Oct '25"
105793903024013,"Newly Licensed Italian Clubs 9 Oct '25"
105793903025742,"Newly Licensed Italian Clubs 9 Oct '25"
106756512476135,"Trendyol Süper Lig Monthly MVPs Aug '25"
106756512520356,"Trendyol Süper Lig Monthly MVPs Aug '25"
106756512526918,"Trendyol Süper Lig Monthly MVPs Aug '25"
106756512542639,"Trendyol Süper Lig Monthly MVPs Aug '25"
105797392568681,"Trendyol Süper Lig Monthly MVPs Aug '25"
105797392588889,"Trendyol Süper Lig Monthly MVPs Aug '25"
105797392634357,"Trendyol Süper Lig Monthly MVPs Aug '25"
105797392639585,"Trendyol Süper Lig Monthly MVPs Aug '25"
105797392640152,"Trendyol Süper Lig Monthly MVPs Aug '25"
105797392655201,"Trendyol Süper Lig Monthly MVPs Aug '25"
105797392678465,"Trendyol Süper Lig Monthly MVPs Aug '25"
52889569476952,"POTW 2 Oct '25"
52889569498576,"POTW 2 Oct '25"
52889569520671,"POTW 2 Oct '25"
52889569571431,"POTW 2 Oct '25"
52889569578140,"POTW 2 Oct '25"
52889569580679,"POTW 2 Oct '25"
52889569586848,"POTW 2 Oct '25"
52889569588649,"POTW 2 Oct '25"
52889569596322,"POTW 2 Oct '25"
52889569598215,"POTW 2 Oct '25"
52889569608229,"POTW 2 Oct '25"
105803617049591,"AFC Asian Qualifiers™ Selection 2 Oct '25"
88039045116846,"Indonesia 2007"
105815109314221,"Manchester United Challenge 16 Oct '25"
88039044973419,"Morocco 2018"
88039044941334,"Mexico 2014"
106761092659319,"AFC Champions League Elite™ Selection 20 Oct '25"
106761092718202,"AFC Champions League Elite™ Selection 20 Oct '25"
106761092722444,"AFC Champions League Elite™ Selection 20 Oct '25"
106761092731496,"AFC Champions League Elite™ Selection 20 Oct '25"
105813247039602,"AFC Champions League Elite™ Selection 20 Oct '25"
105813247060772,"AFC Champions League Elite™ Selection 20 Oct '25"
105813247061757,"AFC Champions League Elite™ Selection 20 Oct '25"
105813247105507,"AFC Champions League Elite™ Selection 20 Oct '25"
105813247111128,"AFC Champions League Elite™ Selection 20 Oct '25"
105813247123929,"AFC Champions League Elite™ Selection 20 Oct '25"
105813247128063,"AFC Champions League Elite™ Selection 20 Oct '25"
105813247163827,"AFC Champions League Elite™ Selection 20 Oct '25"
52893327601284,"POTW European Club Championship 9 Oct '25"
52893327660012,"POTW European Club Championship 9 Oct '25"
52893327667326,"POTW European Club Championship 9 Oct '25"
52893327677696,"POTW European Club Championship 9 Oct '25"
52893327678879,"POTW European Club Championship 9 Oct '25"
52893327679324,"POTW European Club Championship 9 Oct '25"
52893327686651,"POTW European Club Championship 9 Oct '25"
52893327691402,"POTW European Club Championship 9 Oct '25"
52893327696868,"POTW European Club Championship 9 Oct '25"
52893327697829,"POTW European Club Championship 9 Oct '25"
52893327700026,"POTW European Club Championship 9 Oct '25"
52889837932398,"POTW 9 Oct '25"
52889837997461,"POTW 9 Oct '25"
52889837999088,"POTW 9 Oct '25"
52889838004639,"POTW 9 Oct '25"
52889838012727,"POTW 9 Oct '25"
52889838019946,"POTW 9 Oct '25"
52889838022294,"POTW 9 Oct '25"
52889838030611,"POTW 9 Oct '25"
52889838036812,"POTW 9 Oct '25"
52889838038876,"POTW 9 Oct '25"
52889838043629,"POTW 9 Oct '25"
105786386817394,"J.LEAGUE Monthly MVPs Sep '25"
105786386820635,"J.LEAGUE Monthly MVPs Sep '25"
105786386845985,"J.LEAGUE Monthly MVPs Sep '25"
105786386853230,"J.LEAGUE Monthly MVPs Sep '25"
105786118300813,"J1 LEAGUE Selection 30 Oct '25"
105786118300976,"J1 LEAGUE Selection 30 Oct '25"
105786118366410,"J1 LEAGUE Selection 30 Oct '25"
105786118366418,"J1 LEAGUE Selection 30 Oct '25"
105786118368886,"J1 LEAGUE Selection 30 Oct '25"
105786118371015,"J1 LEAGUE Selection 30 Oct '25"
105786118377514,"J1 LEAGUE Selection 30 Oct '25"
105786118420784,"J1 LEAGUE Selection 30 Oct '25"
105800882301924,"Tottenham WB Selection 3 Nov '25"
105800882303250,"Tottenham WB Selection 3 Nov '25"
105800882303664,"Tottenham WB Selection 3 Nov '25"
105800882308866,"Tottenham WB Selection 3 Nov '25"
105800882319209,"Tottenham WB Selection 3 Nov '25"
105800882325492,"Tottenham WB Selection 3 Nov '25"
105800882329384,"Tottenham WB Selection 3 Nov '25"
105800882362762,"Tottenham WB Selection 3 Nov '25"
105796587268756,"Brazilian League Selection 30 Oct '25"
105796587270439,"Brazilian League Selection 30 Oct '25"
105796587271113,"Brazilian League Selection 30 Oct '25"
105796587327320,"Brazilian League Selection 30 Oct '25"
105796587353479,"Brazilian League Selection 30 Oct '25"
105796587378141,"Brazilian League Selection 30 Oct '25"
105796587379404,"Brazilian League Selection 30 Oct '25"
105796587385079,"Brazilian League Selection 30 Oct '25"
106751143834353,"J.LEAGUE Monthly MVPs Sep '25"
106751143836110,"J.LEAGUE Monthly MVPs Sep '25"
106751143847877,"J.LEAGUE Monthly MVPs Sep '25"
106751143874825,"J.LEAGUE Monthly MVPs Sep '25"
105815914625207,"Brazil & England National Team Campaign 6 Nov '25"
105815914697755,"Brazil & England National Team Campaign 6 Nov '25"
105815914703966,"Brazil & England National Team Campaign 6 Nov '25"
105815914704845,"Brazil & England National Team Campaign 6 Nov '25"
105815914709206,"Brazil & England National Team Campaign 6 Nov '25"
105821820262479,"Brazil & England National Team Campaign 6 Nov '25"
105821820268596,"Brazil & England National Team Campaign 6 Nov '25"
105821820285739,"Brazil & England National Team Campaign 6 Nov '25"
105821820296614,"Brazil & England National Team Campaign 6 Nov '25"
105821820290470,"Brazil & England National Team Campaign 6 Nov '25"
106762149600615,"National Teams Selection 6 Nov '25"
106762149606313,"National Teams Selection 6 Nov '25"
106762149661348,"National Teams Selection 6 Nov '25"
106762149664546,"National Teams Selection 6 Nov '25"
105809472188034,"Diagonal Long Pass B 6 Nov '25"
105809472227880,"Diagonal Long Pass B 6 Nov '25"
105809472229984,"Diagonal Long Pass B 6 Nov '25"
105809472245420,"Diagonal Long Pass B 6 Nov '25"
105809472246676,"Diagonal Long Pass B 6 Nov '25"
105809472253542,"Diagonal Long Pass B 6 Nov '25"
105809472260720,"Diagonal Long Pass B 6 Nov '25"
105809472284346,"Diagonal Long Pass B 6 Nov '25"
105809472287911,"Diagonal Long Pass B 6 Nov '25"
105809472290023,"Diagonal Long Pass B 6 Nov '25"
105815646315111,"Windah Basudara Cup 2025"
105808666859047,"Manager Pack 6 Nov '25"
105808666925325,"Manager Pack 6 Nov '25"
105794171419895,"Speedsters 6 Nov '25"
105794171427685,"Speedsters 6 Nov '25"
105794171431354,"Speedsters 6 Nov '25"
105794171439578,"Speedsters 6 Nov '25"
105794171442168,"Speedsters 6 Nov '25"
105794171450422,"Speedsters 6 Nov '25"
105794171452929,"Speedsters 6 Nov '25"
105794171470860,"Speedsters 6 Nov '25"
106762418128755,"Japanese Stars 10 Nov '25"
106762418131391,"Japanese Stars 10 Nov '25"
106762418117636,"Japanese Stars 10 Nov '25"
105815377822667,"Japanese Stars 10 Nov '25"
105815377832342,"Japanese Stars 10 Nov '25"
105815377833867,"Japanese Stars 10 Nov '25"
105815377833869,"Japanese Stars 10 Nov '25"
105815377833973,"Japanese Stars 10 Nov '25"
105815377834748,"Japanese Stars 10 Nov '25"
105815377847809,"Japanese Stars 10 Nov '25"
105815377859180,"Japanese Stars 10 Nov '25"
88039045116847,"Malaysia 1980"
53979149037622,"POTM Brazilian League 23 Oct '25"
53979149078372,"POTM Brazilian League 23 Oct '25"
53979149081432,"POTM Brazilian League 23 Oct '25"
53979149098815,"POTM Brazilian League 23 Oct '25"
53979149103831,"POTM Brazilian League 23 Oct '25"
53979149108805,"POTM Brazilian League 23 Oct '25"
53978880557495,"POTM J1 LEAGUE 23 Oct '25"
53978880662530,"POTM J1 LEAGUE 23 Oct '25"
53978880671213,"POTM J1 LEAGUE 23 Oct '25"
53978880672730,"POTM J1 LEAGUE 23 Oct '25"
53978880679274,"POTM J1 LEAGUE 23 Oct '25"
53978880682230,"POTM J1 LEAGUE 23 Oct '25"
53978612219454,"POTM Trendyol Süper Lig 23 Oct '25"
53978612221581,"POTM Trendyol Süper Lig 23 Oct '25"
53978612221854,"POTM Trendyol Süper Lig 23 Oct '25"
53978612231434,"POTM Trendyol Süper Lig 23 Oct '25"
53978612240612,"POTM Trendyol Süper Lig 23 Oct '25"
53978612252252,"POTM Trendyol Süper Lig 23 Oct '25"
106759733768760,"Diagonal Long Pass B 6 Nov '25"
106759733774894,"Diagonal Long Pass B 6 Nov '25"
106764297101321,"eFootball™ League Rewards Phase 4"
52890106371459,"POTW National Teams 16 Oct '25"
52890106373560,"POTW National Teams 16 Oct '25"
52890106392014,"POTW National Teams 16 Oct '25"
52890106435340,"POTW National Teams 16 Oct '25"
52890106440141,"POTW National Teams 16 Oct '25"
52890106442388,"POTW National Teams 16 Oct '25"
52890106443145,"POTW National Teams 16 Oct '25"
52890106453148,"POTW National Teams 16 Oct '25"
52890106462422,"POTW National Teams 16 Oct '25"
52890106463195,"POTW National Teams 16 Oct '25"
52890106496029,"POTW National Teams 16 Oct '25"
106755707151831,"Brazilian League Selection 30 Oct '25"
106755707155132,"Brazilian League Selection 30 Oct '25"
106755707220784,"Brazilian League Selection 30 Oct '25"
106755707278436,"Brazilian League Selection 30 Oct '25"
105804103519376,"Arsenal FC Pack 25-26"
105804103521260,"Arsenal FC Pack 25-26"
105804103521469,"Arsenal FC Pack 25-26"
105804103532762,"Arsenal FC Pack 25-26"
105804103544545,"Arsenal FC Pack 25-26"
105804103545400,"Arsenal FC Pack 25-26"
105804103548058,"Arsenal FC Pack 25-26"
105804103550011,"Arsenal FC Pack 25-26"
105804103551534,"Arsenal FC Pack 25-26"
105804103565865,"Arsenal FC Pack 25-26"
105804103595938,"Arsenal FC Pack 25-26"
106755707216005,"Brazilian League Selection 30 Oct '25"
106766176130728,"American League Selection 17 Nov '25"
106766176132585,"American League Selection 17 Nov '25"
106766176132874,"American League Selection 17 Nov '25"
106766176135223,"American League Selection 17 Nov '25"
105825041391998,"American League Selection 17 Nov '25"
105825041443184,"American League Selection 17 Nov '25"
105825041485296,"American League Selection 17 Nov '25"
105825041492424,"American League Selection 17 Nov '25"
105825041502529,"American League Selection 17 Nov '25"
105825041506730,"American League Selection 17 Nov '25"
105825041526486,"American League Selection 17 Nov '25"
105825041526735,"American League Selection 17 Nov '25"
105803029714659,"European Clubs Selection 13 Nov '25"
105803029779174,"European Clubs Selection 13 Nov '25"
105803029789370,"European Clubs Selection 13 Nov '25"
105803029798570,"European Clubs Selection 13 Nov '25"
105803029802332,"European Clubs Selection 13 Nov '25"
105803029803070,"European Clubs Selection 13 Nov '25"
105803029822915,"European Clubs Selection 13 Nov '25"
105803029823369,"European Clubs Selection 13 Nov '25"
105803029827845,"European Clubs Selection 13 Nov '25"
105803029829169,"European Clubs Selection 13 Nov '25"
105803029835352,"European Clubs Selection 13 Nov '25"
105806787875975,"European Clubs Selection Guardians 3 Nov '25"
105806787884428,"European Clubs Selection Guardians 3 Nov '25"
105806787884999,"European Clubs Selection Guardians 3 Nov '25"
105806787886438,"European Clubs Selection Guardians 3 Nov '25"
105806787889465,"European Clubs Selection Guardians 3 Nov '25"
105806787891147,"European Clubs Selection Guardians 3 Nov '25"
105806787897412,"European Clubs Selection Guardians 3 Nov '25"
105806787912381,"European Clubs Selection Guardians 3 Nov '25"
52890374870278,"POTW 23 Oct '25"
52890374875561,"POTW 23 Oct '25"
52890374875921,"POTW 23 Oct '25"
52890374885745,"POTW 23 Oct '25"
52890374892892,"POTW 23 Oct '25"
52890374892941,"POTW 23 Oct '25"
52890374899136,"POTW 23 Oct '25"
52890374899571,"POTW 23 Oct '25"
52890374902207,"POTW 23 Oct '25"
52890374921806,"POTW 23 Oct '25"
52890374935405,"POTW 23 Oct '25"
105810277449226,"J1 LEAGUE Selection 13 Nov '25"
105810277449444,"J1 LEAGUE Selection 13 Nov '25"
105810277497101,"J1 LEAGUE Selection 13 Nov '25"
105810277554976,"J1 LEAGUE Selection 13 Nov '25"
105810277555062,"J1 LEAGUE Selection 13 Nov '25"
105810277557470,"J1 LEAGUE Selection 13 Nov '25"
105810277557508,"J1 LEAGUE Selection 13 Nov '25"
105810277562046,"J1 LEAGUE Selection 13 Nov '25"
105810277574593,"J1 LEAGUE Selection 13 Nov '25"
105810277577329,"J1 LEAGUE Selection 13 Nov '25"
105810277584211,"J1 LEAGUE Selection 13 Nov '25"
105810277597837,"J1 LEAGUE Selection 13 Nov '25"
106756780911591,"Trendyol Süper Lig Monthly MVPs Sep '25"
106756780962374,"Trendyol Süper Lig Monthly MVPs Sep '25"
106756780971655,"Trendyol Süper Lig Monthly MVPs Sep '25"
106756780978095,"Trendyol Süper Lig Monthly MVPs Sep '25"
105797661070332,"Trendyol Süper Lig Monthly MVPs Sep '25"
105797661071716,"Trendyol Süper Lig Monthly MVPs Sep '25"
105797661081565,"Trendyol Süper Lig Monthly MVPs Sep '25"
105797661087953,"Trendyol Süper Lig Monthly MVPs Sep '25"
105797661090657,"Trendyol Süper Lig Monthly MVPs Sep '25"
105797661095898,"Trendyol Süper Lig Monthly MVPs Sep '25"
105797661109248,"Trendyol Süper Lig Monthly MVPs Sep '25"
52893596106919,"POTW European Club Championship 30 Oct '25"
52893596108546,"POTW European Club Championship 30 Oct '25"
52893596109460,"POTW European Club Championship 30 Oct '25"
52893596113437,"POTW European Club Championship 30 Oct '25"
52893596118982,"POTW European Club Championship 30 Oct '25"
52893596119681,"POTW European Club Championship 30 Oct '25"
52893596124820,"POTW European Club Championship 30 Oct '25"
52893596124997,"POTW European Club Championship 30 Oct '25"
52893596129988,"POTW European Club Championship 30 Oct '25"
52893596153612,"POTW European Club Championship 30 Oct '25"
52893596157124,"POTW European Club Championship 30 Oct '25"
52890643249227,"POTW 30 Oct '25"
52890643265557,"POTW 30 Oct '25"
52890643305168,"POTW 30 Oct '25"
52890643310450,"POTW 30 Oct '25"
52890643315573,"POTW 30 Oct '25"
52890643316008,"POTW 30 Oct '25"
52890643316077,"POTW 30 Oct '25"
52890643316954,"POTW 30 Oct '25"
52890643324381,"POTW 30 Oct '25"
52890643338232,"POTW 30 Oct '25"
52890643343516,"POTW 30 Oct '25"
105804103551155,"Arsenal FC Pack 25-26"
105809740607521,"European Clubs Selection Guardians 13 Nov '25"
105809740622198,"European Clubs Selection Guardians 13 Nov '25"
105809740669388,"European Clubs Selection Guardians 13 Nov '25"
105809740676520,"European Clubs Selection Guardians 13 Nov '25"
105809740683858,"European Clubs Selection Guardians 13 Nov '25"
105809740688234,"European Clubs Selection Guardians 13 Nov '25"
105809740702397,"European Clubs Selection Guardians 13 Nov '25"
105809740719809,"European Clubs Selection Guardians 13 Nov '25"
105810545910381,"National Teams Selection Midfielders 17 Nov '25"
105810545914156,"National Teams Selection Midfielders 17 Nov '25"
105810545984866,"National Teams Selection Midfielders 17 Nov '25"
105810545989228,"National Teams Selection Midfielders 17 Nov '25"
105810546002239,"National Teams Selection Midfielders 17 Nov '25"
105810546011563,"National Teams Selection Midfielders 17 Nov '25"
105810546021708,"National Teams Selection Midfielders 17 Nov '25"
105810546041162,"National Teams Selection Midfielders 17 Nov '25"
88039581826496,"Japan 2022"
88039581810760,"Japan 2010"
105811082786248,"English League Selection Midfielders 24 Nov '25"
105811082853913,"English League Selection Midfielders 24 Nov '25"
105811082862937,"English League Selection Midfielders 24 Nov '25"
105811082864552,"English League Selection Midfielders 24 Nov '25"
105811082880361,"English League Selection Midfielders 24 Nov '25"
105811082880558,"English League Selection Midfielders 24 Nov '25"
105811082882144,"English League Selection Midfielders 24 Nov '25"
105811082893179,"English League Selection Midfielders 24 Nov '25"
105810814347350,"European Clubs Selection 20 Nov '25"
105810814347723,"European Clubs Selection 20 Nov '25"
105810814405353,"European Clubs Selection 20 Nov '25"
105810814412205,"European Clubs Selection 20 Nov '25"
105810814413599,"European Clubs Selection 20 Nov '25"
105810814416060,"European Clubs Selection 20 Nov '25"
105810814418690,"European Clubs Selection 20 Nov '25"
105810814418822,"European Clubs Selection 20 Nov '25"
105810814422392,"European Clubs Selection 20 Nov '25"
105810814422427,"European Clubs Selection 20 Nov '25"
105810814422530,"European Clubs Selection 20 Nov '25"
105810814423407,"European Clubs Selection 20 Nov '25"
105810814430497,"European Clubs Selection 20 Nov '25"
105810814436409,"European Clubs Selection 20 Nov '25"
105810814436940,"European Clubs Selection 20 Nov '25"
105810814437726,"European Clubs Selection 20 Nov '25"
105810814439757,"European Clubs Selection 20 Nov '25"
105810814440300,"European Clubs Selection 20 Nov '25"
105810814442261,"European Clubs Selection 20 Nov '25"
105810814443914,"European Clubs Selection 20 Nov '25"
52890911684368,"POTW 6 Nov '25"
52890911684878,"POTW 6 Nov '25"
52890911694627,"POTW 6 Nov '25"
52890911697563,"POTW 6 Nov '25"
52890911746463,"POTW 6 Nov '25"
52890911764664,"POTW 6 Nov '25"
52890911765291,"POTW 6 Nov '25"
52890911765967,"POTW 6 Nov '25"
52890911771157,"POTW 6 Nov '25"
52890911775896,"POTW 6 Nov '25"
52890911792490,"POTW 6 Nov '25"
88040387121129,"Vissel Kobe 2018"
88040387121264,"Sagan Tosu 2018"
88040387163000,"Borussia Dortmund 13-14"
88040655589281,"Borussia Dortmund 10-11"
88040387120361,"Eintracht Frankfurt 17-18"
88040387251675,"FC Barcelona 97-98"
88040387119495,"Santos FC 1963"
88040655554922,"München RW 73-74"
88040655554414,"Chelsea B 97-98"
88040387120247,"Chelsea B 12-13"
88040655558775,"Arsenal FC 09-10"
88040387251683,"FC Barcelona 03-04"
88040387180670,"FC Barcelona 05-06"
88040387118614,"FC Barcelona 05-06"
88040387118038,"Internazionale Milano 04-05"
88040387251713,"Côte d'Ivoire 2006"
88040923988950,"Internazionale Milano 04-05"
88041192558081,"Côte d'Ivoire 2006"
88040387251721,"Internazionale Milano 04-05"
88040387132106,"Shimizu S-Pulse 2010"
88040387117264,"Jubilo Iwata 2005"
88040387124205,"AC Milan 88-89"
88040387119839,"Piemonte BN 85-86"
88040387118039,"Piemonte BN 11-12"
88040387251641,"FC Barcelona 08-09"
88040387251711,"FC Barcelona 06-07"
88040387120768,"Argentina 2007"
88040387251679,"Netherlands 2006"
88040387120260,"Hungary 1952"
88040387180672,"Italy 2006"
88040387126185,"France 2012"
88040655555524,"France 1998"
88040387118554,"FC Barcelona 08-09"
88040387117922,"FC Barcelona 08-09"
88040387132864,"Urawa Reds 2021"
88040387251694,"Kashima Antlers 1993"
89137214427270,"Big Time Belgium 14 Jul '18"
88040387121974,"Netherlands 2010"
88040387251639,"Spain 2000"
88040387251676,"England 2006"
88040387119642,"Sweden 2012"
88040387126189,"Portugal 2016"
88040387117286,"Serbia 1998"
88040387251709,"Liverpool R 05-06"
88040387147266,"Manchester B 11-12"
88040387158182,"Liverpool R 21-22"
88040387255015,"Denmark 1992"
88040387119435,"Netherlands 1988"
88040387150135,"Italy 2021"
88040387132376,"Borussia Dortmund 15-16"
88040387119176,"München RW 09-10"
88040387251634,"England 2004"
88040655687168,"Liverpool R 08-09"
88040655690467,"Manchester United 98-99"
88040387251635,"Manchester United 99-00"
88040387251658,"Internazionale Milano 09-10"
88040387153821,"FC Barcelona 07-08"
88040387251729,"AC Milan 91-92"
88040387251674,"Netherlands 1992"
88040387251702,"Brazil 1994"
88040655732170,"Türkiye 2002"
88040655557091,"Türkiye 2003"
88040655728821,"Korea Republic 1986"
52893864488697,"POTW European Club Championship 13 Nov '25"
52893864531133,"POTW European Club Championship 13 Nov '25"
52893864542328,"POTW European Club Championship 13 Nov '25"
52893864544063,"POTW European Club Championship 13 Nov '25"
52893864545285,"POTW European Club Championship 13 Nov '25"
52893864554415,"POTW European Club Championship 13 Nov '25"
52893864559248,"POTW European Club Championship 13 Nov '25"
52893864561932,"POTW European Club Championship 13 Nov '25"
52893864563704,"POTW European Club Championship 13 Nov '25"
52893864569735,"POTW European Club Championship 13 Nov '25"
52893864592457,"POTW European Club Championship 13 Nov '25"
53979685863464,"POTM J1 LEAGUE 20 Nov '25"
53979685886060,"POTM J1 LEAGUE 20 Nov '25"
53979685951824,"POTM J1 LEAGUE 20 Nov '25"
53979685961466,"POTM J1 LEAGUE 20 Nov '25"
53979685962438,"POTM J1 LEAGUE 20 Nov '25"
53979685982303,"POTM J1 LEAGUE 20 Nov '25"
53979954319439,"POTM Brazilian League 20 Nov '25"
53979954389105,"POTM Brazilian League 20 Nov '25"
53979954390946,"POTM Brazilian League 20 Nov '25"
53979954391083,"POTM Brazilian League 20 Nov '25"
53979954411455,"POTM Brazilian League 20 Nov '25"
53979954429677,"POTM Brazilian League 20 Nov '25"
53979417472149,"POTM Trendyol Süper Lig 20 Nov '25"
53979417516018,"POTM Trendyol Süper Lig 20 Nov '25"
53979417525662,"POTM Trendyol Süper Lig 20 Nov '25"
53979417527814,"POTM Trendyol Süper Lig 20 Nov '25"
53979417551553,"POTM Trendyol Süper Lig 20 Nov '25"
53979417555307,"POTM Trendyol Süper Lig 20 Nov '25"
105786655174492,"J1 LEAGUE Selection 27 Nov '25"
105786655174630,"J1 LEAGUE Selection 27 Nov '25"
105786655215946,"J1 LEAGUE Selection 27 Nov '25"
105786655227900,"J1 LEAGUE Selection 27 Nov '25"
105786655248475,"J1 LEAGUE Selection 27 Nov '25"
105786655248689,"J1 LEAGUE Selection 27 Nov '25"
105786655250471,"J1 LEAGUE Selection 27 Nov '25"
105786655272920,"J1 LEAGUE Selection 27 Nov '25"
105800345365576,"Madrid Rosas RB Selection 1 Dec '25"
105800345424480,"Madrid Rosas RB Selection 1 Dec '25"
105800345433481,"Madrid Rosas RB Selection 1 Dec '25"
105800345438013,"Madrid Rosas RB Selection 1 Dec '25"
105800345447582,"Madrid Rosas RB Selection 1 Dec '25"
105800345448096,"Madrid Rosas RB Selection 1 Dec '25"
105800345456230,"Madrid Rosas RB Selection 1 Dec '25"
105800345468762,"Madrid Rosas RB Selection 1 Dec '25"
105811351222601,"European Clubs Selection 1 Dec '25"
105811351275678,"European Clubs Selection 1 Dec '25"
105811351276226,"European Clubs Selection 1 Dec '25"
105811351279586,"European Clubs Selection 1 Dec '25"
105811351301841,"European Clubs Selection 1 Dec '25"
105811351313194,"European Clubs Selection 1 Dec '25"
105811351313466,"European Clubs Selection 1 Dec '25"
105811351328977,"European Clubs Selection 1 Dec '25"
105796855702061,"Brazilian League Selection 27 Nov '25"
105796855765043,"Brazilian League Selection 27 Nov '25"
105796855765313,"Brazilian League Selection 27 Nov '25"
105796855773908,"Brazilian League Selection 27 Nov '25"
105796855784332,"Brazilian League Selection 27 Nov '25"
105796855792581,"Brazilian League Selection 27 Nov '25"
105796855803259,"Brazilian League Selection 27 Nov '25"
105796855813029,"Brazilian League Selection 27 Nov '25"
105821551760987,"Manager Pack 4 Dec '25"
105821551783546,"Manager Pack 4 Dec '25"
105816719924919,"Aggressive Centring A 4 Dec '25"
105816719931694,"Aggressive Centring A 4 Dec '25"
105816719944982,"Aggressive Centring A 4 Dec '25"
105816720007345,"Aggressive Centring A 4 Dec '25"
105816720015622,"Aggressive Centring A 4 Dec '25"
105816720019329,"Aggressive Centring A 4 Dec '25"
105816720030046,"Aggressive Centring A 4 Dec '25"
105816720032183,"Aggressive Centring A 4 Dec '25"
105816720032005,"Aggressive Centring A 4 Dec '25"
105816720046620,"Aggressive Centring A 4 Dec '25"
105816988360469,"National Teams Selection 8 Dec '25"
105816988360530,"National Teams Selection 8 Dec '25"
105816988366391,"National Teams Selection 8 Dec '25"
105816988367030,"National Teams Selection 8 Dec '25"
105816988428868,"National Teams Selection 8 Dec '25"
105816988466256,"National Teams Selection 8 Dec '25"
105816988478950,"National Teams Selection 8 Dec '25"
105816988479994,"National Teams Selection 8 Dec '25"
106764565597595,"eFootball™ League Rewards Phase 5"
106762686548319,"Aggressive Centring A 4 Dec '25"
106762686570911,"Aggressive Centring A 4 Dec '25"
106766713092441,"Daily Free Draw 4 Dec '25"
106766444571720,"Extraordinary One 4 Dec '25"
106766444574903,"Extraordinary One 4 Dec '25"
106766444664616,"Extraordinary One 4 Dec '25"
106765639374176,"Daily Bonus 2026"
105824236193711,"Daily Bonus 2026"
105824236213724,"Daily Bonus 2026"
105824236196867,"Daily Bonus 2026"
52891180112962,"POTW 13 Nov '25"
52891180115276,"POTW 13 Nov '25"
52891180178945,"POTW 13 Nov '25"
52891180180646,"POTW 13 Nov '25"
52891180187070,"POTW 13 Nov '25"
52891180190333,"POTW 13 Nov '25"
52891180192882,"POTW 13 Nov '25"
52891180200476,"POTW 13 Nov '25"
52891180208027,"POTW 13 Nov '25"
52891180227823,"POTW 13 Nov '25"
52891180246741,"POTW 13 Nov '25"
105818598975615,"English League Selection 22 Dec '25"
105818599041603,"English League Selection 22 Dec '25"
105818599042427,"English League Selection 22 Dec '25"
105818599045286,"English League Selection 22 Dec '25"
105818599064637,"English League Selection 22 Dec '25"
105818599080444,"English League Selection 22 Dec '25"
105818599089759,"English League Selection 22 Dec '25"
105818599092798,"English League Selection 22 Dec '25"
106763223418719,"English League Selection 22 Dec '25"
106763223426410,"English League Selection 22 Dec '25"
106763223432463,"English League Selection 22 Dec '25"
106751412248068,"J.LEAGUE Monthly MVPs Oct '25"
106751412275715,"J.LEAGUE Monthly MVPs Oct '25"
106751412275975,"J.LEAGUE Monthly MVPs Oct '25"
106751412284955,"J.LEAGUE Monthly MVPs Oct '25"
105786923565102,"J.LEAGUE Monthly MVPs Oct '25"
105786923693191,"J.LEAGUE Monthly MVPs Oct '25"
105786923709284,"J.LEAGUE Monthly MVPs Oct '25"
106755975587287,"Brazilian League Selection 27 Nov '25"
106755975603591,"Brazilian League Selection 27 Nov '25"
106755975663185,"Brazilian League Selection 27 Nov '25"
106755975686702,"Brazilian League Selection 27 Nov '25"
106761881238104,"National Teams Selection Southeast Asia 27 Nov '25"
106761881277010,"National Teams Selection Southeast Asia 27 Nov '25"
106761881282574,"National Teams Selection Southeast Asia 27 Nov '25"
106761881287983,"National Teams Selection Southeast Asia 27 Nov '25"
106761881289891,"National Teams Selection Southeast Asia 27 Nov '25"
106761881292414,"National Teams Selection Southeast Asia 27 Nov '25"
105814840894614,"National Teams Selection Southeast Asia 27 Nov '25"
105814840965924,"National Teams Selection Southeast Asia 27 Nov '25"
105814840969361,"National Teams Selection Southeast Asia 27 Nov '25"
105814840984243,"National Teams Selection Southeast Asia 27 Nov '25"
105814840991704,"National Teams Selection Southeast Asia 27 Nov '25"
105814840992405,"National Teams Selection Southeast Asia 27 Nov '25"
105814841002180,"National Teams Selection Southeast Asia 27 Nov '25"
105814841002183,"National Teams Selection Southeast Asia 27 Nov '25"
105814841003566,"National Teams Selection Southeast Asia 27 Nov '25"
105816451510357,"Champions Campaign 2025 CR Flamengo"
105816451554136,"Champions Campaign 2025 CR Flamengo"
105816451555441,"Champions Campaign 2025 CR Flamengo"
105816451563890,"Champions Campaign 2025 CR Flamengo"
105816451581405,"Champions Campaign 2025 CR Flamengo"
105817256803120,"Champions Campaign 2025 CR Flamengo"
105817256814658,"Champions Campaign 2025 CR Flamengo"
105817256816414,"Champions Campaign 2025 CR Flamengo"
105817256866608,"Champions Campaign 2025 CR Flamengo"
105817256868579,"Champions Campaign 2025 CR Flamengo"
105818062173052,"European Clubs Selection Attackers 11 Dec '25"
105818062175978,"European Clubs Selection Attackers 11 Dec '25"
105818062182844,"European Clubs Selection Attackers 11 Dec '25"
105818062188390,"European Clubs Selection Attackers 11 Dec '25"
105818062194743,"European Clubs Selection Attackers 11 Dec '25"
105818062201920,"European Clubs Selection Attackers 11 Dec '25"
105818062209069,"European Clubs Selection Attackers 11 Dec '25"
105818062218393,"European Clubs Selection Attackers 11 Dec '25"
105818330540099,"European Clubs Selection Guardians 18 Dec '25"
105818330556620,"European Clubs Selection Guardians 18 Dec '25"
105818330558492,"European Clubs Selection Guardians 18 Dec '25"
105818330603981,"European Clubs Selection Guardians 18 Dec '25"
105818330631822,"European Clubs Selection Guardians 18 Dec '25"
105818330638516,"European Clubs Selection Guardians 18 Dec '25"
105818330638643,"European Clubs Selection Guardians 18 Dec '25"
105818330652062,"European Clubs Selection Guardians 18 Dec '25"
105816451493452,"Champions Campaign 2025 SE Palmeiras"
105817256866622,"Champions Campaign 2025 SE Palmeiras"
105816451563893,"Champions Campaign 2025 SE Palmeiras"
105817256897070,"Champions Campaign 2025 SE Palmeiras"
105817256901759,"Champions Campaign 2025 SE Palmeiras"
105817256800956,"Champions Campaign 2025 SE Palmeiras"
105816451512392,"Champions Campaign 2025 SE Palmeiras"
105816451592474,"Champions Campaign 2025 SE Palmeiras"
105816451596518,"Champions Campaign 2025 SE Palmeiras"
105817256906717,"Champions Campaign 2025 SE Palmeiras"
105794439746322,"Clutch Players 4 Dec '25"
105794439801608,"Clutch Players 4 Dec '25"
105794439850769,"Clutch Players 4 Dec '25"
105794439855675,"Clutch Players 4 Dec '25"
105794439856275,"Clutch Players 4 Dec '25"
105794439861140,"Clutch Players 4 Dec '25"
105794439876234,"Clutch Players 4 Dec '25"
105794439893044,"Clutch Players 4 Dec '25"
88229365678400,"Jクラ用"
88229634113856,"Jクラ用"
88229902549312,"Jクラ用"
52891448555703,"POTW National Teams 20 Nov '25"
52891448626690,"POTW National Teams 20 Nov '25"
52891448637204,"POTW National Teams 20 Nov '25"
52891448638618,"POTW National Teams 20 Nov '25"
52891448639187,"POTW National Teams 20 Nov '25"
52891448640608,"POTW National Teams 20 Nov '25"
52891448641040,"POTW National Teams 20 Nov '25"
52891448641959,"POTW National Teams 20 Nov '25"
52891448649356,"POTW National Teams 20 Nov '25"
52891448650628,"POTW National Teams 20 Nov '25"
52891448667736,"POTW National Teams 20 Nov '25"
105816451580875,"Champions Campaign 2025 SE Palmeiras"
105817793641408,"J1 LEAGUE Selection 11 Dec '25"
105817793687434,"J1 LEAGUE Selection 11 Dec '25"
105817793730915,"J1 LEAGUE Selection 11 Dec '25"
105817793747720,"J1 LEAGUE Selection 11 Dec '25"
105817793750254,"J1 LEAGUE Selection 11 Dec '25"
105817793751397,"J1 LEAGUE Selection 11 Dec '25"
105817793757187,"J1 LEAGUE Selection 11 Dec '25"
105817793758444,"J1 LEAGUE Selection 11 Dec '25"
105817793759295,"J1 LEAGUE Selection 11 Dec '25"
105817793763035,"J1 LEAGUE Selection 11 Dec '25"
105817793772214,"J1 LEAGUE Selection 11 Dec '25"
105817793804507,"J1 LEAGUE Selection 11 Dec '25"
105798197898215,"Trendyol Süper Lig Monthly MVPs Oct '25"
105798197942628,"Trendyol Süper Lig Monthly MVPs Oct '25"
105798197948998,"Trendyol Süper Lig Monthly MVPs Oct '25"
105798197949805,"Trendyol Süper Lig Monthly MVPs Oct '25"
105798197958865,"Trendyol Süper Lig Monthly MVPs Oct '25"
105798197964719,"Trendyol Süper Lig Monthly MVPs Oct '25"
105798197980160,"Trendyol Süper Lig Monthly MVPs Oct '25"
105802761367501,"Young Stars 11 Dec '25"
105802761377256,"Young Stars 11 Dec '25"
105802761381392,"Young Stars 11 Dec '25"
105802761382154,"Young Stars 11 Dec '25"
105802761392783,"Young Stars 11 Dec '25"
105802761393504,"Young Stars 11 Dec '25"
105802761397591,"Young Stars 11 Dec '25"
105802761399144,"Young Stars 11 Dec '25"
105802761403582,"Young Stars 11 Dec '25"
105802761405828,"Young Stars 11 Dec '25"
105802761407743,"Young Stars 11 Dec '25"
106757317825013,"Trendyol Süper Lig Monthly MVPs Oct '25"
106757317825532,"Trendyol Süper Lig Monthly MVPs Oct '25"
106757317842567,"Trendyol Süper Lig Monthly MVPs Oct '25"
106757317845857,"Trendyol Süper Lig Monthly MVPs Oct '25"
106767518381244,"0"
106766981442907,"New Year's Gift 2026"
106766981509166,"New Year's Gift 2026"
106766981558114,"New Year's Gift 2026"
105800076997502,"Piemonte BN Selection 29 Dec '25"
105800076999693,"Piemonte BN Selection 29 Dec '25"
105800077005709,"Piemonte BN Selection 29 Dec '25"
105800077013402,"Piemonte BN Selection 29 Dec '25"
105800077021517,"Piemonte BN Selection 29 Dec '25"
105800077026754,"Piemonte BN Selection 29 Dec '25"
105800077033092,"Piemonte BN Selection 29 Dec '25"
105800077050909,"Piemonte BN Selection 29 Dec '25"
105819672713083,"Central Dominator 5 Jan '26"
105819672776029,"Central Dominator 5 Jan '26"
105819672777144,"Central Dominator 5 Jan '26"
105819672789184,"Central Dominator 5 Jan '26"
105819672796254,"Central Dominator 5 Jan '26"
105819672800821,"Central Dominator 5 Jan '26"
105819672832288,"Central Dominator 5 Jan '26"
105819672843196,"Central Dominator 5 Jan '26"
105818867472646,"Spanish League Selection Midfielders 25 Dec '25"
105818867478698,"Spanish League Selection Midfielders 25 Dec '25"
105818867484407,"Spanish League Selection Midfielders 25 Dec '25"
105818867487399,"Spanish League Selection Midfielders 25 Dec '25"
105818867495993,"Spanish League Selection Midfielders 25 Dec '25"
105818867499548,"Spanish League Selection Midfielders 25 Dec '25"
105818867499664,"Spanish League Selection Midfielders 25 Dec '25"
105818867523396,"Spanish League Selection Midfielders 25 Dec '25"
105819404279972,"European Clubs Selection 1 Jan '26"
105819404297484,"European Clubs Selection 1 Jan '26"
105819404298395,"European Clubs Selection 1 Jan '26"
105819404300031,"European Clubs Selection 1 Jan '26"
105819404342362,"European Clubs Selection 1 Jan '26"
105819404350776,"European Clubs Selection 1 Jan '26"
105819404350917,"European Clubs Selection 1 Jan '26"
105819404352559,"European Clubs Selection 1 Jan '26"
105819404353783,"European Clubs Selection 1 Jan '26"
105819404356221,"European Clubs Selection 1 Jan '26"
105819404356890,"European Clubs Selection 1 Jan '26"
105819404357987,"European Clubs Selection 1 Jan '26"
105819404365482,"European Clubs Selection 1 Jan '26"
105819404366870,"European Clubs Selection 1 Jan '26"
105819404371638,"European Clubs Selection 1 Jan '26"
105819404379784,"European Clubs Selection 1 Jan '26"
105819404381676,"European Clubs Selection 1 Jan '26"
105819404382561,"European Clubs Selection 1 Jan '26"
105819404390379,"European Clubs Selection 1 Jan '26"
105819404393844,"European Clubs Selection 1 Jan '26"
105787191996791,"J1 LEAGUE Selection 25 Dec '25"
105787192000920,"J1 LEAGUE Selection 25 Dec '25"
105787192000979,"J1 LEAGUE Selection 25 Dec '25"
105787192043852,"J1 LEAGUE Selection 25 Dec '25"
105787192095213,"J1 LEAGUE Selection 25 Dec '25"
105787192104927,"J1 LEAGUE Selection 25 Dec '25"
105787192105742,"J1 LEAGUE Selection 25 Dec '25"
105787192105909,"J1 LEAGUE Selection 25 Dec '25"
52891716988895,"POTW 27 Nov '25"
52891717004319,"POTW 27 Nov '25"
52891717047292,"POTW 27 Nov '25"
52891717054551,"POTW 27 Nov '25"
52891717058306,"POTW 27 Nov '25"
52891717058727,"POTW 27 Nov '25"
52891717058778,"POTW 27 Nov '25"
52891717060623,"POTW 27 Nov '25"
52891717070797,"POTW 27 Nov '25"
52891717095666,"POTW 27 Nov '25"
52891717098089,"POTW 27 Nov '25"
105822977893468,"CAF AFRICA CUP OF NATIONS 25 vol.1"
105822977894783,"CAF AFRICA CUP OF NATIONS 25 vol.1"
105822977896455,"CAF AFRICA CUP OF NATIONS 25 vol.1"
105822977911690,"CAF AFRICA CUP OF NATIONS 25 vol.1"
105822977938808,"CAF AFRICA CUP OF NATIONS 25 vol.1"
105822977959609,"CAF AFRICA CUP OF NATIONS 25 vol.1"
105823246328958,"CAF AFRICA CUP OF NATIONS 25 vol.2"
105823246339422,"CAF AFRICA CUP OF NATIONS 25 vol.2"
105823246354989,"CAF AFRICA CUP OF NATIONS 25 vol.2"
105823246362182,"CAF AFRICA CUP OF NATIONS 25 vol.2"
105823246364158,"CAF AFRICA CUP OF NATIONS 25 vol.2"
105823246367723,"CAF AFRICA CUP OF NATIONS 25 vol.2"
105823514713891,"CAF Africa Cup of Nations Selection 11 Dec '25"
105823514714072,"CAF Africa Cup of Nations Selection 11 Dec '25"
105823514718493,"CAF Africa Cup of Nations Selection 11 Dec '25"
105823514768986,"CAF Africa Cup of Nations Selection 11 Dec '25"
105823514770728,"CAF Africa Cup of Nations Selection 11 Dec '25"
105823514776462,"CAF Africa Cup of Nations Selection 11 Dec '25"
105823514783663,"CAF Africa Cup of Nations Selection 11 Dec '25"
105823514786276,"CAF Africa Cup of Nations Selection 11 Dec '25"
105823514800034,"CAF Africa Cup of Nations Selection 11 Dec '25"
105823514802387,"CAF Africa Cup of Nations Selection 11 Dec '25"
106765186342826,"CAF AFRICA CUP OF NATIONS 25 vol.1"
106765186350982,"CAF AFRICA CUP OF NATIONS 25 vol.1"
106765186378504,"CAF AFRICA CUP OF NATIONS 25 vol.1"
106765454774629,"CAF AFRICA CUP OF NATIONS 25 vol.2"
106765454779807,"CAF AFRICA CUP OF NATIONS 25 vol.2"
106765454795104,"CAF AFRICA CUP OF NATIONS 25 vol.2"
52894132921815,"POTW European Club Championship 4 Dec '25"
52894132973575,"POTW European Club Championship 4 Dec '25"
52894132973694,"POTW European Club Championship 4 Dec '25"
52894132979581,"POTW European Club Championship 4 Dec '25"
52894132980811,"POTW European Club Championship 4 Dec '25"
52894132996275,"POTW European Club Championship 4 Dec '25"
52894132998043,"POTW European Club Championship 4 Dec '25"
52894133002669,"POTW European Club Championship 4 Dec '25"
52894133005104,"POTW European Club Championship 4 Dec '25"
52894133005213,"POTW European Club Championship 4 Dec '25"
52894133030143,"POTW European Club Championship 4 Dec '25"
105818062169611,"Italian League Selection Attackers 15 Dec '25"
105818062170821,"Italian League Selection Attackers 15 Dec '25"
105818062180062,"Italian League Selection Attackers 15 Dec '25"
105818062184295,"Italian League Selection Attackers 15 Dec '25"
105818062194532,"Italian League Selection Attackers 15 Dec '25"
105818062202555,"Italian League Selection Attackers 15 Dec '25"
105818062215786,"Italian League Selection Attackers 15 Dec '25"
105818062222700,"Italian League Selection Attackers 15 Dec '25"
52891985396128,"POTW 4 Dec '25"
52891985419680,"POTW 4 Dec '25"
52891985490230,"POTW 4 Dec '25"
52891985492393,"POTW 4 Dec '25"
52891985493661,"POTW 4 Dec '25"
52891985494407,"POTW 4 Dec '25"
52891985503887,"POTW 4 Dec '25"
52891985511544,"POTW 4 Dec '25"
52891985515372,"POTW 4 Dec '25"
52891985519680,"POTW 4 Dec '25"
52891985544221,"POTW 4 Dec '25"
53980491168854,"POTM J1 LEAGUE 18 Dec '25"
53980491214674,"POTM J1 LEAGUE 18 Dec '25"
53980491275220,"POTM J1 LEAGUE 18 Dec '25"
53980491282228,"POTM J1 LEAGUE 18 Dec '25"
53980491305577,"POTM J1 LEAGUE 18 Dec '25"
53980491305616,"POTM J1 LEAGUE 18 Dec '25"
53980222827486,"POTM Trendyol Süper Lig 18 Dec '25"
53980222831744,"POTM Trendyol Süper Lig 18 Dec '25"
53980222837429,"POTM Trendyol Süper Lig 18 Dec '25"
53980222864942,"POTM Trendyol Süper Lig 18 Dec '25"
53980222875468,"POTM Trendyol Süper Lig 18 Dec '25"
53980222889904,"POTM Trendyol Süper Lig 18 Dec '25"
53980759634885,"POTM Brazilian League 18 Dec '25"
53980759652361,"POTM Brazilian League 18 Dec '25"
53980759695475,"POTM Brazilian League 18 Dec '25"
53980759707972,"POTM Brazilian League 18 Dec '25"
53980759720907,"POTM Brazilian League 18 Dec '25"
53980759758251,"POTM Brazilian League 18 Dec '25"
53980759714165,"POTM Brazilian League 18 Dec '25"
106763491781983,"Towering Giants 29 Dec '25"
106763491864289,"Towering Giants 29 Dec '25"
106763491879812,"Towering Giants 29 Dec '25"
105819135906943,"Towering Giants 29 Dec '25"
105819135913695,"Towering Giants 29 Dec '25"
105819135917598,"Towering Giants 29 Dec '25"
105819135925663,"Towering Giants 29 Dec '25"
105819135931009,"Towering Giants 29 Dec '25"
105819135933749,"Towering Giants 29 Dec '25"
105819135938679,"Towering Giants 29 Dec '25"
105819135947688,"Towering Giants 29 Dec '25"
106763760282015,"Central Dominator 5 Jan '26"
106763760292838,"Central Dominator 5 Jan '26"
106763760299981,"Central Dominator 5 Jan '26"
105804908766893,"Manchester United Pack 25-26"
105804908784736,"Manchester United Pack 25-26"
105804908833553,"Manchester United Pack 25-26"
105804908838329,"Manchester United Pack 25-26"
105804908842360,"Manchester United Pack 25-26"
105804908843755,"Manchester United Pack 25-26"
105804908846557,"Manchester United Pack 25-26"
105804908857901,"Manchester United Pack 25-26"
105804908859155,"Manchester United Pack 25-26"
105804908868664,"Manchester United Pack 25-26"
105804908879113,"Manchester United Pack 25-26"
89034672180660,"low_impact_shot"
89034672180745,"aggressive_shooter"
124219044300608,"Strike Arena v5.0.0"
124219044267456,"Strike Arena v5.0.0"
124219044174914,"Strike Arena v5.0.0"
124219044268069,"Strike Arena v5.0.0"
124219044282147,"Strike Arena v5.0.0"
124219044243574,"Strike Arena v5.0.0"
124219044290372,"Strike Arena v5.0.0"
124219044282145,"Strike Arena v5.0.0"
124219044245556,"Strike Arena v5.0.0"
124219044251663,"Strike Arena v5.0.0"
124219044296460,"Strike Arena v5.0.0"
124219044245814,"Strike Arena v5.0.0"
124219044245696,"Strike Arena v5.0.0"
124219044297026,"Strike Arena v5.0.0"
18666196304797,"Test data vol.1"
53850568557597,"Test data vol.1"
54950080081528,"Test data vol.1"
56049591808406,"Test data vol.1"
71442754563456,"Test data vol.1"
89034940481588,"Test data vol.1"
90134452149664,"Test data vol.1"
106627126639663,"Test data vol.1"
107726638280623,"Test data vol.1"
18666464775884,"Test data vol.2"
53850836987480,"Test data vol.2"
54950348617213,"Test data vol.2"
56049860235562,"Test data vol.2"
71443022989623,"Test data vol.2"
89035208932800,"Test data vol.2"
90134720580264,"Test data vol.2"
106627395127277,"Test data vol.2"
107726906703422,"Test data vol.2"
18666733309461,"Test data vol.3"
53851105403667,"Test data vol.3"
54950617051926,"Test data vol.3"
56050128647236,"Test data vol.3"
71443291421557,"Test data vol.3"
89035477487101,"Test data vol.3"
90134988987735,"Test data vol.3"
106627663544409,"Test data vol.3"
107727175151474,"Test data vol.3"
18667001617312,"Test data vol.4"
53851373826643,"Test data vol.4"
54950885479730,"Test data vol.4"
56050397082498,"Test data vol.4"
71443559846756,"Test data vol.4"
89035745925856,"Test data vol.4"
90135257423191,"Test data vol.4"
106627931979695,"Test data vol.4"
107727443520487,"Test data vol.4"
18667270045926,"Test data vol.5"
53851642258646,"Test data vol.5"
54951153903640,"Test data vol.5"
56050665511274,"Test data vol.5"
71443828238782,"Test data vol.5"
89036014286976,"Test data vol.5"
90135525893452,"Test data vol.5"
106628200395496,"Test data vol.5"
107727712062719,"Test data vol.5"
18667538615800,"Test data vol.6"
53851910677670,"Test data vol.6"
54951422319694,"Test data vol.6"
56050933945655,"Test data vol.6"
71444096671533,"Test data vol.6"
89036282793411,"Test data vol.6"
90135794327467,"Test data vol.6"
106628468823116,"Test data vol.6"
107727980457754,"Test data vol.6"
18667807051235,"Test data vol.7"
53852179108504,"Test data vol.7"
54951690649716,"Test data vol.7"
56051202380100,"Test data vol.7"
71444365092525,"Test data vol.7"
89036551228896,"Test data vol.7"
90136062823145,"Test data vol.7"
106628737243261,"Test data vol.7"
107728248885572,"Test data vol.7"
18668075352872,"Test data vol.8"
53852447543797,"Test data vol.8"
54951959196285,"Test data vol.8"
56051470807870,"Test data vol.8"
71444633525737,"Test data vol.8"
89036819529958,"Test data vol.8"
90136331266161,"Test data vol.8"
106629005677438,"Test data vol.8"
107728517244818,"Test data vol.8"
106629005634590,"Booster Test Vol.10"
106629005616460,"Booster Test Vol.10"
106629005612771,"Booster Test Vol.10"
106629005581655,"Booster Test Vol.10"
106629005736258,"Booster Test Vol.10"
106629005618523,"Booster Test Vol.10"
106629005618984,"Booster Test Vol.10"
106629005616813,"Booster Test Vol.10"
106629005675241,"Booster Test Vol.10"
106629005693297,"Booster Test Vol.10"
106629005682423,"Booster Test Vol.10"
106629005707687,"Booster Test Vol.10"
106629005690799,"Booster Test Vol.10"
106629005685944,"Booster Test Vol.10"
106629005620959,"Booster Test Vol.10"
106629005687549,"Booster Test Vol.10"
106629005678370,"Booster Test Vol.10"
90136331165015,"Booster Test Vol.10"
18668343826114,"Test data vol.9"
53852715923894,"Test data vol.9"
54952227610892,"Test data vol.9"
56051739242463,"Test data vol.9"
71444901957538,"Test data vol.9"
89037088099762,"Test data vol.9"
90136599707836,"Test data vol.9"
106629274172285,"Test data vol.9"
107728785777606,"Test data vol.9"
106629274117833,"Booster Test Vol.10"
106629274069991,"Booster Test Vol.10"
106629274121086,"Booster Test Vol.10"
106629274151861,"Booster Test Vol.10"
106629274129300,"Booster Test Vol.10"
106629274070112,"Booster Test Vol.10"
106629274123705,"Booster Test Vol.10"
106629274119140,"Booster Test Vol.10"
106629274123511,"Booster Test Vol.10"
106629274137116,"Booster Test Vol.10"
106629274070047,"Booster Test Vol.10"
106629274066949,"Booster Test Vol.10"
106629274120807,"Booster Test Vol.10"
106629274123125,"Booster Test Vol.10"
106629274046227,"Booster Test Vol.10"
106629274123560,"Booster Test Vol.10"
106629274049536,"Booster Test Vol.10"
106629274123835,"Booster Test Vol.10"
106629274050314,"Booster Test Vol.10"
106629274052694,"Booster Test Vol.10"
106629274128577,"Booster Test Vol.10"
106629274129507,"Booster Test Vol.10"
106629274124106,"Booster Test Vol.10"
106629274050724,"Booster Test Vol.10"
106629274129382,"Booster Test Vol.10"
106629274118262,"Booster Test Vol.10"
106629274110715,"Booster Test Vol.10"
106629274073074,"Booster Test Vol.10"
106629274136495,"Booster Test Vol.10"
106629274132060,"Booster Test Vol.10"
106629274142144,"Booster Test Vol.10"
106629274151661,"Booster Test Vol.10"
106629274120852,"Booster Test Vol.10"
106629274124506,"Booster Test Vol.10"
106629274070046,"Booster Test Vol.10"
106629274051916,"Booster Test Vol.10"
106629274048227,"Booster Test Vol.10"
106629274017111,"Booster Test Vol.10"
106629274171714,"Booster Test Vol.10"
106629274053979,"Booster Test Vol.10"
106629274054440,"Booster Test Vol.10"
106629274052269,"Booster Test Vol.10"
106629274110697,"Booster Test Vol.10"
106629274128753,"Booster Test Vol.10"
106629274117879,"Booster Test Vol.10"
106629274143143,"Booster Test Vol.10"
106629274126255,"Booster Test Vol.10"
106629274121400,"Booster Test Vol.10"
106629274056415,"Booster Test Vol.10"
106629274123005,"Booster Test Vol.10"
106629274113826,"Booster Test Vol.10"
106629274124408,"Booster Test Vol.10"
106629274120199,"Booster Test Vol.10"
106629274118257,"Booster Test Vol.10"
106629274137144,"Booster Test Vol.10"
106629274138320,"Booster Test Vol.10"
106629274147600,"Booster Test Vol.10"
106629274120384,"Booster Test Vol.10"
106629274118559,"Booster Test Vol.10"
106629274055545,"Booster Test Vol.10"
106629274120226,"Booster Test Vol.10"
106629274053704,"Booster Test Vol.10"
106629274049602,"Booster Test Vol.10"
106629274057385,"Booster Test Vol.10"
106629274069366,"Booster Test Vol.10"
106629274071272,"Booster Test Vol.10"
106629274057387,"Booster Test Vol.10"
106629274142652,"Booster Test Vol.10"
106629274126647,"Booster Test Vol.10"
106629274056779,"Booster Test Vol.10"
106629274120318,"Booster Test Vol.10"
106629274066723,"Booster Test Vol.10"
106629274052663,"Booster Test Vol.10"
106629274142533,"Booster Test Vol.10"
106629274055593,"Booster Test Vol.10"
106629274120415,"Booster Test Vol.10"
106629274113004,"Booster Test Vol.10"
106629274112501,"Booster Test Vol.10"
106629274042785,"Booster Test Vol.10"
106629274056887,"Booster Test Vol.10"
106629274114277,"Booster Test Vol.10"
106629274136289,"Booster Test Vol.10"
106629274053983,"Booster Test Vol.10"
106629274118605,"Booster Test Vol.10"
106629274121662,"Booster Test Vol.10"
90136599600471,"Booster Test Vol.10"
18668612229384,"Test data vol.10"
53852984351810,"Test data vol.10"
54952496042494,"Test data vol.10"
56052007675810,"Test data vol.10"
71445170365168,"Test data vol.10"
89037356400668,"Test data vol.10"
90136868071085,"Test data vol.10"
106629542597277,"Test data vol.10"
107729054214410,"Test data vol.10"
106629542505502,"Booster Test Vol.10"
106629542487372,"Booster Test Vol.10"
106629542483683,"Booster Test Vol.10"
106629542452567,"Booster Test Vol.10"
106629542607170,"Booster Test Vol.10"
106629542489435,"Booster Test Vol.10"
106629542489896,"Booster Test Vol.10"
106629542487725,"Booster Test Vol.10"
106629542546153,"Booster Test Vol.10"
106629542564209,"Booster Test Vol.10"
106629542553335,"Booster Test Vol.10"
106629542578599,"Booster Test Vol.10"
106629542561711,"Booster Test Vol.10"
106629542556856,"Booster Test Vol.10"
106629542491871,"Booster Test Vol.10"
106629542558461,"Booster Test Vol.10"
106629542549282,"Booster Test Vol.10"
106629542484076,"Booster Test Vol.10"
90136868035927,"Booster Test Vol.10"
18668880806646,"Test data vol.11"
53853252893488,"Test data vol.11"
54952764438549,"Test data vol.11"
56052276110087,"Test data vol.11"
71445438918369,"Test data vol.11"
89037624836346,"Test data vol.11"
90137136629752,"Test data vol.11"
106629811015705,"Test data vol.11"
107729322640832,"Test data vol.11"
106629810940958,"Booster Test Vol.10"
106629810922828,"Booster Test Vol.10"
106629810919139,"Booster Test Vol.10"
106629810888023,"Booster Test Vol.10"
106629811042626,"Booster Test Vol.10"
106629810924891,"Booster Test Vol.10"
106629810925352,"Booster Test Vol.10"
106629810923181,"Booster Test Vol.10"
106629810981609,"Booster Test Vol.10"
106629810999665,"Booster Test Vol.10"
106629810988791,"Booster Test Vol.10"
106629811014055,"Booster Test Vol.10"
106629810997167,"Booster Test Vol.10"
106629810992312,"Booster Test Vol.10"
106629810927327,"Booster Test Vol.10"
106629810993917,"Booster Test Vol.10"
106629810984738,"Booster Test Vol.10"
106629810919532,"Booster Test Vol.10"
90137136471383,"Booster Test Vol.10"
106630079376414,"Booster Test Vol.10"
106630079358284,"Booster Test Vol.10"
106630079354595,"Booster Test Vol.10"
106630079323479,"Booster Test Vol.10"
106630079478082,"Booster Test Vol.10"
106630079360347,"Booster Test Vol.10"
106630079360808,"Booster Test Vol.10"
106630079358637,"Booster Test Vol.10"
106630079417065,"Booster Test Vol.10"
106630079435121,"Booster Test Vol.10"
106630079424247,"Booster Test Vol.10"
106630079449511,"Booster Test Vol.10"
106630079432623,"Booster Test Vol.10"
106630079427768,"Booster Test Vol.10"
106630079362783,"Booster Test Vol.10"
106630079429373,"Booster Test Vol.10"
106630079420194,"Booster Test Vol.10"
106630079354988,"Booster Test Vol.10"
90137404941644,"Booster Test Vol.10"
106630347811870,"Booster Test Vol.10"
106630347793740,"Booster Test Vol.10"
106630347790051,"Booster Test Vol.10"
106630347758935,"Booster Test Vol.10"
106630347913538,"Booster Test Vol.10"
106630347795803,"Booster Test Vol.10"
106630347796264,"Booster Test Vol.10"
106630347794093,"Booster Test Vol.10"
106630347852521,"Booster Test Vol.10"
106630347870577,"Booster Test Vol.10"
106630347859703,"Booster Test Vol.10"
106630347884967,"Booster Test Vol.10"
106630347868079,"Booster Test Vol.10"
106630347863224,"Booster Test Vol.10"
106630347798239,"Booster Test Vol.10"
106630347864829,"Booster Test Vol.10"
106630347855650,"Booster Test Vol.10"
106630347790444,"Booster Test Vol.10"
90137673342295,"Booster Test Vol.10"
106630616247326,"Booster Test Vol.10"
106630616229196,"Booster Test Vol.10"
106630616225507,"Booster Test Vol.10"
106630616194391,"Booster Test Vol.10"
106630616348994,"Booster Test Vol.10"
106630616231259,"Booster Test Vol.10"
106630616231720,"Booster Test Vol.10"
106630616229549,"Booster Test Vol.10"
106630616287977,"Booster Test Vol.10"
106630616306033,"Booster Test Vol.10"
106630616295159,"Booster Test Vol.10"
106630616320423,"Booster Test Vol.10"
106630616303535,"Booster Test Vol.10"
106630616298680,"Booster Test Vol.10"
106630616233695,"Booster Test Vol.10"
106630616300285,"Booster Test Vol.10"
106630616291106,"Booster Test Vol.10"
106630616225900,"Booster Test Vol.10"
90137941777751,"Booster Test Vol.11"
90137941805121,"Booster Test Vol.11"
90137941810592,"Booster Test Vol.11"
106630884662688,"Naruto Test v5.4.0"
106630884784450,"Naruto Test v5.4.0"
57153129918590,"POTD test"
57153129934561,"POTD test"
57153129937241,"POTD test"
57153129927654,"POTD test"
57153129935950,"POTD test"
57153129918498,"POTD test"
57153129960800,"POTD test"
57153129868319,"POTD test"
57153129924527,"POTD test"
57153129918656,"POTD test"
57153129919124,"POTD test"
57153129922847,"POTD test"
57153129965211,"POTD test"
57153129955827,"POTD test"
57153129854923,"POTD test"
57153129947770,"POTD test"
57153129912624,"POTD test"
57153129909206,"POTD test"
57153129922510,"POTD test"
57153129915941,"POTD test"
57153129934592,"POTD test"
57153129923126,"POTD test"
57153129855401,"POTD test"
57153129936210,"POTD test"
57153129925516,"POTD test"
57153129852961,"POTD test"
57153129948812,"POTD test"
57153129962761,"POTD test"
57153129933674,"POTD test"
57153129940805,"POTD test"
57153129916831,"POTD test"
57153129935416,"POTD test"
57153129946028,"POTD test"
57153129855159,"POTD test"
57153129921277,"POTD test"
57153129922680,"POTD test"
57153129922778,"POTD test"
57153129927707,"POTD test"
57153129855158,"POTD test"
57153129855657,"POTD test"
57153129939158,"POTD test"
57153129967309,"POTD test"
57153129954892,"POTD test"
57153129848991,"POTD test"
57153129933918,"POTD test"
57153129939600,"POTD test"
57153129922058,"POTD test"
57153129912552,"POTD test"
57153129925914,"POTD test"
57153129911702,"POTD test"
57153129918666,"POTD test"
57153129918510,"POTD test"
57153129919322,"POTD test"
57153129908987,"POTD test"
57153129848167,"POTD test"
57153129934986,"POTD test"
57153129925879,"POTD test"
57153129920937,"POTD test"
57153129918687,"POTD test"
57153129969986,"POTD test"
57153129941029,"POTD test"
57153129973568,"POTD test"
57153129950133,"POTD test"
57153129967458,"POTD test"
57153129916111,"POTD test"
57153129909392,"POTD test"
57153129938074,"POTD test"
57153129955107,"POTD test"
57153129942630,"POTD test"
57153129918774,"POTD test"
57153129914829,"POTD test"
57153129919881,"POTD test"
57153129927700,"POTD test"
57153129908930,"POTD test"
57153129850966,"POTD test"
57153129914828,"POTD test"
57153129911485,"POTD test"
57153129924623,"POTD test"
57153129918468,"POTD test"
57153129855394,"POTD test"
57153129916973,"POTD test"
57153129908681,"POTD test"
57153129924447,"POTD test"
57153129934298,"POTD test"
57153129922782,"POTD test"
57153129934209,"POTD test"
57153129979492,"POTD test"
57153129815383,"POTD test"
57153129934496,"POTD test"
57153129908948,"POTD test"
57153129868113,"POTD test"
57153129924415,"POTD test"
57153129919152,"POTD test"
57153129936153,"POTD test"
57153129916529,"POTD test"
57153129925665,"POTD test"
57153129934221,"POTD test"
57153129962735,"POTD test"
57153129855051,"POTD test"
57153129848597,"POTD test"
57153129918392,"POTD test"
57153129924413,"POTD test"
57153129930569,"POTD test"
57153129918968,"POTD test"
57153129911189,"POTD test"
57153129918480,"POTD test"
57153129916623,"POTD test"
57153129849468,"POTD test"
57153129853228,"POTD test"
57153129867931,"POTD test"
57153129867981,"POTD test"
57153129922253,"POTD test"
57153129852943,"POTD test"
57153129854509,"POTD test"
57153129868040,"POTD test"
57153129844978,"POTD test"
57153129941525,"POTD test"
57153129921908,"POTD test"
57153129941087,"POTD test"
57153129955821,"POTD test"
57153129934732,"POTD test"
57153129945872,"POTD test"
57153129941415,"POTD test"
57153129940416,"POTD test"
89049436030258,"Booster Test Vol.12"
89049436034939,"Booster Test Vol.12"
89049436131227,"Booster Test Vol.12"
89049436126362,"Booster Test Vol.12"
89049436112703,"Booster Test Vol.12"
89049436105119,"Booster Test Vol.12"
89049436106975,"Booster Test Vol.12"
89049436115942,"Booster Test Vol.12"
89049436012634,"Booster Test Vol.12"
89049436138570,"Booster Test Vol.12"
89049436040539,"Booster Test Vol.12"
89049436099564,"Booster Test Vol.12"
89049436037031,"Booster Test Vol.12"
89049436105165,"Booster Test Vol.12"
89049436109565,"Booster Test Vol.12"
89049436100386,"Booster Test Vol.12"
89049436038476,"Booster Test Vol.12"
89049436042105,"Booster Test Vol.12"
89049436104822,"Booster Test Vol.12"
89049436039295,"Booster Test Vol.12"
89049436129317,"Booster Test Vol.12"
89049436110726,"Booster Test Vol.12"
89049436097275,"Booster Test Vol.12"
89049436107964,"Booster Test Vol.12"
89049436056401,"Booster Test Vol.12"
89049436113926,"Booster Test Vol.12"
89049436127888,"Booster Test Vol.12"
89049436110071,"Booster Test Vol.12"
89049436124238,"Booster Test Vol.12"
89049436143395,"Booster Test Vol.12"
89049436055707,"Booster Test Vol.12"
89049436105700,"Booster Test Vol.12"
89049436038735,"Booster Test Vol.12"
89049436143618,"Booster Test Vol.12"
89049436111121,"Booster Test Vol.12"
89049436107367,"Booster Test Vol.12"
89049436041000,"Booster Test Vol.12"
89049436056540,"Booster Test Vol.12"
89049436128704,"Booster Test Vol.12"
89049436114181,"Booster Test Vol.12"
89049436106878,"Booster Test Vol.12"
89049436113207,"Booster Test Vol.12"
89049436115313,"Booster Test Vol.12"
89049436138421,"Booster Test Vol.12"
89049436099061,"Booster Test Vol.12"
89049436036282,"Booster Test Vol.12"
89049436129703,"Booster Test Vol.12"
89049436104229,"Booster Test Vol.12"
89049436123078,"Booster Test Vol.12"
89049436128376,"Booster Test Vol.12"
89049436036874,"Booster Test Vol.12"
89049436036162,"Booster Test Vol.12"
89049436053283,"Booster Test Vol.12"
89049436104817,"Booster Test Vol.12"
89049436039223,"Booster Test Vol.12"
89049436042153,"Booster Test Vol.12"
89049436107960,"Booster Test Vol.12"
89049436100877,"Booster Test Vol.12"
89049436122849,"Booster Test Vol.12"
89049436100837,"Booster Test Vol.12"
89049704564773,"Booster Test Vol.13"
89049704566683,"Booster Test Vol.13"
89049704435689,"Booster Test Vol.13"
89049704532692,"Booster Test Vol.13"
89049704495090,"Booster Test Vol.13"
89049704566215,"Booster Test Vol.13"
107741939101409,"Timing Tackle Test"
107741939079397,"Timing Tackle Test"
107741939088680,"Timing Tackle Test"
107741938991194,"Timing Tackle Test"
107741939121955,"Timing Tackle Test"
89050509738792,"GK Coaching Skill Test"
89050509741175,"GK Coaching Skill Test"
89050509872609,"GK Coaching Skill Test"
89050778188760,"Dortmund SG (Bundesliga Test)"
89050778237302,"Schalke BW (Bundesliga Test)"
89051046743500,"ロースクリーマー"
89051046743476,"ロースクリーマー"
89051046743561,"ロースクリーマー"
107743012830455,"ロースクリーマー"
107743012825201,"ロースクリーマー"
107743012838556,"ロースクリーマー"
107743012828553,"シャドウガーディアン"
107743012844060,"ブレイクスプリント"
107743012860984,"クイックインパクト"
90138210259211,"dummy"
90138210259180,"dummy"
90138210263185,"dummy"
90138210263302,"dummy"
90138210259191,"dummy"
90138210263452,"dummy"
90138210258002,"dummy"
90138210259184,"dummy"
90138210263497,"dummy"
90138210263973,"dummy"
90138210263571,"dummy"
90138478694667,"dummy"
90138478694636,"dummy"
90138478698641,"dummy"
90138478698758,"dummy"
90138478694647,"dummy"
90138478698908,"dummy"
90138478693458,"dummy"
90138478694640,"dummy"
90138478698953,"dummy"
90138478699429,"dummy"
90138478699027,"dummy"
90138747130123,"dummy"
90138747130092,"dummy"
90138747134097,"dummy"
90138747134214,"dummy"
90138747130103,"dummy"
90138747134364,"dummy"
90138747128914,"dummy"
90138747130096,"dummy"
90138747134409,"dummy"
90138747134885,"dummy"
90138747134483,"dummy"
107743012843158,"タップフェイク"
107743012849843,"スプリングカット"
299067699633495,"FC Barcelona 18-19（Limited）"
299067699666336,"PSG 19-20（Limited）"
299067699736622,"Manchester United 21-22（Limited）"
299067699759199,"FC Barcelona 20-21（Limited）"
299067699740219,"Juventus 20-21（Limited）"
299067699742639,"FC Bayern München 21-22（Limited）"
351843989384288,"Magic Moment Stars 21 Apr '22"
351844794741630,"Great Finishers 2 May '22"
351845063168501,"Enchanting Dribblers 9 May '22"
351845331509695,"Strong Defenders 16 May '22"
351852310831856,"European Club Championship 16 Jun '22"
351852310880035,"European Club Championship 16 Jun '22"
351852579301023,"European Masters Cup 16 Jun '22"
351852579367327,"European Masters Cup 16 Jun '22"
369436712352509,"Liverpool R 19-20（Limited）"
369436980735072,"Manchester United 20-21（Limited）"
351854726744602,"Breakout Stars Jul '22"
351854726856060,"Breakout Stars Jul '22"
370536760778144,"Big Time 12 Jun '14（Limited）"
370537029180759,"Big Time 26 Jun '14（Limited）"
387112918620463,"Brasileirão Assaí Selection 30 Nov '23"
387112918642346,"Brasileirão Assaí Selection 30 Nov '23"
387112918686546,"Brasileirão Assaí Selection 30 Nov '23"
387112918687877,"Brasileirão Assaí Selection 30 Nov '23"
387112918691723,"Brasileirão Assaí Selection 30 Nov '23"
387112918694706,"Brasileirão Assaí Selection 30 Nov '23"
387112918695895,"Brasileirão Assaí Selection 30 Nov '23"
387112918696776,"Brasileirão Assaí Selection 30 Nov '23"
387112918698787,"Brasileirão Assaí Selection 30 Nov '23"
387112918700390,"Brasileirão Assaí Selection 30 Nov '23"
387112918713172,"Brasileirão Assaí Selection 30 Nov '23"
387112650191476,"Liga BBVA MX Selection 30 Nov '23"
387112650250798,"Liga BBVA MX Selection 30 Nov '23"
387112650252751,"Liga BBVA MX Selection 30 Nov '23"
387112650255534,"Liga BBVA MX Selection 30 Nov '23"
387112650264790,"Liga BBVA MX Selection 30 Nov '23"
387112650264819,"Liga BBVA MX Selection 30 Nov '23"
387112650291540,"Liga BBVA MX Selection 30 Nov '23"
387112650291550,"Liga BBVA MX Selection 30 Nov '23"
387112650293718,"Liga BBVA MX Selection 30 Nov '23"
387112650293732,"Liga BBVA MX Selection 30 Nov '23"
387112650303325,"Liga BBVA MX Selection 30 Nov '23"
387113187125106,"Italian League Selection Midfielders 4 Dec '23"
387113187127282,"Italian League Selection Midfielders 4 Dec '23"
387113187131539,"Italian League Selection Midfielders 4 Dec '23"
387113187134317,"Italian League Selection Midfielders 4 Dec '23"
387113187136582,"Italian League Selection Midfielders 4 Dec '23"
387113187138968,"Italian League Selection Midfielders 4 Dec '23"
387113187143221,"Italian League Selection Midfielders 4 Dec '23"
387113187158919,"Italian League Selection Midfielders 4 Dec '23"
