codigo_impeto,codigo_atributo,ordem,delta_fisico,bit_delta,largura_delta,fonte_preferida,registro_origem,endereco_origem,presente_dt200,presente_dt870_original,presente_dt870_atualizacao,condicao_estado,receita_confirmada,aplicavel_agora,falta_o_que
8,PB:390:6,1,1,261,5,dt870_atualizacao,7,dt870_atualizacao · PlayerBooster.bin · registro 7 · bit 261 · largura 5,true,true,true,ausente_comprovada,true,true,
8,PB:434:6,2,1,180,5,dt870_atualizacao,7,dt870_atualizacao · PlayerBooster.bin · registro 7 · bit 180 · largura 5,true,true,true,ausente_comprovada,true,true,
8,PB:480:6,3,1,202,5,dt870_atualizacao,7,dt870_atualizacao · PlayerBooster.bin · registro 7 · bit 202 · largura 5,true,true,true,ausente_comprovada,true,true,
8,PB:454:6,4,1,234,5,dt870_atualizacao,7,dt870_atualizacao · PlayerBooster.bin · registro 7 · bit 234 · largura 5,true,true,true,ausente_comprovada,true,true,
9,PB:504:6,1,1,149,5,dt870_atualizacao,8,dt870_atualizacao · PlayerBooster.bin · registro 8 · bit 149 · largura 5,true,true,true,ausente_comprovada,true,true,
9,PB:486:6,2,1,217,5,dt870_atualizacao,8,dt870_atualizacao · PlayerBooster.bin · registro 8 · bit 217 · largura 5,true,true,true,ausente_comprovada,true,true,
9,PB:434:6,3,1,180,5,dt870_atualizacao,8,dt870_atualizacao · PlayerBooster.bin · registro 8 · bit 180 · largura 5,true,true,true,ausente_comprovada,true,true,
9,PB:480:6,4,1,202,5,dt870_atualizacao,8,dt870_atualizacao · PlayerBooster.bin · registro 8 · bit 202 · largura 5,true,true,true,ausente_comprovada,true,true,
12,PB:396:6,1,2,276,5,dt870_atualizacao,11,dt870_atualizacao · PlayerBooster.bin · registro 11 · bit 276 · largura 5,true,true,true,ausente_comprovada,true,true,
12,PB:530:6,2,2,244,5,dt870_atualizacao,11,dt870_atualizacao · PlayerBooster.bin · registro 11 · bit 244 · largura 5,true,true,true,ausente_comprovada,true,true,
12,PB:384:6,3,2,249,5,dt870_atualizacao,11,dt870_atualizacao · PlayerBooster.bin · registro 11 · bit 249 · largura 5,true,true,true,ausente_comprovada,true,true,
12,PB:518:6,4,2,175,5,dt870_atualizacao,11,dt870_atualizacao · PlayerBooster.bin · registro 11 · bit 175 · largura 5,true,true,true,ausente_comprovada,true,true,
13,PB:530:6,1,2,244,5,dt870_atualizacao,12,dt870_atualizacao · PlayerBooster.bin · registro 12 · bit 244 · largura 5,true,false,true,ausente_comprovada,true,true,
13,PB:384:6,2,2,249,5,dt870_atualizacao,12,dt870_atualizacao · PlayerBooster.bin · registro 12 · bit 249 · largura 5,true,false,true,ausente_comprovada,true,true,
13,PB:368:6,3,2,154,5,dt870_atualizacao,12,dt870_atualizacao · PlayerBooster.bin · registro 12 · bit 154 · largura 5,true,false,true,ausente_comprovada,true,true,
13,PB:428:6,4,2,185,5,dt870_atualizacao,12,dt870_atualizacao · PlayerBooster.bin · registro 12 · bit 185 · largura 5,true,false,true,ausente_comprovada,true,true,
14,PB:530:6,1,2,244,5,dt870_atualizacao,13,dt870_atualizacao · PlayerBooster.bin · registro 13 · bit 244 · largura 5,true,true,true,ausente_comprovada,true,true,
14,PB:402:6,2,2,281,5,dt870_atualizacao,13,dt870_atualizacao · PlayerBooster.bin · registro 13 · bit 281 · largura 5,true,true,true,ausente_comprovada,true,true,
14,PB:408:6,3,2,160,5,dt870_atualizacao,13,dt870_atualizacao · PlayerBooster.bin · registro 13 · bit 160 · largura 5,true,true,true,ausente_comprovada,true,true,
14,PB:518:6,4,2,175,5,dt870_atualizacao,13,dt870_atualizacao · PlayerBooster.bin · registro 13 · bit 175 · largura 5,true,true,true,ausente_comprovada,true,true,
15,PB:384:6,1,2,249,5,dt870_atualizacao,14,dt870_atualizacao · PlayerBooster.bin · registro 14 · bit 249 · largura 5,true,false,true,ausente_comprovada,true,true,
15,PB:448:6,2,2,229,5,dt870_atualizacao,14,dt870_atualizacao · PlayerBooster.bin · registro 14 · bit 229 · largura 5,true,false,true,ausente_comprovada,true,true,
15,PB:524:6,3,2,122,5,dt870_atualizacao,14,dt870_atualizacao · PlayerBooster.bin · registro 14 · bit 122 · largura 5,true,false,true,ausente_comprovada,true,true,
15,PB:428:6,4,2,185,5,dt870_atualizacao,14,dt870_atualizacao · PlayerBooster.bin · registro 14 · bit 185 · largura 5,true,false,true,ausente_comprovada,true,true,
16,PB:504:6,1,2,149,5,dt870_atualizacao,15,dt870_atualizacao · PlayerBooster.bin · registro 15 · bit 149 · largura 5,true,true,true,ausente_comprovada,true,true,
16,PB:492:6,2,2,239,5,dt870_atualizacao,15,dt870_atualizacao · PlayerBooster.bin · registro 15 · bit 239 · largura 5,true,true,true,ausente_comprovada,true,true,
16,PB:434:6,3,2,180,5,dt870_atualizacao,15,dt870_atualizacao · PlayerBooster.bin · registro 15 · bit 180 · largura 5,true,true,true,ausente_comprovada,true,true,
16,PB:550:6,4,2,271,5,dt870_atualizacao,15,dt870_atualizacao · PlayerBooster.bin · registro 15 · bit 271 · largura 5,true,true,true,ausente_comprovada,true,true,
17,PB:396:6,1,2,276,5,dt870_atualizacao,16,dt870_atualizacao · PlayerBooster.bin · registro 16 · bit 276 · largura 5,true,false,true,ausente_comprovada,true,true,
17,PB:492:6,2,2,239,5,dt870_atualizacao,16,dt870_atualizacao · PlayerBooster.bin · registro 16 · bit 239 · largura 5,true,false,true,ausente_comprovada,true,true,
17,PB:524:6,3,2,122,5,dt870_atualizacao,16,dt870_atualizacao · PlayerBooster.bin · registro 16 · bit 122 · largura 5,true,false,true,ausente_comprovada,true,true,
17,PB:550:6,4,2,271,5,dt870_atualizacao,16,dt870_atualizacao · PlayerBooster.bin · registro 16 · bit 271 · largura 5,true,false,true,ausente_comprovada,true,true,
18,PB:390:6,1,2,261,5,dt870_atualizacao,17,dt870_atualizacao · PlayerBooster.bin · registro 17 · bit 261 · largura 5,true,false,true,ausente_comprovada,true,true,
18,PB:486:6,2,2,217,5,dt870_atualizacao,17,dt870_atualizacao · PlayerBooster.bin · registro 17 · bit 217 · largura 5,true,false,true,ausente_comprovada,true,true,
18,PB:408:6,3,2,160,5,dt870_atualizacao,17,dt870_atualizacao · PlayerBooster.bin · registro 17 · bit 160 · largura 5,true,false,true,ausente_comprovada,true,true,
18,PB:454:6,4,2,234,5,dt870_atualizacao,17,dt870_atualizacao · PlayerBooster.bin · registro 17 · bit 234 · largura 5,true,false,true,ausente_comprovada,true,true,
19,PB:390:6,1,2,261,5,dt870_atualizacao,18,dt870_atualizacao · PlayerBooster.bin · registro 18 · bit 261 · largura 5,true,true,true,ausente_comprovada,true,true,
19,PB:434:6,2,2,180,5,dt870_atualizacao,18,dt870_atualizacao · PlayerBooster.bin · registro 18 · bit 180 · largura 5,true,true,true,ausente_comprovada,true,true,
19,PB:480:6,3,2,202,5,dt870_atualizacao,18,dt870_atualizacao · PlayerBooster.bin · registro 18 · bit 202 · largura 5,true,true,true,ausente_comprovada,true,true,
19,PB:454:6,4,2,234,5,dt870_atualizacao,18,dt870_atualizacao · PlayerBooster.bin · registro 18 · bit 234 · largura 5,true,true,true,ausente_comprovada,true,true,
20,PB:504:6,1,2,149,5,dt870_atualizacao,19,dt870_atualizacao · PlayerBooster.bin · registro 19 · bit 149 · largura 5,true,false,true,ausente_comprovada,true,true,
20,PB:486:6,2,2,217,5,dt870_atualizacao,19,dt870_atualizacao · PlayerBooster.bin · registro 19 · bit 217 · largura 5,true,false,true,ausente_comprovada,true,true,
20,PB:434:6,3,2,180,5,dt870_atualizacao,19,dt870_atualizacao · PlayerBooster.bin · registro 19 · bit 180 · largura 5,true,false,true,ausente_comprovada,true,true,
20,PB:480:6,4,2,202,5,dt870_atualizacao,19,dt870_atualizacao · PlayerBooster.bin · registro 19 · bit 202 · largura 5,true,false,true,ausente_comprovada,true,true,
21,PB:504:6,1,2,149,5,dt870_atualizacao,20,dt870_atualizacao · PlayerBooster.bin · registro 20 · bit 149 · largura 5,true,false,true,ausente_comprovada,true,true,
21,PB:408:6,2,2,160,5,dt870_atualizacao,20,dt870_atualizacao · PlayerBooster.bin · registro 20 · bit 160 · largura 5,true,false,true,ausente_comprovada,true,true,
21,PB:518:6,3,2,175,5,dt870_atualizacao,20,dt870_atualizacao · PlayerBooster.bin · registro 20 · bit 175 · largura 5,true,false,true,ausente_comprovada,true,true,
21,PB:480:6,4,2,202,5,dt870_atualizacao,20,dt870_atualizacao · PlayerBooster.bin · registro 20 · bit 202 · largura 5,true,false,true,ausente_comprovada,true,true,
22,PB:416:6,1,2,165,5,dt870_atualizacao,21,dt870_atualizacao · PlayerBooster.bin · registro 21 · bit 165 · largura 5,true,false,true,ausente_comprovada,true,true,
22,PB:472:6,3,2,,5,dt870_atualizacao,21,dt870_atualizacao · PlayerBooster.bin · registro 21 · conjunto GK bits 192/197/256,true,false,true,ausente_comprovada,false,false,permutacao_semantica_dos_tres_campos_gk
22,PB:466:6,2,2,,5,dt870_atualizacao,21,dt870_atualizacao · PlayerBooster.bin · registro 21 · conjunto GK bits 192/197/256,true,false,true,ausente_comprovada,false,false,permutacao_semantica_dos_tres_campos_gk
22,PB:460:6,4,2,,5,dt870_atualizacao,21,dt870_atualizacao · PlayerBooster.bin · registro 21 · conjunto GK bits 192/197/256,true,false,true,ausente_comprovada,false,false,permutacao_semantica_dos_tres_campos_gk
23,PB:396:6,1,3,276,5,dt870_atualizacao,22,dt870_atualizacao · PlayerBooster.bin · registro 22 · bit 276 · largura 5,true,false,true,ausente_comprovada,true,true,
23,PB:530:6,2,3,244,5,dt870_atualizacao,22,dt870_atualizacao · PlayerBooster.bin · registro 22 · bit 244 · largura 5,true,false,true,ausente_comprovada,true,true,
23,PB:384:6,3,3,249,5,dt870_atualizacao,22,dt870_atualizacao · PlayerBooster.bin · registro 22 · bit 249 · largura 5,true,false,true,ausente_comprovada,true,true,
23,PB:518:6,4,3,175,5,dt870_atualizacao,22,dt870_atualizacao · PlayerBooster.bin · registro 22 · bit 175 · largura 5,true,false,true,ausente_comprovada,true,true,
24,PB:530:6,1,3,244,5,dt870_atualizacao,23,dt870_atualizacao · PlayerBooster.bin · registro 23 · bit 244 · largura 5,true,true,true,ausente_comprovada,true,true,
24,PB:384:6,2,3,249,5,dt870_atualizacao,23,dt870_atualizacao · PlayerBooster.bin · registro 23 · bit 249 · largura 5,true,true,true,ausente_comprovada,true,true,
24,PB:368:6,3,3,154,5,dt870_atualizacao,23,dt870_atualizacao · PlayerBooster.bin · registro 23 · bit 154 · largura 5,true,true,true,ausente_comprovada,true,true,
24,PB:428:6,4,3,185,5,dt870_atualizacao,23,dt870_atualizacao · PlayerBooster.bin · registro 23 · bit 185 · largura 5,true,true,true,ausente_comprovada,true,true,
25,PB:530:6,1,3,244,5,dt870_atualizacao,24,dt870_atualizacao · PlayerBooster.bin · registro 24 · bit 244 · largura 5,true,false,true,ausente_comprovada,true,true,
25,PB:402:6,2,3,281,5,dt870_atualizacao,24,dt870_atualizacao · PlayerBooster.bin · registro 24 · bit 281 · largura 5,true,false,true,ausente_comprovada,true,true,
25,PB:408:6,3,3,160,5,dt870_atualizacao,24,dt870_atualizacao · PlayerBooster.bin · registro 24 · bit 160 · largura 5,true,false,true,ausente_comprovada,true,true,
25,PB:518:6,4,3,175,5,dt870_atualizacao,24,dt870_atualizacao · PlayerBooster.bin · registro 24 · bit 175 · largura 5,true,false,true,ausente_comprovada,true,true,
26,PB:384:6,1,3,249,5,dt870_atualizacao,25,dt870_atualizacao · PlayerBooster.bin · registro 25 · bit 249 · largura 5,true,false,true,ausente_comprovada,true,true,
26,PB:448:6,2,3,229,5,dt870_atualizacao,25,dt870_atualizacao · PlayerBooster.bin · registro 25 · bit 229 · largura 5,true,false,true,ausente_comprovada,true,true,
26,PB:524:6,3,3,122,5,dt870_atualizacao,25,dt870_atualizacao · PlayerBooster.bin · registro 25 · bit 122 · largura 5,true,false,true,ausente_comprovada,true,true,
26,PB:428:6,4,3,185,5,dt870_atualizacao,25,dt870_atualizacao · PlayerBooster.bin · registro 25 · bit 185 · largura 5,true,false,true,ausente_comprovada,true,true,
27,PB:504:6,1,3,149,5,dt870_atualizacao,26,dt870_atualizacao · PlayerBooster.bin · registro 26 · bit 149 · largura 5,true,false,true,ausente_comprovada,true,true,
27,PB:492:6,2,3,239,5,dt870_atualizacao,26,dt870_atualizacao · PlayerBooster.bin · registro 26 · bit 239 · largura 5,true,false,true,ausente_comprovada,true,true,
27,PB:434:6,3,3,180,5,dt870_atualizacao,26,dt870_atualizacao · PlayerBooster.bin · registro 26 · bit 180 · largura 5,true,false,true,ausente_comprovada,true,true,
27,PB:550:6,4,3,271,5,dt870_atualizacao,26,dt870_atualizacao · PlayerBooster.bin · registro 26 · bit 271 · largura 5,true,false,true,ausente_comprovada,true,true,
28,PB:396:6,1,3,276,5,dt870_atualizacao,27,dt870_atualizacao · PlayerBooster.bin · registro 27 · bit 276 · largura 5,true,false,true,ausente_comprovada,true,true,
28,PB:492:6,2,3,239,5,dt870_atualizacao,27,dt870_atualizacao · PlayerBooster.bin · registro 27 · bit 239 · largura 5,true,false,true,ausente_comprovada,true,true,
28,PB:524:6,3,3,122,5,dt870_atualizacao,27,dt870_atualizacao · PlayerBooster.bin · registro 27 · bit 122 · largura 5,true,false,true,ausente_comprovada,true,true,
28,PB:550:6,4,3,271,5,dt870_atualizacao,27,dt870_atualizacao · PlayerBooster.bin · registro 27 · bit 271 · largura 5,true,false,true,ausente_comprovada,true,true,
29,PB:390:6,1,3,261,5,dt870_atualizacao,28,dt870_atualizacao · PlayerBooster.bin · registro 28 · bit 261 · largura 5,true,true,true,ausente_comprovada,true,true,
29,PB:486:6,2,3,217,5,dt870_atualizacao,28,dt870_atualizacao · PlayerBooster.bin · registro 28 · bit 217 · largura 5,true,true,true,ausente_comprovada,true,true,
29,PB:408:6,3,3,160,5,dt870_atualizacao,28,dt870_atualizacao · PlayerBooster.bin · registro 28 · bit 160 · largura 5,true,true,true,ausente_comprovada,true,true,
29,PB:454:6,4,3,234,5,dt870_atualizacao,28,dt870_atualizacao · PlayerBooster.bin · registro 28 · bit 234 · largura 5,true,true,true,ausente_comprovada,true,true,
30,PB:390:6,1,3,261,5,dt870_atualizacao,29,dt870_atualizacao · PlayerBooster.bin · registro 29 · bit 261 · largura 5,true,false,true,ausente_comprovada,true,true,
30,PB:434:6,2,3,180,5,dt870_atualizacao,29,dt870_atualizacao · PlayerBooster.bin · registro 29 · bit 180 · largura 5,true,false,true,ausente_comprovada,true,true,
30,PB:480:6,3,3,202,5,dt870_atualizacao,29,dt870_atualizacao · PlayerBooster.bin · registro 29 · bit 202 · largura 5,true,false,true,ausente_comprovada,true,true,
30,PB:454:6,4,3,234,5,dt870_atualizacao,29,dt870_atualizacao · PlayerBooster.bin · registro 29 · bit 234 · largura 5,true,false,true,ausente_comprovada,true,true,
31,PB:504:6,1,3,149,5,dt870_atualizacao,30,dt870_atualizacao · PlayerBooster.bin · registro 30 · bit 149 · largura 5,true,false,true,ausente_comprovada,true,true,
31,PB:486:6,2,3,217,5,dt870_atualizacao,30,dt870_atualizacao · PlayerBooster.bin · registro 30 · bit 217 · largura 5,true,false,true,ausente_comprovada,true,true,
31,PB:434:6,3,3,180,5,dt870_atualizacao,30,dt870_atualizacao · PlayerBooster.bin · registro 30 · bit 180 · largura 5,true,false,true,ausente_comprovada,true,true,
31,PB:480:6,4,3,202,5,dt870_atualizacao,30,dt870_atualizacao · PlayerBooster.bin · registro 30 · bit 202 · largura 5,true,false,true,ausente_comprovada,true,true,
32,PB:504:6,1,3,149,5,dt870_atualizacao,31,dt870_atualizacao · PlayerBooster.bin · registro 31 · bit 149 · largura 5,true,true,true,ausente_comprovada,true,true,
32,PB:408:6,2,3,160,5,dt870_atualizacao,31,dt870_atualizacao · PlayerBooster.bin · registro 31 · bit 160 · largura 5,true,true,true,ausente_comprovada,true,true,
32,PB:518:6,3,3,175,5,dt870_atualizacao,31,dt870_atualizacao · PlayerBooster.bin · registro 31 · bit 175 · largura 5,true,true,true,ausente_comprovada,true,true,
32,PB:480:6,4,3,202,5,dt870_atualizacao,31,dt870_atualizacao · PlayerBooster.bin · registro 31 · bit 202 · largura 5,true,true,true,ausente_comprovada,true,true,
33,PB:416:6,1,3,165,5,dt870_atualizacao,32,dt870_atualizacao · PlayerBooster.bin · registro 32 · bit 165 · largura 5,true,true,true,ausente_comprovada,true,true,
33,PB:472:6,3,3,,5,dt870_atualizacao,32,dt870_atualizacao · PlayerBooster.bin · registro 32 · conjunto GK bits 192/197/256,true,true,true,ausente_comprovada,false,false,permutacao_semantica_dos_tres_campos_gk
33,PB:466:6,2,3,,5,dt870_atualizacao,32,dt870_atualizacao · PlayerBooster.bin · registro 32 · conjunto GK bits 192/197/256,true,true,true,ausente_comprovada,false,false,permutacao_semantica_dos_tres_campos_gk
33,PB:460:6,4,3,,5,dt870_atualizacao,32,dt870_atualizacao · PlayerBooster.bin · registro 32 · conjunto GK bits 192/197/256,true,true,true,ausente_comprovada,false,false,permutacao_semantica_dos_tres_campos_gk
34,PB:396:6,1,4,276,5,dt870_atualizacao,33,dt870_atualizacao · PlayerBooster.bin · registro 33 · bit 276 · largura 5,true,true,true,ausente_comprovada,true,true,
34,PB:530:6,2,4,244,5,dt870_atualizacao,33,dt870_atualizacao · PlayerBooster.bin · registro 33 · bit 244 · largura 5,true,true,true,ausente_comprovada,true,true,
34,PB:384:6,3,4,249,5,dt870_atualizacao,33,dt870_atualizacao · PlayerBooster.bin · registro 33 · bit 249 · largura 5,true,true,true,ausente_comprovada,true,true,
34,PB:518:6,4,4,175,5,dt870_atualizacao,33,dt870_atualizacao · PlayerBooster.bin · registro 33 · bit 175 · largura 5,true,true,true,ausente_comprovada,true,true,
36,PB:530:6,1,4,244,5,dt870_atualizacao,35,dt870_atualizacao · PlayerBooster.bin · registro 35 · bit 244 · largura 5,true,false,true,ausente_comprovada,true,true,
36,PB:402:6,2,4,281,5,dt870_atualizacao,35,dt870_atualizacao · PlayerBooster.bin · registro 35 · bit 281 · largura 5,true,false,true,ausente_comprovada,true,true,
36,PB:408:6,3,4,160,5,dt870_atualizacao,35,dt870_atualizacao · PlayerBooster.bin · registro 35 · bit 160 · largura 5,true,false,true,ausente_comprovada,true,true,
36,PB:518:6,4,4,175,5,dt870_atualizacao,35,dt870_atualizacao · PlayerBooster.bin · registro 35 · bit 175 · largura 5,true,false,true,ausente_comprovada,true,true,
37,PB:384:6,1,4,249,5,dt870_atualizacao,36,dt870_atualizacao · PlayerBooster.bin · registro 36 · bit 249 · largura 5,true,false,true,ausente_comprovada,true,true,
37,PB:448:6,2,4,229,5,dt870_atualizacao,36,dt870_atualizacao · PlayerBooster.bin · registro 36 · bit 229 · largura 5,true,false,true,ausente_comprovada,true,true,
37,PB:524:6,3,4,122,5,dt870_atualizacao,36,dt870_atualizacao · PlayerBooster.bin · registro 36 · bit 122 · largura 5,true,false,true,ausente_comprovada,true,true,
37,PB:428:6,4,4,185,5,dt870_atualizacao,36,dt870_atualizacao · PlayerBooster.bin · registro 36 · bit 185 · largura 5,true,false,true,ausente_comprovada,true,true,
38,PB:504:6,1,4,149,5,dt870_atualizacao,37,dt870_atualizacao · PlayerBooster.bin · registro 37 · bit 149 · largura 5,true,false,true,ausente_comprovada,true,true,
38,PB:492:6,2,4,239,5,dt870_atualizacao,37,dt870_atualizacao · PlayerBooster.bin · registro 37 · bit 239 · largura 5,true,false,true,ausente_comprovada,true,true,
38,PB:434:6,3,4,180,5,dt870_atualizacao,37,dt870_atualizacao · PlayerBooster.bin · registro 37 · bit 180 · largura 5,true,false,true,ausente_comprovada,true,true,
38,PB:550:6,4,4,271,5,dt870_atualizacao,37,dt870_atualizacao · PlayerBooster.bin · registro 37 · bit 271 · largura 5,true,false,true,ausente_comprovada,true,true,
39,PB:396:6,1,4,276,5,dt870_atualizacao,38,dt870_atualizacao · PlayerBooster.bin · registro 38 · bit 276 · largura 5,true,true,true,ausente_comprovada,true,true,
39,PB:492:6,2,4,239,5,dt870_atualizacao,38,dt870_atualizacao · PlayerBooster.bin · registro 38 · bit 239 · largura 5,true,true,true,ausente_comprovada,true,true,
39,PB:524:6,3,4,122,5,dt870_atualizacao,38,dt870_atualizacao · PlayerBooster.bin · registro 38 · bit 122 · largura 5,true,true,true,ausente_comprovada,true,true,
39,PB:550:6,4,4,271,5,dt870_atualizacao,38,dt870_atualizacao · PlayerBooster.bin · registro 38 · bit 271 · largura 5,true,true,true,ausente_comprovada,true,true,
40,PB:390:6,1,4,261,5,dt870_atualizacao,39,dt870_atualizacao · PlayerBooster.bin · registro 39 · bit 261 · largura 5,true,false,true,ausente_comprovada,true,true,
40,PB:486:6,2,4,217,5,dt870_atualizacao,39,dt870_atualizacao · PlayerBooster.bin · registro 39 · bit 217 · largura 5,true,false,true,ausente_comprovada,true,true,
40,PB:408:6,3,4,160,5,dt870_atualizacao,39,dt870_atualizacao · PlayerBooster.bin · registro 39 · bit 160 · largura 5,true,false,true,ausente_comprovada,true,true,
40,PB:454:6,4,4,234,5,dt870_atualizacao,39,dt870_atualizacao · PlayerBooster.bin · registro 39 · bit 234 · largura 5,true,false,true,ausente_comprovada,true,true,
41,PB:390:6,1,4,261,5,dt870_atualizacao,40,dt870_atualizacao · PlayerBooster.bin · registro 40 · bit 261 · largura 5,true,false,true,ausente_comprovada,true,true,
41,PB:434:6,2,4,180,5,dt870_atualizacao,40,dt870_atualizacao · PlayerBooster.bin · registro 40 · bit 180 · largura 5,true,false,true,ausente_comprovada,true,true,
41,PB:480:6,3,4,202,5,dt870_atualizacao,40,dt870_atualizacao · PlayerBooster.bin · registro 40 · bit 202 · largura 5,true,false,true,ausente_comprovada,true,true,
41,PB:454:6,4,4,234,5,dt870_atualizacao,40,dt870_atualizacao · PlayerBooster.bin · registro 40 · bit 234 · largura 5,true,false,true,ausente_comprovada,true,true,
42,PB:504:6,1,4,149,5,dt870_atualizacao,41,dt870_atualizacao · PlayerBooster.bin · registro 41 · bit 149 · largura 5,true,false,true,ausente_comprovada,true,true,
42,PB:486:6,2,4,217,5,dt870_atualizacao,41,dt870_atualizacao · PlayerBooster.bin · registro 41 · bit 217 · largura 5,true,false,true,ausente_comprovada,true,true,
42,PB:434:6,3,4,180,5,dt870_atualizacao,41,dt870_atualizacao · PlayerBooster.bin · registro 41 · bit 180 · largura 5,true,false,true,ausente_comprovada,true,true,
42,PB:480:6,4,4,202,5,dt870_atualizacao,41,dt870_atualizacao · PlayerBooster.bin · registro 41 · bit 202 · largura 5,true,false,true,ausente_comprovada,true,true,
44,PB:416:6,1,4,165,5,dt870_atualizacao,43,dt870_atualizacao · PlayerBooster.bin · registro 43 · bit 165 · largura 5,true,true,true,ausente_comprovada,true,true,
44,PB:472:6,3,4,,5,dt870_atualizacao,43,dt870_atualizacao · PlayerBooster.bin · registro 43 · conjunto GK bits 192/197/256,true,true,true,ausente_comprovada,false,false,permutacao_semantica_dos_tres_campos_gk
44,PB:466:6,2,4,,5,dt870_atualizacao,43,dt870_atualizacao · PlayerBooster.bin · registro 43 · conjunto GK bits 192/197/256,true,true,true,ausente_comprovada,false,false,permutacao_semantica_dos_tres_campos_gk
44,PB:460:6,4,4,,5,dt870_atualizacao,43,dt870_atualizacao · PlayerBooster.bin · registro 43 · conjunto GK bits 192/197/256,true,true,true,ausente_comprovada,false,false,permutacao_semantica_dos_tres_campos_gk
45,PB:396:6,1,5,276,5,dt870_atualizacao,44,dt870_atualizacao · PlayerBooster.bin · registro 44 · bit 276 · largura 5,true,false,true,ausente_comprovada,true,true,
45,PB:530:6,2,5,244,5,dt870_atualizacao,44,dt870_atualizacao · PlayerBooster.bin · registro 44 · bit 244 · largura 5,true,false,true,ausente_comprovada,true,true,
45,PB:384:6,3,5,249,5,dt870_atualizacao,44,dt870_atualizacao · PlayerBooster.bin · registro 44 · bit 249 · largura 5,true,false,true,ausente_comprovada,true,true,
45,PB:518:6,4,5,175,5,dt870_atualizacao,44,dt870_atualizacao · PlayerBooster.bin · registro 44 · bit 175 · largura 5,true,false,true,ausente_comprovada,true,true,
49,PB:504:6,1,5,149,5,dt870_atualizacao,48,dt870_atualizacao · PlayerBooster.bin · registro 48 · bit 149 · largura 5,true,true,true,ausente_comprovada,true,true,
49,PB:492:6,2,5,239,5,dt870_atualizacao,48,dt870_atualizacao · PlayerBooster.bin · registro 48 · bit 239 · largura 5,true,true,true,ausente_comprovada,true,true,
49,PB:434:6,3,5,180,5,dt870_atualizacao,48,dt870_atualizacao · PlayerBooster.bin · registro 48 · bit 180 · largura 5,true,true,true,ausente_comprovada,true,true,
49,PB:550:6,4,5,271,5,dt870_atualizacao,48,dt870_atualizacao · PlayerBooster.bin · registro 48 · bit 271 · largura 5,true,true,true,ausente_comprovada,true,true,
50,PB:396:6,1,5,276,5,dt870_atualizacao,49,dt870_atualizacao · PlayerBooster.bin · registro 49 · bit 276 · largura 5,true,false,true,ausente_comprovada,true,true,
50,PB:492:6,2,5,239,5,dt870_atualizacao,49,dt870_atualizacao · PlayerBooster.bin · registro 49 · bit 239 · largura 5,true,false,true,ausente_comprovada,true,true,
50,PB:524:6,3,5,122,5,dt870_atualizacao,49,dt870_atualizacao · PlayerBooster.bin · registro 49 · bit 122 · largura 5,true,false,true,ausente_comprovada,true,true,
50,PB:550:6,4,5,271,5,dt870_atualizacao,49,dt870_atualizacao · PlayerBooster.bin · registro 49 · bit 271 · largura 5,true,false,true,ausente_comprovada,true,true,
56,PB:486:6,1,4,217,5,dt870_atualizacao,55,dt870_atualizacao · PlayerBooster.bin · registro 55 · bit 217 · largura 5,true,false,true,ausente_comprovada,true,true,
56,PB:530:6,2,4,244,5,dt870_atualizacao,55,dt870_atualizacao · PlayerBooster.bin · registro 55 · bit 244 · largura 5,true,false,true,ausente_comprovada,true,true,
56,PB:402:6,3,4,281,5,dt870_atualizacao,55,dt870_atualizacao · PlayerBooster.bin · registro 55 · bit 281 · largura 5,true,false,true,ausente_comprovada,true,true,
56,PB:434:6,4,4,180,5,dt870_atualizacao,55,dt870_atualizacao · PlayerBooster.bin · registro 55 · bit 180 · largura 5,true,false,true,ausente_comprovada,true,true,
57,PB:492:6,1,4,239,5,dt870_atualizacao,56,dt870_atualizacao · PlayerBooster.bin · registro 56 · bit 239 · largura 5,true,false,true,ausente_comprovada,true,true,
57,PB:530:6,2,4,244,5,dt870_atualizacao,56,dt870_atualizacao · PlayerBooster.bin · registro 56 · bit 244 · largura 5,true,false,true,ausente_comprovada,true,true,
57,PB:384:6,3,4,249,5,dt870_atualizacao,56,dt870_atualizacao · PlayerBooster.bin · registro 56 · bit 249 · largura 5,true,false,true,ausente_comprovada,true,true,
57,PB:524:6,4,4,122,5,dt870_atualizacao,56,dt870_atualizacao · PlayerBooster.bin · registro 56 · bit 122 · largura 5,true,false,true,ausente_comprovada,true,true,
58,PB:504:6,1,4,149,5,dt870_atualizacao,57,dt870_atualizacao · PlayerBooster.bin · registro 57 · bit 149 · largura 5,true,false,true,ausente_comprovada,true,true,
58,PB:492:6,2,4,239,5,dt870_atualizacao,57,dt870_atualizacao · PlayerBooster.bin · registro 57 · bit 239 · largura 5,true,false,true,ausente_comprovada,true,true,
58,PB:518:6,3,4,175,5,dt870_atualizacao,57,dt870_atualizacao · PlayerBooster.bin · registro 57 · bit 175 · largura 5,true,false,true,ausente_comprovada,true,true,
58,PB:550:6,4,4,271,5,dt870_atualizacao,57,dt870_atualizacao · PlayerBooster.bin · registro 57 · bit 271 · largura 5,true,false,true,ausente_comprovada,true,true,
64,PB:498:6,1,1,144,5,dt870_atualizacao,63,dt870_atualizacao · PlayerBooster.bin · registro 63 · bit 144 · largura 5,true,true,true,ausente_comprovada,true,true,
64,PB:396:6,2,1,276,5,dt870_atualizacao,63,dt870_atualizacao · PlayerBooster.bin · registro 63 · bit 276 · largura 5,true,true,true,ausente_comprovada,true,true,
64,PB:486:6,3,1,217,5,dt870_atualizacao,63,dt870_atualizacao · PlayerBooster.bin · registro 63 · bit 217 · largura 5,true,true,true,ausente_comprovada,true,true,
64,PB:530:6,4,1,244,5,dt870_atualizacao,63,dt870_atualizacao · PlayerBooster.bin · registro 63 · bit 244 · largura 5,true,true,true,ausente_comprovada,true,true,
69,PB:396:6,1,1,276,5,dt870_atualizacao,68,dt870_atualizacao · PlayerBooster.bin · registro 68 · bit 276 · largura 5,true,true,true,ausente_comprovada,true,true,
69,PB:504:6,2,1,149,5,dt870_atualizacao,68,dt870_atualizacao · PlayerBooster.bin · registro 68 · bit 149 · largura 5,true,true,true,ausente_comprovada,true,true,
69,PB:492:6,3,1,239,5,dt870_atualizacao,68,dt870_atualizacao · PlayerBooster.bin · registro 68 · bit 239 · largura 5,true,true,true,ausente_comprovada,true,true,
69,PB:530:6,4,1,244,5,dt870_atualizacao,68,dt870_atualizacao · PlayerBooster.bin · registro 68 · bit 244 · largura 5,true,true,true,ausente_comprovada,true,true,
70,PB:498:6,1,2,144,5,dt870_atualizacao,69,dt870_atualizacao · PlayerBooster.bin · registro 69 · bit 144 · largura 5,true,false,true,ausente_comprovada,true,true,
70,PB:396:6,2,2,276,5,dt870_atualizacao,69,dt870_atualizacao · PlayerBooster.bin · registro 69 · bit 276 · largura 5,true,false,true,ausente_comprovada,true,true,
70,PB:486:6,3,2,217,5,dt870_atualizacao,69,dt870_atualizacao · PlayerBooster.bin · registro 69 · bit 217 · largura 5,true,false,true,ausente_comprovada,true,true,
70,PB:530:6,4,2,244,5,dt870_atualizacao,69,dt870_atualizacao · PlayerBooster.bin · registro 69 · bit 244 · largura 5,true,false,true,ausente_comprovada,true,true,
71,PB:390:6,1,2,261,5,dt870_atualizacao,70,dt870_atualizacao · PlayerBooster.bin · registro 70 · bit 261 · largura 5,true,false,true,ausente_comprovada,true,true,
71,PB:544:6,2,2,266,5,dt870_atualizacao,70,dt870_atualizacao · PlayerBooster.bin · registro 70 · bit 266 · largura 5,true,false,true,ausente_comprovada,true,true,
71,PB:434:6,3,2,180,5,dt870_atualizacao,70,dt870_atualizacao · PlayerBooster.bin · registro 70 · bit 180 · largura 5,true,false,true,ausente_comprovada,true,true,
71,PB:454:6,4,2,234,5,dt870_atualizacao,70,dt870_atualizacao · PlayerBooster.bin · registro 70 · bit 234 · largura 5,true,false,true,ausente_comprovada,true,true,
72,PB:512:6,1,2,170,5,dt870_atualizacao,71,dt870_atualizacao · PlayerBooster.bin · registro 71 · bit 170 · largura 5,true,false,true,ausente_comprovada,true,true,
72,PB:486:6,2,2,217,5,dt870_atualizacao,71,dt870_atualizacao · PlayerBooster.bin · registro 71 · bit 217 · largura 5,true,false,true,ausente_comprovada,true,true,
72,PB:518:6,3,2,175,5,dt870_atualizacao,71,dt870_atualizacao · PlayerBooster.bin · registro 71 · bit 175 · largura 5,true,false,true,ausente_comprovada,true,true,
72,PB:480:6,4,2,202,5,dt870_atualizacao,71,dt870_atualizacao · PlayerBooster.bin · registro 71 · bit 202 · largura 5,true,false,true,ausente_comprovada,true,true,
73,PB:422:6,2,2,224,5,dt870_atualizacao,72,dt870_atualizacao · PlayerBooster.bin · registro 72 · bit 224 · largura 5,true,false,true,ausente_comprovada,true,true,
73,PB:472:6,3,2,,5,dt870_atualizacao,72,dt870_atualizacao · PlayerBooster.bin · registro 72 · conjunto GK bits 192/197/256,true,false,true,ausente_comprovada,false,false,permutacao_semantica_dos_tres_campos_gk
73,PB:466:6,1,2,,5,dt870_atualizacao,72,dt870_atualizacao · PlayerBooster.bin · registro 72 · conjunto GK bits 192/197/256,true,false,true,ausente_comprovada,false,false,permutacao_semantica_dos_tres_campos_gk
73,PB:460:6,4,2,,5,dt870_atualizacao,72,dt870_atualizacao · PlayerBooster.bin · registro 72 · conjunto GK bits 192/197/256,true,false,true,ausente_comprovada,false,false,permutacao_semantica_dos_tres_campos_gk
74,PB:448:6,1,2,229,5,dt870_atualizacao,73,dt870_atualizacao · PlayerBooster.bin · registro 73 · bit 229 · largura 5,true,true,true,ausente_comprovada,true,true,
74,PB:434:6,2,2,180,5,dt870_atualizacao,73,dt870_atualizacao · PlayerBooster.bin · registro 73 · bit 180 · largura 5,true,true,true,ausente_comprovada,true,true,
74,PB:480:6,3,2,202,5,dt870_atualizacao,73,dt870_atualizacao · PlayerBooster.bin · registro 73 · bit 202 · largura 5,true,true,true,ausente_comprovada,true,true,
74,PB:428:6,4,2,185,5,dt870_atualizacao,73,dt870_atualizacao · PlayerBooster.bin · registro 73 · bit 185 · largura 5,true,true,true,ausente_comprovada,true,true,
75,PB:396:6,1,2,276,5,dt870_atualizacao,74,dt870_atualizacao · PlayerBooster.bin · registro 74 · bit 276 · largura 5,true,false,true,ausente_comprovada,true,true,
75,PB:504:6,2,2,149,5,dt870_atualizacao,74,dt870_atualizacao · PlayerBooster.bin · registro 74 · bit 149 · largura 5,true,false,true,ausente_comprovada,true,true,
75,PB:492:6,3,2,239,5,dt870_atualizacao,74,dt870_atualizacao · PlayerBooster.bin · registro 74 · bit 239 · largura 5,true,false,true,ausente_comprovada,true,true,
75,PB:530:6,4,2,244,5,dt870_atualizacao,74,dt870_atualizacao · PlayerBooster.bin · registro 74 · bit 244 · largura 5,true,false,true,ausente_comprovada,true,true,
76,PB:498:6,1,3,144,5,dt870_atualizacao,75,dt870_atualizacao · PlayerBooster.bin · registro 75 · bit 144 · largura 5,true,false,true,ausente_comprovada,true,true,
76,PB:396:6,2,3,276,5,dt870_atualizacao,75,dt870_atualizacao · PlayerBooster.bin · registro 75 · bit 276 · largura 5,true,false,true,ausente_comprovada,true,true,
76,PB:486:6,3,3,217,5,dt870_atualizacao,75,dt870_atualizacao · PlayerBooster.bin · registro 75 · bit 217 · largura 5,true,false,true,ausente_comprovada,true,true,
76,PB:530:6,4,3,244,5,dt870_atualizacao,75,dt870_atualizacao · PlayerBooster.bin · registro 75 · bit 244 · largura 5,true,false,true,ausente_comprovada,true,true,
77,PB:390:6,1,3,261,5,dt870_atualizacao,76,dt870_atualizacao · PlayerBooster.bin · registro 76 · bit 261 · largura 5,true,false,true,ausente_comprovada,true,true,
77,PB:544:6,2,3,266,5,dt870_atualizacao,76,dt870_atualizacao · PlayerBooster.bin · registro 76 · bit 266 · largura 5,true,false,true,ausente_comprovada,true,true,
77,PB:434:6,3,3,180,5,dt870_atualizacao,76,dt870_atualizacao · PlayerBooster.bin · registro 76 · bit 180 · largura 5,true,false,true,ausente_comprovada,true,true,
77,PB:454:6,4,3,234,5,dt870_atualizacao,76,dt870_atualizacao · PlayerBooster.bin · registro 76 · bit 234 · largura 5,true,false,true,ausente_comprovada,true,true,
78,PB:512:6,1,3,170,5,dt870_atualizacao,77,dt870_atualizacao · PlayerBooster.bin · registro 77 · bit 170 · largura 5,true,false,true,ausente_comprovada,true,true,
78,PB:486:6,2,3,217,5,dt870_atualizacao,77,dt870_atualizacao · PlayerBooster.bin · registro 77 · bit 217 · largura 5,true,false,true,ausente_comprovada,true,true,
78,PB:518:6,3,3,175,5,dt870_atualizacao,77,dt870_atualizacao · PlayerBooster.bin · registro 77 · bit 175 · largura 5,true,false,true,ausente_comprovada,true,true,
78,PB:480:6,4,3,202,5,dt870_atualizacao,77,dt870_atualizacao · PlayerBooster.bin · registro 77 · bit 202 · largura 5,true,false,true,ausente_comprovada,true,true,
79,PB:422:6,2,3,224,5,dt870_atualizacao,78,dt870_atualizacao · PlayerBooster.bin · registro 78 · bit 224 · largura 5,true,true,true,ausente_comprovada,true,true,
79,PB:472:6,3,3,,5,dt870_atualizacao,78,dt870_atualizacao · PlayerBooster.bin · registro 78 · conjunto GK bits 192/197/256,true,true,true,ausente_comprovada,false,false,permutacao_semantica_dos_tres_campos_gk
79,PB:466:6,1,3,,5,dt870_atualizacao,78,dt870_atualizacao · PlayerBooster.bin · registro 78 · conjunto GK bits 192/197/256,true,true,true,ausente_comprovada,false,false,permutacao_semantica_dos_tres_campos_gk
79,PB:460:6,4,3,,5,dt870_atualizacao,78,dt870_atualizacao · PlayerBooster.bin · registro 78 · conjunto GK bits 192/197/256,true,true,true,ausente_comprovada,false,false,permutacao_semantica_dos_tres_campos_gk
80,PB:448:6,1,3,229,5,dt870_atualizacao,79,dt870_atualizacao · PlayerBooster.bin · registro 79 · bit 229 · largura 5,true,false,true,ausente_comprovada,true,true,
80,PB:434:6,2,3,180,5,dt870_atualizacao,79,dt870_atualizacao · PlayerBooster.bin · registro 79 · bit 180 · largura 5,true,false,true,ausente_comprovada,true,true,
80,PB:480:6,3,3,202,5,dt870_atualizacao,79,dt870_atualizacao · PlayerBooster.bin · registro 79 · bit 202 · largura 5,true,false,true,ausente_comprovada,true,true,
80,PB:428:6,4,3,185,5,dt870_atualizacao,79,dt870_atualizacao · PlayerBooster.bin · registro 79 · bit 185 · largura 5,true,false,true,ausente_comprovada,true,true,
81,PB:396:6,1,3,276,5,dt870_atualizacao,80,dt870_atualizacao · PlayerBooster.bin · registro 80 · bit 276 · largura 5,true,false,true,ausente_comprovada,true,true,
81,PB:504:6,2,3,149,5,dt870_atualizacao,80,dt870_atualizacao · PlayerBooster.bin · registro 80 · bit 149 · largura 5,true,false,true,ausente_comprovada,true,true,
81,PB:492:6,3,3,239,5,dt870_atualizacao,80,dt870_atualizacao · PlayerBooster.bin · registro 80 · bit 239 · largura 5,true,false,true,ausente_comprovada,true,true,
81,PB:530:6,4,3,244,5,dt870_atualizacao,80,dt870_atualizacao · PlayerBooster.bin · registro 80 · bit 244 · largura 5,true,false,true,ausente_comprovada,true,true,
82,PB:498:6,1,4,144,5,dt870_atualizacao,81,dt870_atualizacao · PlayerBooster.bin · registro 81 · bit 144 · largura 5,true,false,true,ausente_comprovada,true,true,
82,PB:396:6,2,4,276,5,dt870_atualizacao,81,dt870_atualizacao · PlayerBooster.bin · registro 81 · bit 276 · largura 5,true,false,true,ausente_comprovada,true,true,
82,PB:486:6,3,4,217,5,dt870_atualizacao,81,dt870_atualizacao · PlayerBooster.bin · registro 81 · bit 217 · largura 5,true,false,true,ausente_comprovada,true,true,
82,PB:530:6,4,4,244,5,dt870_atualizacao,81,dt870_atualizacao · PlayerBooster.bin · registro 81 · bit 244 · largura 5,true,false,true,ausente_comprovada,true,true,
83,PB:390:6,1,4,261,5,dt870_atualizacao,82,dt870_atualizacao · PlayerBooster.bin · registro 82 · bit 261 · largura 5,true,false,true,ausente_comprovada,true,true,
83,PB:544:6,2,4,266,5,dt870_atualizacao,82,dt870_atualizacao · PlayerBooster.bin · registro 82 · bit 266 · largura 5,true,false,true,ausente_comprovada,true,true,
83,PB:434:6,3,4,180,5,dt870_atualizacao,82,dt870_atualizacao · PlayerBooster.bin · registro 82 · bit 180 · largura 5,true,false,true,ausente_comprovada,true,true,
83,PB:454:6,4,4,234,5,dt870_atualizacao,82,dt870_atualizacao · PlayerBooster.bin · registro 82 · bit 234 · largura 5,true,false,true,ausente_comprovada,true,true,
84,PB:512:6,1,4,170,5,dt870_atualizacao,83,dt870_atualizacao · PlayerBooster.bin · registro 83 · bit 170 · largura 5,true,true,true,ausente_comprovada,true,true,
84,PB:486:6,2,4,217,5,dt870_atualizacao,83,dt870_atualizacao · PlayerBooster.bin · registro 83 · bit 217 · largura 5,true,true,true,ausente_comprovada,true,true,
84,PB:518:6,3,4,175,5,dt870_atualizacao,83,dt870_atualizacao · PlayerBooster.bin · registro 83 · bit 175 · largura 5,true,true,true,ausente_comprovada,true,true,
84,PB:480:6,4,4,202,5,dt870_atualizacao,83,dt870_atualizacao · PlayerBooster.bin · registro 83 · bit 202 · largura 5,true,true,true,ausente_comprovada,true,true,
85,PB:422:6,2,4,224,5,dt870_atualizacao,84,dt870_atualizacao · PlayerBooster.bin · registro 84 · bit 224 · largura 5,true,false,true,ausente_comprovada,true,true,
85,PB:472:6,3,4,,5,dt870_atualizacao,84,dt870_atualizacao · PlayerBooster.bin · registro 84 · conjunto GK bits 192/197/256,true,false,true,ausente_comprovada,false,false,permutacao_semantica_dos_tres_campos_gk
85,PB:466:6,1,4,,5,dt870_atualizacao,84,dt870_atualizacao · PlayerBooster.bin · registro 84 · conjunto GK bits 192/197/256,true,false,true,ausente_comprovada,false,false,permutacao_semantica_dos_tres_campos_gk
85,PB:460:6,4,4,,5,dt870_atualizacao,84,dt870_atualizacao · PlayerBooster.bin · registro 84 · conjunto GK bits 192/197/256,true,false,true,ausente_comprovada,false,false,permutacao_semantica_dos_tres_campos_gk
86,PB:448:6,1,4,229,5,dt870_atualizacao,85,dt870_atualizacao · PlayerBooster.bin · registro 85 · bit 229 · largura 5,true,false,true,ausente_comprovada,true,true,
86,PB:434:6,2,4,180,5,dt870_atualizacao,85,dt870_atualizacao · PlayerBooster.bin · registro 85 · bit 180 · largura 5,true,false,true,ausente_comprovada,true,true,
86,PB:480:6,3,4,202,5,dt870_atualizacao,85,dt870_atualizacao · PlayerBooster.bin · registro 85 · bit 202 · largura 5,true,false,true,ausente_comprovada,true,true,
86,PB:428:6,4,4,185,5,dt870_atualizacao,85,dt870_atualizacao · PlayerBooster.bin · registro 85 · bit 185 · largura 5,true,false,true,ausente_comprovada,true,true,
87,PB:396:6,1,4,276,5,dt870_atualizacao,86,dt870_atualizacao · PlayerBooster.bin · registro 86 · bit 276 · largura 5,true,false,true,ausente_comprovada,true,true,
87,PB:504:6,2,4,149,5,dt870_atualizacao,86,dt870_atualizacao · PlayerBooster.bin · registro 86 · bit 149 · largura 5,true,false,true,ausente_comprovada,true,true,
87,PB:492:6,3,4,239,5,dt870_atualizacao,86,dt870_atualizacao · PlayerBooster.bin · registro 86 · bit 239 · largura 5,true,false,true,ausente_comprovada,true,true,
87,PB:530:6,4,4,244,5,dt870_atualizacao,86,dt870_atualizacao · PlayerBooster.bin · registro 86 · bit 244 · largura 5,true,false,true,ausente_comprovada,true,true,
96,PB:512:6,1,3,170,5,dt870_atualizacao,95,dt870_atualizacao · PlayerBooster.bin · registro 95 · bit 170 · largura 5,true,true,true,presente_sem_semantica,false,false,semantica_e_parametros_da_condicao
96,PB:498:6,2,3,144,5,dt870_atualizacao,95,dt870_atualizacao · PlayerBooster.bin · registro 95 · bit 144 · largura 5,true,true,true,presente_sem_semantica,false,false,semantica_e_parametros_da_condicao
96,PB:396:6,3,3,276,5,dt870_atualizacao,95,dt870_atualizacao · PlayerBooster.bin · registro 95 · bit 276 · largura 5,true,true,true,presente_sem_semantica,false,false,semantica_e_parametros_da_condicao
96,PB:504:6,4,3,149,5,dt870_atualizacao,95,dt870_atualizacao · PlayerBooster.bin · registro 95 · bit 149 · largura 5,true,true,true,presente_sem_semantica,false,false,semantica_e_parametros_da_condicao
96,PB:416:6,5,3,165,5,dt870_atualizacao,95,dt870_atualizacao · PlayerBooster.bin · registro 95 · bit 165 · largura 5,true,true,true,presente_sem_semantica,false,false,semantica_e_parametros_da_condicao
96,PB:422:6,7,3,224,5,dt870_atualizacao,95,dt870_atualizacao · PlayerBooster.bin · registro 95 · bit 224 · largura 5,true,true,true,presente_sem_semantica,false,false,semantica_e_parametros_da_condicao
96,PB:390:6,8,3,261,5,dt870_atualizacao,95,dt870_atualizacao · PlayerBooster.bin · registro 95 · bit 261 · largura 5,true,true,true,presente_sem_semantica,false,false,semantica_e_parametros_da_condicao
96,PB:544:6,9,3,266,5,dt870_atualizacao,95,dt870_atualizacao · PlayerBooster.bin · registro 95 · bit 266 · largura 5,true,true,true,presente_sem_semantica,false,false,semantica_e_parametros_da_condicao
96,PB:492:6,10,3,239,5,dt870_atualizacao,95,dt870_atualizacao · PlayerBooster.bin · registro 95 · bit 239 · largura 5,true,true,true,presente_sem_semantica,false,false,semantica_e_parametros_da_condicao
96,PB:486:6,11,3,217,5,dt870_atualizacao,95,dt870_atualizacao · PlayerBooster.bin · registro 95 · bit 217 · largura 5,true,true,true,presente_sem_semantica,false,false,semantica_e_parametros_da_condicao
96,PB:530:6,12,3,244,5,dt870_atualizacao,95,dt870_atualizacao · PlayerBooster.bin · registro 95 · bit 244 · largura 5,true,true,true,presente_sem_semantica,false,false,semantica_e_parametros_da_condicao
96,PB:402:6,14,3,281,5,dt870_atualizacao,95,dt870_atualizacao · PlayerBooster.bin · registro 95 · bit 281 · largura 5,true,true,true,presente_sem_semantica,false,false,semantica_e_parametros_da_condicao
96,PB:408:6,15,3,160,5,dt870_atualizacao,95,dt870_atualizacao · PlayerBooster.bin · registro 95 · bit 160 · largura 5,true,true,true,presente_sem_semantica,false,false,semantica_e_parametros_da_condicao
96,PB:384:6,16,3,249,5,dt870_atualizacao,95,dt870_atualizacao · PlayerBooster.bin · registro 95 · bit 249 · largura 5,true,true,true,presente_sem_semantica,false,false,semantica_e_parametros_da_condicao
96,PB:448:6,17,3,229,5,dt870_atualizacao,95,dt870_atualizacao · PlayerBooster.bin · registro 95 · bit 229 · largura 5,true,true,true,presente_sem_semantica,false,false,semantica_e_parametros_da_condicao
96,PB:524:6,18,3,122,5,dt870_atualizacao,95,dt870_atualizacao · PlayerBooster.bin · registro 95 · bit 122 · largura 5,true,true,true,presente_sem_semantica,false,false,semantica_e_parametros_da_condicao
96,PB:518:6,19,3,175,5,dt870_atualizacao,95,dt870_atualizacao · PlayerBooster.bin · registro 95 · bit 175 · largura 5,true,true,true,presente_sem_semantica,false,false,semantica_e_parametros_da_condicao
96,PB:368:6,20,3,154,5,dt870_atualizacao,95,dt870_atualizacao · PlayerBooster.bin · registro 95 · bit 154 · largura 5,true,true,true,presente_sem_semantica,false,false,semantica_e_parametros_da_condicao
96,PB:434:6,22,3,180,5,dt870_atualizacao,95,dt870_atualizacao · PlayerBooster.bin · registro 95 · bit 180 · largura 5,true,true,true,presente_sem_semantica,false,false,semantica_e_parametros_da_condicao
96,PB:480:6,23,3,202,5,dt870_atualizacao,95,dt870_atualizacao · PlayerBooster.bin · registro 95 · bit 202 · largura 5,true,true,true,presente_sem_semantica,false,false,semantica_e_parametros_da_condicao
96,PB:428:6,24,3,185,5,dt870_atualizacao,95,dt870_atualizacao · PlayerBooster.bin · registro 95 · bit 185 · largura 5,true,true,true,presente_sem_semantica,false,false,semantica_e_parametros_da_condicao
96,PB:454:6,25,3,234,5,dt870_atualizacao,95,dt870_atualizacao · PlayerBooster.bin · registro 95 · bit 234 · largura 5,true,true,true,presente_sem_semantica,false,false,semantica_e_parametros_da_condicao
96,PB:550:6,26,3,271,5,dt870_atualizacao,95,dt870_atualizacao · PlayerBooster.bin · registro 95 · bit 271 · largura 5,true,true,true,presente_sem_semantica,false,false,semantica_e_parametros_da_condicao
96,PB:472:6,13,3,,5,dt870_atualizacao,95,dt870_atualizacao · PlayerBooster.bin · registro 95 · conjunto GK bits 192/197/256,true,true,true,presente_sem_semantica,false,false,permutacao_semantica_dos_tres_campos_gk; semantica_e_parametros_da_condicao
96,PB:466:6,6,3,,5,dt870_atualizacao,95,dt870_atualizacao · PlayerBooster.bin · registro 95 · conjunto GK bits 192/197/256,true,true,true,presente_sem_semantica,false,false,permutacao_semantica_dos_tres_campos_gk; semantica_e_parametros_da_condicao
96,PB:460:6,21,3,,5,dt870_atualizacao,95,dt870_atualizacao · PlayerBooster.bin · registro 95 · conjunto GK bits 192/197/256,true,true,true,presente_sem_semantica,false,false,permutacao_semantica_dos_tres_campos_gk; semantica_e_parametros_da_condicao
101,PB:512:6,1,3,170,5,dt870_atualizacao,100,dt870_atualizacao · PlayerBooster.bin · registro 100 · bit 170 · largura 5,true,false,true,presente_sem_semantica,false,false,semantica_e_parametros_da_condicao
101,PB:498:6,2,3,144,5,dt870_atualizacao,100,dt870_atualizacao · PlayerBooster.bin · registro 100 · bit 144 · largura 5,true,false,true,presente_sem_semantica,false,false,semantica_e_parametros_da_condicao
101,PB:396:6,3,3,276,5,dt870_atualizacao,100,dt870_atualizacao · PlayerBooster.bin · registro 100 · bit 276 · largura 5,true,false,true,presente_sem_semantica,false,false,semantica_e_parametros_da_condicao
101,PB:504:6,4,3,149,5,dt870_atualizacao,100,dt870_atualizacao · PlayerBooster.bin · registro 100 · bit 149 · largura 5,true,false,true,presente_sem_semantica,false,false,semantica_e_parametros_da_condicao
101,PB:416:6,5,3,165,5,dt870_atualizacao,100,dt870_atualizacao · PlayerBooster.bin · registro 100 · bit 165 · largura 5,true,false,true,presente_sem_semantica,false,false,semantica_e_parametros_da_condicao
101,PB:422:6,7,3,224,5,dt870_atualizacao,100,dt870_atualizacao · PlayerBooster.bin · registro 100 · bit 224 · largura 5,true,false,true,presente_sem_semantica,false,false,semantica_e_parametros_da_condicao
101,PB:390:6,8,3,261,5,dt870_atualizacao,100,dt870_atualizacao · PlayerBooster.bin · registro 100 · bit 261 · largura 5,true,false,true,presente_sem_semantica,false,false,semantica_e_parametros_da_condicao
101,PB:544:6,9,3,266,5,dt870_atualizacao,100,dt870_atualizacao · PlayerBooster.bin · registro 100 · bit 266 · largura 5,true,false,true,presente_sem_semantica,false,false,semantica_e_parametros_da_condicao
101,PB:492:6,10,3,239,5,dt870_atualizacao,100,dt870_atualizacao · PlayerBooster.bin · registro 100 · bit 239 · largura 5,true,false,true,presente_sem_semantica,false,false,semantica_e_parametros_da_condicao
101,PB:486:6,11,3,217,5,dt870_atualizacao,100,dt870_atualizacao · PlayerBooster.bin · registro 100 · bit 217 · largura 5,true,false,true,presente_sem_semantica,false,false,semantica_e_parametros_da_condicao
101,PB:530:6,12,3,244,5,dt870_atualizacao,100,dt870_atualizacao · PlayerBooster.bin · registro 100 · bit 244 · largura 5,true,false,true,presente_sem_semantica,false,false,semantica_e_parametros_da_condicao
101,PB:402:6,14,3,281,5,dt870_atualizacao,100,dt870_atualizacao · PlayerBooster.bin · registro 100 · bit 281 · largura 5,true,false,true,presente_sem_semantica,false,false,semantica_e_parametros_da_condicao
101,PB:408:6,15,3,160,5,dt870_atualizacao,100,dt870_atualizacao · PlayerBooster.bin · registro 100 · bit 160 · largura 5,true,false,true,presente_sem_semantica,false,false,semantica_e_parametros_da_condicao
101,PB:384:6,16,3,249,5,dt870_atualizacao,100,dt870_atualizacao · PlayerBooster.bin · registro 100 · bit 249 · largura 5,true,false,true,presente_sem_semantica,false,false,semantica_e_parametros_da_condicao
101,PB:448:6,17,3,229,5,dt870_atualizacao,100,dt870_atualizacao · PlayerBooster.bin · registro 100 · bit 229 · largura 5,true,false,true,presente_sem_semantica,false,false,semantica_e_parametros_da_condicao
101,PB:524:6,18,3,122,5,dt870_atualizacao,100,dt870_atualizacao · PlayerBooster.bin · registro 100 · bit 122 · largura 5,true,false,true,presente_sem_semantica,false,false,semantica_e_parametros_da_condicao
101,PB:518:6,19,3,175,5,dt870_atualizacao,100,dt870_atualizacao · PlayerBooster.bin · registro 100 · bit 175 · largura 5,true,false,true,presente_sem_semantica,false,false,semantica_e_parametros_da_condicao
101,PB:368:6,20,3,154,5,dt870_atualizacao,100,dt870_atualizacao · PlayerBooster.bin · registro 100 · bit 154 · largura 5,true,false,true,presente_sem_semantica,false,false,semantica_e_parametros_da_condicao
101,PB:434:6,22,3,180,5,dt870_atualizacao,100,dt870_atualizacao · PlayerBooster.bin · registro 100 · bit 180 · largura 5,true,false,true,presente_sem_semantica,false,false,semantica_e_parametros_da_condicao
101,PB:480:6,23,3,202,5,dt870_atualizacao,100,dt870_atualizacao · PlayerBooster.bin · registro 100 · bit 202 · largura 5,true,false,true,presente_sem_semantica,false,false,semantica_e_parametros_da_condicao
101,PB:428:6,24,3,185,5,dt870_atualizacao,100,dt870_atualizacao · PlayerBooster.bin · registro 100 · bit 185 · largura 5,true,false,true,presente_sem_semantica,false,false,semantica_e_parametros_da_condicao
101,PB:454:6,25,3,234,5,dt870_atualizacao,100,dt870_atualizacao · PlayerBooster.bin · registro 100 · bit 234 · largura 5,true,false,true,presente_sem_semantica,false,false,semantica_e_parametros_da_condicao
101,PB:550:6,26,3,271,5,dt870_atualizacao,100,dt870_atualizacao · PlayerBooster.bin · registro 100 · bit 271 · largura 5,true,false,true,presente_sem_semantica,false,false,semantica_e_parametros_da_condicao
101,PB:472:6,13,3,,5,dt870_atualizacao,100,dt870_atualizacao · PlayerBooster.bin · registro 100 · conjunto GK bits 192/197/256,true,false,true,presente_sem_semantica,false,false,permutacao_semantica_dos_tres_campos_gk; semantica_e_parametros_da_condicao
101,PB:466:6,6,3,,5,dt870_atualizacao,100,dt870_atualizacao · PlayerBooster.bin · registro 100 · conjunto GK bits 192/197/256,true,false,true,presente_sem_semantica,false,false,permutacao_semantica_dos_tres_campos_gk; semantica_e_parametros_da_condicao
101,PB:460:6,21,3,,5,dt870_atualizacao,100,dt870_atualizacao · PlayerBooster.bin · registro 100 · conjunto GK bits 192/197/256,true,false,true,presente_sem_semantica,false,false,permutacao_semantica_dos_tres_campos_gk; semantica_e_parametros_da_condicao
104,PB:396:6,1,3,276,5,dt870_atualizacao,103,dt870_atualizacao · PlayerBooster.bin · registro 103 · bit 276 · largura 5,true,true,true,ausente_comprovada,true,true,
104,PB:530:6,2,3,244,5,dt870_atualizacao,103,dt870_atualizacao · PlayerBooster.bin · registro 103 · bit 244 · largura 5,true,true,true,ausente_comprovada,true,true,
104,PB:384:6,3,3,249,5,dt870_atualizacao,103,dt870_atualizacao · PlayerBooster.bin · registro 103 · bit 249 · largura 5,true,true,true,ausente_comprovada,true,true,
104,PB:518:6,4,3,175,5,dt870_atualizacao,103,dt870_atualizacao · PlayerBooster.bin · registro 103 · bit 175 · largura 5,true,true,true,ausente_comprovada,true,true,
105,PB:530:6,1,3,244,5,dt870_atualizacao,104,dt870_atualizacao · PlayerBooster.bin · registro 104 · bit 244 · largura 5,true,false,true,ausente_comprovada,true,true,
105,PB:384:6,2,3,249,5,dt870_atualizacao,104,dt870_atualizacao · PlayerBooster.bin · registro 104 · bit 249 · largura 5,true,false,true,ausente_comprovada,true,true,
105,PB:368:6,3,3,154,5,dt870_atualizacao,104,dt870_atualizacao · PlayerBooster.bin · registro 104 · bit 154 · largura 5,true,false,true,ausente_comprovada,true,true,
105,PB:428:6,4,3,185,5,dt870_atualizacao,104,dt870_atualizacao · PlayerBooster.bin · registro 104 · bit 185 · largura 5,true,false,true,ausente_comprovada,true,true,
106,PB:530:6,1,3,244,5,dt870_atualizacao,105,dt870_atualizacao · PlayerBooster.bin · registro 105 · bit 244 · largura 5,true,false,true,ausente_comprovada,true,true,
106,PB:402:6,2,3,281,5,dt870_atualizacao,105,dt870_atualizacao · PlayerBooster.bin · registro 105 · bit 281 · largura 5,true,false,true,ausente_comprovada,true,true,
106,PB:408:6,3,3,160,5,dt870_atualizacao,105,dt870_atualizacao · PlayerBooster.bin · registro 105 · bit 160 · largura 5,true,false,true,ausente_comprovada,true,true,
106,PB:518:6,4,3,175,5,dt870_atualizacao,105,dt870_atualizacao · PlayerBooster.bin · registro 105 · bit 175 · largura 5,true,false,true,ausente_comprovada,true,true,
107,PB:384:6,1,3,249,5,dt870_atualizacao,106,dt870_atualizacao · PlayerBooster.bin · registro 106 · bit 249 · largura 5,true,false,true,ausente_comprovada,true,true,
107,PB:448:6,2,3,229,5,dt870_atualizacao,106,dt870_atualizacao · PlayerBooster.bin · registro 106 · bit 229 · largura 5,true,false,true,ausente_comprovada,true,true,
107,PB:524:6,3,3,122,5,dt870_atualizacao,106,dt870_atualizacao · PlayerBooster.bin · registro 106 · bit 122 · largura 5,true,false,true,ausente_comprovada,true,true,
107,PB:428:6,4,3,185,5,dt870_atualizacao,106,dt870_atualizacao · PlayerBooster.bin · registro 106 · bit 185 · largura 5,true,false,true,ausente_comprovada,true,true,
108,PB:504:6,1,3,149,5,dt870_atualizacao,107,dt870_atualizacao · PlayerBooster.bin · registro 107 · bit 149 · largura 5,true,false,true,ausente_comprovada,true,true,
108,PB:492:6,2,3,239,5,dt870_atualizacao,107,dt870_atualizacao · PlayerBooster.bin · registro 107 · bit 239 · largura 5,true,false,true,ausente_comprovada,true,true,
108,PB:434:6,3,3,180,5,dt870_atualizacao,107,dt870_atualizacao · PlayerBooster.bin · registro 107 · bit 180 · largura 5,true,false,true,ausente_comprovada,true,true,
108,PB:550:6,4,3,271,5,dt870_atualizacao,107,dt870_atualizacao · PlayerBooster.bin · registro 107 · bit 271 · largura 5,true,false,true,ausente_comprovada,true,true,
109,PB:396:6,1,3,276,5,dt870_atualizacao,108,dt870_atualizacao · PlayerBooster.bin · registro 108 · bit 276 · largura 5,true,true,true,ausente_comprovada,true,true,
109,PB:492:6,2,3,239,5,dt870_atualizacao,108,dt870_atualizacao · PlayerBooster.bin · registro 108 · bit 239 · largura 5,true,true,true,ausente_comprovada,true,true,
109,PB:524:6,3,3,122,5,dt870_atualizacao,108,dt870_atualizacao · PlayerBooster.bin · registro 108 · bit 122 · largura 5,true,true,true,ausente_comprovada,true,true,
109,PB:550:6,4,3,271,5,dt870_atualizacao,108,dt870_atualizacao · PlayerBooster.bin · registro 108 · bit 271 · largura 5,true,true,true,ausente_comprovada,true,true,
110,PB:390:6,1,3,261,5,dt870_atualizacao,109,dt870_atualizacao · PlayerBooster.bin · registro 109 · bit 261 · largura 5,true,false,true,ausente_comprovada,true,true,
110,PB:486:6,2,3,217,5,dt870_atualizacao,109,dt870_atualizacao · PlayerBooster.bin · registro 109 · bit 217 · largura 5,true,false,true,ausente_comprovada,true,true,
110,PB:408:6,3,3,160,5,dt870_atualizacao,109,dt870_atualizacao · PlayerBooster.bin · registro 109 · bit 160 · largura 5,true,false,true,ausente_comprovada,true,true,
110,PB:454:6,4,3,234,5,dt870_atualizacao,109,dt870_atualizacao · PlayerBooster.bin · registro 109 · bit 234 · largura 5,true,false,true,ausente_comprovada,true,true,
111,PB:390:6,1,3,261,5,dt870_atualizacao,110,dt870_atualizacao · PlayerBooster.bin · registro 110 · bit 261 · largura 5,true,false,true,ausente_comprovada,true,true,
111,PB:434:6,2,3,180,5,dt870_atualizacao,110,dt870_atualizacao · PlayerBooster.bin · registro 110 · bit 180 · largura 5,true,false,true,ausente_comprovada,true,true,
111,PB:480:6,3,3,202,5,dt870_atualizacao,110,dt870_atualizacao · PlayerBooster.bin · registro 110 · bit 202 · largura 5,true,false,true,ausente_comprovada,true,true,
111,PB:454:6,4,3,234,5,dt870_atualizacao,110,dt870_atualizacao · PlayerBooster.bin · registro 110 · bit 234 · largura 5,true,false,true,ausente_comprovada,true,true,
112,PB:504:6,1,3,149,5,dt870_atualizacao,111,dt870_atualizacao · PlayerBooster.bin · registro 111 · bit 149 · largura 5,true,false,true,ausente_comprovada,true,true,
112,PB:486:6,2,3,217,5,dt870_atualizacao,111,dt870_atualizacao · PlayerBooster.bin · registro 111 · bit 217 · largura 5,true,false,true,ausente_comprovada,true,true,
112,PB:434:6,3,3,180,5,dt870_atualizacao,111,dt870_atualizacao · PlayerBooster.bin · registro 111 · bit 180 · largura 5,true,false,true,ausente_comprovada,true,true,
112,PB:480:6,4,3,202,5,dt870_atualizacao,111,dt870_atualizacao · PlayerBooster.bin · registro 111 · bit 202 · largura 5,true,false,true,ausente_comprovada,true,true,
113,PB:504:6,1,3,149,5,dt870_atualizacao,112,dt870_atualizacao · PlayerBooster.bin · registro 112 · bit 149 · largura 5,true,false,true,ausente_comprovada,true,true,
113,PB:408:6,2,3,160,5,dt870_atualizacao,112,dt870_atualizacao · PlayerBooster.bin · registro 112 · bit 160 · largura 5,true,false,true,ausente_comprovada,true,true,
113,PB:518:6,3,3,175,5,dt870_atualizacao,112,dt870_atualizacao · PlayerBooster.bin · registro 112 · bit 175 · largura 5,true,false,true,ausente_comprovada,true,true,
113,PB:480:6,4,3,202,5,dt870_atualizacao,112,dt870_atualizacao · PlayerBooster.bin · registro 112 · bit 202 · largura 5,true,false,true,ausente_comprovada,true,true,
114,PB:416:6,1,3,165,5,dt870_atualizacao,113,dt870_atualizacao · PlayerBooster.bin · registro 113 · bit 165 · largura 5,true,true,true,ausente_comprovada,true,true,
114,PB:472:6,3,3,,5,dt870_atualizacao,113,dt870_atualizacao · PlayerBooster.bin · registro 113 · conjunto GK bits 192/197/256,true,true,true,ausente_comprovada,false,false,permutacao_semantica_dos_tres_campos_gk
114,PB:466:6,2,3,,5,dt870_atualizacao,113,dt870_atualizacao · PlayerBooster.bin · registro 113 · conjunto GK bits 192/197/256,true,true,true,ausente_comprovada,false,false,permutacao_semantica_dos_tres_campos_gk
114,PB:460:6,4,3,,5,dt870_atualizacao,113,dt870_atualizacao · PlayerBooster.bin · registro 113 · conjunto GK bits 192/197/256,true,true,true,ausente_comprovada,false,false,permutacao_semantica_dos_tres_campos_gk
115,PB:498:6,1,3,144,5,dt870_atualizacao,114,dt870_atualizacao · PlayerBooster.bin · registro 114 · bit 144 · largura 5,true,false,true,ausente_comprovada,true,true,
115,PB:396:6,2,3,276,5,dt870_atualizacao,114,dt870_atualizacao · PlayerBooster.bin · registro 114 · bit 276 · largura 5,true,false,true,ausente_comprovada,true,true,
115,PB:486:6,3,3,217,5,dt870_atualizacao,114,dt870_atualizacao · PlayerBooster.bin · registro 114 · bit 217 · largura 5,true,false,true,ausente_comprovada,true,true,
115,PB:530:6,4,3,244,5,dt870_atualizacao,114,dt870_atualizacao · PlayerBooster.bin · registro 114 · bit 244 · largura 5,true,false,true,ausente_comprovada,true,true,
116,PB:390:6,1,3,261,5,dt870_atualizacao,115,dt870_atualizacao · PlayerBooster.bin · registro 115 · bit 261 · largura 5,true,false,true,ausente_comprovada,true,true,
116,PB:544:6,2,3,266,5,dt870_atualizacao,115,dt870_atualizacao · PlayerBooster.bin · registro 115 · bit 266 · largura 5,true,false,true,ausente_comprovada,true,true,
116,PB:434:6,3,3,180,5,dt870_atualizacao,115,dt870_atualizacao · PlayerBooster.bin · registro 115 · bit 180 · largura 5,true,false,true,ausente_comprovada,true,true,
116,PB:454:6,4,3,234,5,dt870_atualizacao,115,dt870_atualizacao · PlayerBooster.bin · registro 115 · bit 234 · largura 5,true,false,true,ausente_comprovada,true,true,
117,PB:512:6,1,3,170,5,dt870_atualizacao,116,dt870_atualizacao · PlayerBooster.bin · registro 116 · bit 170 · largura 5,true,false,true,ausente_comprovada,true,true,
117,PB:486:6,2,3,217,5,dt870_atualizacao,116,dt870_atualizacao · PlayerBooster.bin · registro 116 · bit 217 · largura 5,true,false,true,ausente_comprovada,true,true,
117,PB:518:6,3,3,175,5,dt870_atualizacao,116,dt870_atualizacao · PlayerBooster.bin · registro 116 · bit 175 · largura 5,true,false,true,ausente_comprovada,true,true,
117,PB:480:6,4,3,202,5,dt870_atualizacao,116,dt870_atualizacao · PlayerBooster.bin · registro 116 · bit 202 · largura 5,true,false,true,ausente_comprovada,true,true,
118,PB:422:6,2,3,224,5,dt870_atualizacao,117,dt870_atualizacao · PlayerBooster.bin · registro 117 · bit 224 · largura 5,true,false,true,ausente_comprovada,true,true,
118,PB:472:6,3,3,,5,dt870_atualizacao,117,dt870_atualizacao · PlayerBooster.bin · registro 117 · conjunto GK bits 192/197/256,true,false,true,ausente_comprovada,false,false,permutacao_semantica_dos_tres_campos_gk
118,PB:466:6,1,3,,5,dt870_atualizacao,117,dt870_atualizacao · PlayerBooster.bin · registro 117 · conjunto GK bits 192/197/256,true,false,true,ausente_comprovada,false,false,permutacao_semantica_dos_tres_campos_gk
118,PB:460:6,4,3,,5,dt870_atualizacao,117,dt870_atualizacao · PlayerBooster.bin · registro 117 · conjunto GK bits 192/197/256,true,false,true,ausente_comprovada,false,false,permutacao_semantica_dos_tres_campos_gk
119,PB:448:6,1,3,229,5,dt870_atualizacao,118,dt870_atualizacao · PlayerBooster.bin · registro 118 · bit 229 · largura 5,true,true,true,ausente_comprovada,true,true,
119,PB:434:6,2,3,180,5,dt870_atualizacao,118,dt870_atualizacao · PlayerBooster.bin · registro 118 · bit 180 · largura 5,true,true,true,ausente_comprovada,true,true,
119,PB:480:6,3,3,202,5,dt870_atualizacao,118,dt870_atualizacao · PlayerBooster.bin · registro 118 · bit 202 · largura 5,true,true,true,ausente_comprovada,true,true,
119,PB:428:6,4,3,185,5,dt870_atualizacao,118,dt870_atualizacao · PlayerBooster.bin · registro 118 · bit 185 · largura 5,true,true,true,ausente_comprovada,true,true,
120,PB:396:6,1,3,276,5,dt870_atualizacao,119,dt870_atualizacao · PlayerBooster.bin · registro 119 · bit 276 · largura 5,true,false,true,ausente_comprovada,true,true,
120,PB:504:6,2,3,149,5,dt870_atualizacao,119,dt870_atualizacao · PlayerBooster.bin · registro 119 · bit 149 · largura 5,true,false,true,ausente_comprovada,true,true,
120,PB:492:6,3,3,239,5,dt870_atualizacao,119,dt870_atualizacao · PlayerBooster.bin · registro 119 · bit 239 · largura 5,true,false,true,ausente_comprovada,true,true,
120,PB:530:6,4,3,244,5,dt870_atualizacao,119,dt870_atualizacao · PlayerBooster.bin · registro 119 · bit 244 · largura 5,true,false,true,ausente_comprovada,true,true,
122,PB:396:6,1,3,276,5,dt870_atualizacao,121,dt870_atualizacao · PlayerBooster.bin · registro 121 · bit 276 · largura 5,true,false,true,presente_sem_semantica,false,false,semantica_e_parametros_da_condicao
122,PB:530:6,2,3,244,5,dt870_atualizacao,121,dt870_atualizacao · PlayerBooster.bin · registro 121 · bit 244 · largura 5,true,false,true,presente_sem_semantica,false,false,semantica_e_parametros_da_condicao
122,PB:384:6,3,3,249,5,dt870_atualizacao,121,dt870_atualizacao · PlayerBooster.bin · registro 121 · bit 249 · largura 5,true,false,true,presente_sem_semantica,false,false,semantica_e_parametros_da_condicao
122,PB:518:6,4,3,175,5,dt870_atualizacao,121,dt870_atualizacao · PlayerBooster.bin · registro 121 · bit 175 · largura 5,true,false,true,presente_sem_semantica,false,false,semantica_e_parametros_da_condicao
123,PB:530:6,1,3,244,5,dt870_atualizacao,122,dt870_atualizacao · PlayerBooster.bin · registro 122 · bit 244 · largura 5,true,false,true,presente_sem_semantica,false,false,semantica_e_parametros_da_condicao
123,PB:402:6,2,3,281,5,dt870_atualizacao,122,dt870_atualizacao · PlayerBooster.bin · registro 122 · bit 281 · largura 5,true,false,true,presente_sem_semantica,false,false,semantica_e_parametros_da_condicao
123,PB:408:6,3,3,160,5,dt870_atualizacao,122,dt870_atualizacao · PlayerBooster.bin · registro 122 · bit 160 · largura 5,true,false,true,presente_sem_semantica,false,false,semantica_e_parametros_da_condicao
123,PB:518:6,4,3,175,5,dt870_atualizacao,122,dt870_atualizacao · PlayerBooster.bin · registro 122 · bit 175 · largura 5,true,false,true,presente_sem_semantica,false,false,semantica_e_parametros_da_condicao
124,PB:384:6,1,3,249,5,dt870_atualizacao,123,dt870_atualizacao · PlayerBooster.bin · registro 123 · bit 249 · largura 5,true,true,true,presente_sem_semantica,false,false,semantica_e_parametros_da_condicao
124,PB:448:6,2,3,229,5,dt870_atualizacao,123,dt870_atualizacao · PlayerBooster.bin · registro 123 · bit 229 · largura 5,true,true,true,presente_sem_semantica,false,false,semantica_e_parametros_da_condicao
124,PB:524:6,3,3,122,5,dt870_atualizacao,123,dt870_atualizacao · PlayerBooster.bin · registro 123 · bit 122 · largura 5,true,true,true,presente_sem_semantica,false,false,semantica_e_parametros_da_condicao
124,PB:428:6,4,3,185,5,dt870_atualizacao,123,dt870_atualizacao · PlayerBooster.bin · registro 123 · bit 185 · largura 5,true,true,true,presente_sem_semantica,false,false,semantica_e_parametros_da_condicao
125,PB:504:6,1,3,149,5,dt870_atualizacao,124,dt870_atualizacao · PlayerBooster.bin · registro 124 · bit 149 · largura 5,true,false,true,presente_sem_semantica,false,false,semantica_e_parametros_da_condicao
125,PB:492:6,2,3,239,5,dt870_atualizacao,124,dt870_atualizacao · PlayerBooster.bin · registro 124 · bit 239 · largura 5,true,false,true,presente_sem_semantica,false,false,semantica_e_parametros_da_condicao
125,PB:434:6,3,3,180,5,dt870_atualizacao,124,dt870_atualizacao · PlayerBooster.bin · registro 124 · bit 180 · largura 5,true,false,true,presente_sem_semantica,false,false,semantica_e_parametros_da_condicao
125,PB:550:6,4,3,271,5,dt870_atualizacao,124,dt870_atualizacao · PlayerBooster.bin · registro 124 · bit 271 · largura 5,true,false,true,presente_sem_semantica,false,false,semantica_e_parametros_da_condicao
126,PB:396:6,1,3,276,5,dt870_atualizacao,125,dt870_atualizacao · PlayerBooster.bin · registro 125 · bit 276 · largura 5,true,false,true,presente_sem_semantica,false,false,semantica_e_parametros_da_condicao
126,PB:492:6,2,3,239,5,dt870_atualizacao,125,dt870_atualizacao · PlayerBooster.bin · registro 125 · bit 239 · largura 5,true,false,true,presente_sem_semantica,false,false,semantica_e_parametros_da_condicao
126,PB:524:6,3,3,122,5,dt870_atualizacao,125,dt870_atualizacao · PlayerBooster.bin · registro 125 · bit 122 · largura 5,true,false,true,presente_sem_semantica,false,false,semantica_e_parametros_da_condicao
126,PB:550:6,4,3,271,5,dt870_atualizacao,125,dt870_atualizacao · PlayerBooster.bin · registro 125 · bit 271 · largura 5,true,false,true,presente_sem_semantica,false,false,semantica_e_parametros_da_condicao
127,PB:504:6,1,3,149,5,dt870_atualizacao,126,dt870_atualizacao · PlayerBooster.bin · registro 126 · bit 149 · largura 5,true,false,true,presente_sem_semantica,false,false,semantica_e_parametros_da_condicao
127,PB:486:6,2,3,217,5,dt870_atualizacao,126,dt870_atualizacao · PlayerBooster.bin · registro 126 · bit 217 · largura 5,true,false,true,presente_sem_semantica,false,false,semantica_e_parametros_da_condicao
127,PB:434:6,3,3,180,5,dt870_atualizacao,126,dt870_atualizacao · PlayerBooster.bin · registro 126 · bit 180 · largura 5,true,false,true,presente_sem_semantica,false,false,semantica_e_parametros_da_condicao
127,PB:480:6,4,3,202,5,dt870_atualizacao,126,dt870_atualizacao · PlayerBooster.bin · registro 126 · bit 202 · largura 5,true,false,true,presente_sem_semantica,false,false,semantica_e_parametros_da_condicao
128,PB:504:6,1,3,149,5,dt870_atualizacao,127,dt870_atualizacao · PlayerBooster.bin · registro 127 · bit 149 · largura 5,true,false,true,presente_sem_semantica,false,false,semantica_e_parametros_da_condicao
128,PB:408:6,2,3,160,5,dt870_atualizacao,127,dt870_atualizacao · PlayerBooster.bin · registro 127 · bit 160 · largura 5,true,false,true,presente_sem_semantica,false,false,semantica_e_parametros_da_condicao
128,PB:518:6,3,3,175,5,dt870_atualizacao,127,dt870_atualizacao · PlayerBooster.bin · registro 127 · bit 175 · largura 5,true,false,true,presente_sem_semantica,false,false,semantica_e_parametros_da_condicao
128,PB:480:6,4,3,202,5,dt870_atualizacao,127,dt870_atualizacao · PlayerBooster.bin · registro 127 · bit 202 · largura 5,true,false,true,presente_sem_semantica,false,false,semantica_e_parametros_da_condicao
129,PB:498:6,1,3,144,5,dt870_atualizacao,128,dt870_atualizacao · PlayerBooster.bin · registro 128 · bit 144 · largura 5,true,true,true,presente_sem_semantica,false,false,semantica_e_parametros_da_condicao
129,PB:396:6,2,3,276,5,dt870_atualizacao,128,dt870_atualizacao · PlayerBooster.bin · registro 128 · bit 276 · largura 5,true,true,true,presente_sem_semantica,false,false,semantica_e_parametros_da_condicao
129,PB:486:6,3,3,217,5,dt870_atualizacao,128,dt870_atualizacao · PlayerBooster.bin · registro 128 · bit 217 · largura 5,true,true,true,presente_sem_semantica,false,false,semantica_e_parametros_da_condicao
129,PB:530:6,4,3,244,5,dt870_atualizacao,128,dt870_atualizacao · PlayerBooster.bin · registro 128 · bit 244 · largura 5,true,true,true,presente_sem_semantica,false,false,semantica_e_parametros_da_condicao
130,PB:512:6,1,3,170,5,dt870_atualizacao,129,dt870_atualizacao · PlayerBooster.bin · registro 129 · bit 170 · largura 5,true,true,true,presente_sem_semantica,false,false,semantica_e_parametros_da_condicao
130,PB:486:6,2,3,217,5,dt870_atualizacao,129,dt870_atualizacao · PlayerBooster.bin · registro 129 · bit 217 · largura 5,true,true,true,presente_sem_semantica,false,false,semantica_e_parametros_da_condicao
130,PB:518:6,3,3,175,5,dt870_atualizacao,129,dt870_atualizacao · PlayerBooster.bin · registro 129 · bit 175 · largura 5,true,true,true,presente_sem_semantica,false,false,semantica_e_parametros_da_condicao
130,PB:480:6,4,3,202,5,dt870_atualizacao,129,dt870_atualizacao · PlayerBooster.bin · registro 129 · bit 202 · largura 5,true,true,true,presente_sem_semantica,false,false,semantica_e_parametros_da_condicao
131,PB:396:6,1,3,276,5,dt870_atualizacao,130,dt870_atualizacao · PlayerBooster.bin · registro 130 · bit 276 · largura 5,true,false,true,presente_sem_semantica,false,false,semantica_e_parametros_da_condicao
131,PB:504:6,2,3,149,5,dt870_atualizacao,130,dt870_atualizacao · PlayerBooster.bin · registro 130 · bit 149 · largura 5,true,false,true,presente_sem_semantica,false,false,semantica_e_parametros_da_condicao
131,PB:492:6,3,3,239,5,dt870_atualizacao,130,dt870_atualizacao · PlayerBooster.bin · registro 130 · bit 239 · largura 5,true,false,true,presente_sem_semantica,false,false,semantica_e_parametros_da_condicao
131,PB:530:6,4,3,244,5,dt870_atualizacao,130,dt870_atualizacao · PlayerBooster.bin · registro 130 · bit 244 · largura 5,true,false,true,presente_sem_semantica,false,false,semantica_e_parametros_da_condicao
132,PB:512:6,1,3,170,5,dt870_atualizacao,131,dt870_atualizacao · PlayerBooster.bin · registro 131 · bit 170 · largura 5,true,false,true,presente_sem_semantica,false,false,semantica_e_parametros_da_condicao
132,PB:498:6,2,3,144,5,dt870_atualizacao,131,dt870_atualizacao · PlayerBooster.bin · registro 131 · bit 144 · largura 5,true,false,true,presente_sem_semantica,false,false,semantica_e_parametros_da_condicao
132,PB:396:6,3,3,276,5,dt870_atualizacao,131,dt870_atualizacao · PlayerBooster.bin · registro 131 · bit 276 · largura 5,true,false,true,presente_sem_semantica,false,false,semantica_e_parametros_da_condicao
132,PB:504:6,4,3,149,5,dt870_atualizacao,131,dt870_atualizacao · PlayerBooster.bin · registro 131 · bit 149 · largura 5,true,false,true,presente_sem_semantica,false,false,semantica_e_parametros_da_condicao
132,PB:416:6,5,3,165,5,dt870_atualizacao,131,dt870_atualizacao · PlayerBooster.bin · registro 131 · bit 165 · largura 5,true,false,true,presente_sem_semantica,false,false,semantica_e_parametros_da_condicao
132,PB:422:6,7,3,224,5,dt870_atualizacao,131,dt870_atualizacao · PlayerBooster.bin · registro 131 · bit 224 · largura 5,true,false,true,presente_sem_semantica,false,false,semantica_e_parametros_da_condicao
132,PB:390:6,8,3,261,5,dt870_atualizacao,131,dt870_atualizacao · PlayerBooster.bin · registro 131 · bit 261 · largura 5,true,false,true,presente_sem_semantica,false,false,semantica_e_parametros_da_condicao
132,PB:544:6,9,3,266,5,dt870_atualizacao,131,dt870_atualizacao · PlayerBooster.bin · registro 131 · bit 266 · largura 5,true,false,true,presente_sem_semantica,false,false,semantica_e_parametros_da_condicao
132,PB:492:6,10,3,239,5,dt870_atualizacao,131,dt870_atualizacao · PlayerBooster.bin · registro 131 · bit 239 · largura 5,true,false,true,presente_sem_semantica,false,false,semantica_e_parametros_da_condicao
132,PB:486:6,11,3,217,5,dt870_atualizacao,131,dt870_atualizacao · PlayerBooster.bin · registro 131 · bit 217 · largura 5,true,false,true,presente_sem_semantica,false,false,semantica_e_parametros_da_condicao
132,PB:530:6,12,3,244,5,dt870_atualizacao,131,dt870_atualizacao · PlayerBooster.bin · registro 131 · bit 244 · largura 5,true,false,true,presente_sem_semantica,false,false,semantica_e_parametros_da_condicao
132,PB:402:6,14,3,281,5,dt870_atualizacao,131,dt870_atualizacao · PlayerBooster.bin · registro 131 · bit 281 · largura 5,true,false,true,presente_sem_semantica,false,false,semantica_e_parametros_da_condicao
132,PB:408:6,15,3,160,5,dt870_atualizacao,131,dt870_atualizacao · PlayerBooster.bin · registro 131 · bit 160 · largura 5,true,false,true,presente_sem_semantica,false,false,semantica_e_parametros_da_condicao
132,PB:384:6,16,3,249,5,dt870_atualizacao,131,dt870_atualizacao · PlayerBooster.bin · registro 131 · bit 249 · largura 5,true,false,true,presente_sem_semantica,false,false,semantica_e_parametros_da_condicao
132,PB:448:6,17,3,229,5,dt870_atualizacao,131,dt870_atualizacao · PlayerBooster.bin · registro 131 · bit 229 · largura 5,true,false,true,presente_sem_semantica,false,false,semantica_e_parametros_da_condicao
132,PB:524:6,18,3,122,5,dt870_atualizacao,131,dt870_atualizacao · PlayerBooster.bin · registro 131 · bit 122 · largura 5,true,false,true,presente_sem_semantica,false,false,semantica_e_parametros_da_condicao
132,PB:518:6,19,3,175,5,dt870_atualizacao,131,dt870_atualizacao · PlayerBooster.bin · registro 131 · bit 175 · largura 5,true,false,true,presente_sem_semantica,false,false,semantica_e_parametros_da_condicao
132,PB:368:6,20,3,154,5,dt870_atualizacao,131,dt870_atualizacao · PlayerBooster.bin · registro 131 · bit 154 · largura 5,true,false,true,presente_sem_semantica,false,false,semantica_e_parametros_da_condicao
132,PB:434:6,22,3,180,5,dt870_atualizacao,131,dt870_atualizacao · PlayerBooster.bin · registro 131 · bit 180 · largura 5,true,false,true,presente_sem_semantica,false,false,semantica_e_parametros_da_condicao
132,PB:480:6,23,3,202,5,dt870_atualizacao,131,dt870_atualizacao · PlayerBooster.bin · registro 131 · bit 202 · largura 5,true,false,true,presente_sem_semantica,false,false,semantica_e_parametros_da_condicao
132,PB:428:6,24,3,185,5,dt870_atualizacao,131,dt870_atualizacao · PlayerBooster.bin · registro 131 · bit 185 · largura 5,true,false,true,presente_sem_semantica,false,false,semantica_e_parametros_da_condicao
132,PB:454:6,25,3,234,5,dt870_atualizacao,131,dt870_atualizacao · PlayerBooster.bin · registro 131 · bit 234 · largura 5,true,false,true,presente_sem_semantica,false,false,semantica_e_parametros_da_condicao
132,PB:550:6,26,3,271,5,dt870_atualizacao,131,dt870_atualizacao · PlayerBooster.bin · registro 131 · bit 271 · largura 5,true,false,true,presente_sem_semantica,false,false,semantica_e_parametros_da_condicao
132,PB:472:6,13,3,,5,dt870_atualizacao,131,dt870_atualizacao · PlayerBooster.bin · registro 131 · conjunto GK bits 192/197/256,true,false,true,presente_sem_semantica,false,false,permutacao_semantica_dos_tres_campos_gk; semantica_e_parametros_da_condicao
132,PB:466:6,6,3,,5,dt870_atualizacao,131,dt870_atualizacao · PlayerBooster.bin · registro 131 · conjunto GK bits 192/197/256,true,false,true,presente_sem_semantica,false,false,permutacao_semantica_dos_tres_campos_gk; semantica_e_parametros_da_condicao
132,PB:460:6,21,3,,5,dt870_atualizacao,131,dt870_atualizacao · PlayerBooster.bin · registro 131 · conjunto GK bits 192/197/256,true,false,true,presente_sem_semantica,false,false,permutacao_semantica_dos_tres_campos_gk; semantica_e_parametros_da_condicao
133,PB:512:6,1,3,170,5,dt870_atualizacao,132,dt870_atualizacao · PlayerBooster.bin · registro 132 · bit 170 · largura 5,true,false,true,presente_sem_semantica,false,false,semantica_e_parametros_da_condicao
133,PB:498:6,2,3,144,5,dt870_atualizacao,132,dt870_atualizacao · PlayerBooster.bin · registro 132 · bit 144 · largura 5,true,false,true,presente_sem_semantica,false,false,semantica_e_parametros_da_condicao
133,PB:396:6,3,3,276,5,dt870_atualizacao,132,dt870_atualizacao · PlayerBooster.bin · registro 132 · bit 276 · largura 5,true,false,true,presente_sem_semantica,false,false,semantica_e_parametros_da_condicao
133,PB:504:6,4,3,149,5,dt870_atualizacao,132,dt870_atualizacao · PlayerBooster.bin · registro 132 · bit 149 · largura 5,true,false,true,presente_sem_semantica,false,false,semantica_e_parametros_da_condicao
133,PB:416:6,5,3,165,5,dt870_atualizacao,132,dt870_atualizacao · PlayerBooster.bin · registro 132 · bit 165 · largura 5,true,false,true,presente_sem_semantica,false,false,semantica_e_parametros_da_condicao
133,PB:422:6,7,3,224,5,dt870_atualizacao,132,dt870_atualizacao · PlayerBooster.bin · registro 132 · bit 224 · largura 5,true,false,true,presente_sem_semantica,false,false,semantica_e_parametros_da_condicao
133,PB:390:6,8,3,261,5,dt870_atualizacao,132,dt870_atualizacao · PlayerBooster.bin · registro 132 · bit 261 · largura 5,true,false,true,presente_sem_semantica,false,false,semantica_e_parametros_da_condicao
133,PB:544:6,9,3,266,5,dt870_atualizacao,132,dt870_atualizacao · PlayerBooster.bin · registro 132 · bit 266 · largura 5,true,false,true,presente_sem_semantica,false,false,semantica_e_parametros_da_condicao
133,PB:492:6,10,3,239,5,dt870_atualizacao,132,dt870_atualizacao · PlayerBooster.bin · registro 132 · bit 239 · largura 5,true,false,true,presente_sem_semantica,false,false,semantica_e_parametros_da_condicao
133,PB:486:6,11,3,217,5,dt870_atualizacao,132,dt870_atualizacao · PlayerBooster.bin · registro 132 · bit 217 · largura 5,true,false,true,presente_sem_semantica,false,false,semantica_e_parametros_da_condicao
133,PB:530:6,12,3,244,5,dt870_atualizacao,132,dt870_atualizacao · PlayerBooster.bin · registro 132 · bit 244 · largura 5,true,false,true,presente_sem_semantica,false,false,semantica_e_parametros_da_condicao
133,PB:402:6,14,3,281,5,dt870_atualizacao,132,dt870_atualizacao · PlayerBooster.bin · registro 132 · bit 281 · largura 5,true,false,true,presente_sem_semantica,false,false,semantica_e_parametros_da_condicao
133,PB:408:6,15,3,160,5,dt870_atualizacao,132,dt870_atualizacao · PlayerBooster.bin · registro 132 · bit 160 · largura 5,true,false,true,presente_sem_semantica,false,false,semantica_e_parametros_da_condicao
133,PB:384:6,16,3,249,5,dt870_atualizacao,132,dt870_atualizacao · PlayerBooster.bin · registro 132 · bit 249 · largura 5,true,false,true,presente_sem_semantica,false,false,semantica_e_parametros_da_condicao
133,PB:448:6,17,3,229,5,dt870_atualizacao,132,dt870_atualizacao · PlayerBooster.bin · registro 132 · bit 229 · largura 5,true,false,true,presente_sem_semantica,false,false,semantica_e_parametros_da_condicao
133,PB:524:6,18,3,122,5,dt870_atualizacao,132,dt870_atualizacao · PlayerBooster.bin · registro 132 · bit 122 · largura 5,true,false,true,presente_sem_semantica,false,false,semantica_e_parametros_da_condicao
133,PB:518:6,19,3,175,5,dt870_atualizacao,132,dt870_atualizacao · PlayerBooster.bin · registro 132 · bit 175 · largura 5,true,false,true,presente_sem_semantica,false,false,semantica_e_parametros_da_condicao
133,PB:368:6,20,3,154,5,dt870_atualizacao,132,dt870_atualizacao · PlayerBooster.bin · registro 132 · bit 154 · largura 5,true,false,true,presente_sem_semantica,false,false,semantica_e_parametros_da_condicao
133,PB:434:6,22,3,180,5,dt870_atualizacao,132,dt870_atualizacao · PlayerBooster.bin · registro 132 · bit 180 · largura 5,true,false,true,presente_sem_semantica,false,false,semantica_e_parametros_da_condicao
133,PB:480:6,23,3,202,5,dt870_atualizacao,132,dt870_atualizacao · PlayerBooster.bin · registro 132 · bit 202 · largura 5,true,false,true,presente_sem_semantica,false,false,semantica_e_parametros_da_condicao
133,PB:428:6,24,3,185,5,dt870_atualizacao,132,dt870_atualizacao · PlayerBooster.bin · registro 132 · bit 185 · largura 5,true,false,true,presente_sem_semantica,false,false,semantica_e_parametros_da_condicao
133,PB:454:6,25,3,234,5,dt870_atualizacao,132,dt870_atualizacao · PlayerBooster.bin · registro 132 · bit 234 · largura 5,true,false,true,presente_sem_semantica,false,false,semantica_e_parametros_da_condicao
133,PB:550:6,26,3,271,5,dt870_atualizacao,132,dt870_atualizacao · PlayerBooster.bin · registro 132 · bit 271 · largura 5,true,false,true,presente_sem_semantica,false,false,semantica_e_parametros_da_condicao
133,PB:472:6,13,3,,5,dt870_atualizacao,132,dt870_atualizacao · PlayerBooster.bin · registro 132 · conjunto GK bits 192/197/256,true,false,true,presente_sem_semantica,false,false,permutacao_semantica_dos_tres_campos_gk; semantica_e_parametros_da_condicao
133,PB:466:6,6,3,,5,dt870_atualizacao,132,dt870_atualizacao · PlayerBooster.bin · registro 132 · conjunto GK bits 192/197/256,true,false,true,presente_sem_semantica,false,false,permutacao_semantica_dos_tres_campos_gk; semantica_e_parametros_da_condicao
133,PB:460:6,21,3,,5,dt870_atualizacao,132,dt870_atualizacao · PlayerBooster.bin · registro 132 · conjunto GK bits 192/197/256,true,false,true,presente_sem_semantica,false,false,permutacao_semantica_dos_tres_campos_gk; semantica_e_parametros_da_condicao
134,PB:498:6,1,3,144,5,dt870_atualizacao,133,dt870_atualizacao · PlayerBooster.bin · registro 133 · bit 144 · largura 5,true,true,true,ausente_comprovada,true,true,
134,PB:396:6,2,3,276,5,dt870_atualizacao,133,dt870_atualizacao · PlayerBooster.bin · registro 133 · bit 276 · largura 5,true,true,true,ausente_comprovada,true,true,
134,PB:492:6,3,3,239,5,dt870_atualizacao,133,dt870_atualizacao · PlayerBooster.bin · registro 133 · bit 239 · largura 5,true,true,true,ausente_comprovada,true,true,
134,PB:518:6,4,3,175,5,dt870_atualizacao,133,dt870_atualizacao · PlayerBooster.bin · registro 133 · bit 175 · largura 5,true,true,true,ausente_comprovada,true,true,
135,PB:498:6,1,3,144,5,dt870_atualizacao,134,dt870_atualizacao · PlayerBooster.bin · registro 134 · bit 144 · largura 5,true,false,true,ausente_comprovada,true,true,
135,PB:530:6,2,3,244,5,dt870_atualizacao,134,dt870_atualizacao · PlayerBooster.bin · registro 134 · bit 244 · largura 5,true,false,true,ausente_comprovada,true,true,
135,PB:384:6,3,3,249,5,dt870_atualizacao,134,dt870_atualizacao · PlayerBooster.bin · registro 134 · bit 249 · largura 5,true,false,true,ausente_comprovada,true,true,
135,PB:524:6,4,3,122,5,dt870_atualizacao,134,dt870_atualizacao · PlayerBooster.bin · registro 134 · bit 122 · largura 5,true,false,true,ausente_comprovada,true,true,
142,PB:498:6,1,4,144,5,dt870_atualizacao,136,dt870_atualizacao · PlayerBooster.bin · registro 136 · bit 144 · largura 5,true,false,true,ausente_comprovada,true,true,
142,PB:492:6,2,4,239,5,dt870_atualizacao,136,dt870_atualizacao · PlayerBooster.bin · registro 136 · bit 239 · largura 5,true,false,true,ausente_comprovada,true,true,
142,PB:486:6,3,4,217,5,dt870_atualizacao,136,dt870_atualizacao · PlayerBooster.bin · registro 136 · bit 217 · largura 5,true,false,true,ausente_comprovada,true,true,
142,PB:550:6,4,4,271,5,dt870_atualizacao,136,dt870_atualizacao · PlayerBooster.bin · registro 136 · bit 271 · largura 5,true,false,true,ausente_comprovada,true,true,
143,PB:498:6,1,4,144,5,dt870_atualizacao,137,dt870_atualizacao · PlayerBooster.bin · registro 137 · bit 144 · largura 5,true,false,true,ausente_comprovada,true,true,
143,PB:486:6,2,4,217,5,dt870_atualizacao,137,dt870_atualizacao · PlayerBooster.bin · registro 137 · bit 217 · largura 5,true,false,true,ausente_comprovada,true,true,
143,PB:384:6,3,4,249,5,dt870_atualizacao,137,dt870_atualizacao · PlayerBooster.bin · registro 137 · bit 249 · largura 5,true,false,true,ausente_comprovada,true,true,
143,PB:518:6,4,4,175,5,dt870_atualizacao,137,dt870_atualizacao · PlayerBooster.bin · registro 137 · bit 175 · largura 5,true,false,true,ausente_comprovada,true,true,
144,PB:498:6,1,4,144,5,dt870_atualizacao,138,dt870_atualizacao · PlayerBooster.bin · registro 138 · bit 144 · largura 5,true,true,true,ausente_comprovada,true,true,
144,PB:396:6,2,4,276,5,dt870_atualizacao,138,dt870_atualizacao · PlayerBooster.bin · registro 138 · bit 276 · largura 5,true,true,true,ausente_comprovada,true,true,
144,PB:492:6,3,4,239,5,dt870_atualizacao,138,dt870_atualizacao · PlayerBooster.bin · registro 138 · bit 239 · largura 5,true,true,true,ausente_comprovada,true,true,
144,PB:530:6,4,4,244,5,dt870_atualizacao,138,dt870_atualizacao · PlayerBooster.bin · registro 138 · bit 244 · largura 5,true,true,true,ausente_comprovada,true,true,
145,PB:390:6,1,2,261,5,dt870_atualizacao,139,dt870_atualizacao · PlayerBooster.bin · registro 139 · bit 261 · largura 5,true,false,true,ausente_comprovada,true,true,
145,PB:524:6,2,2,122,5,dt870_atualizacao,139,dt870_atualizacao · PlayerBooster.bin · registro 139 · bit 122 · largura 5,true,false,true,ausente_comprovada,true,true,
145,PB:454:6,3,2,234,5,dt870_atualizacao,139,dt870_atualizacao · PlayerBooster.bin · registro 139 · bit 234 · largura 5,true,false,true,ausente_comprovada,true,true,
145,PB:550:6,4,2,271,5,dt870_atualizacao,139,dt870_atualizacao · PlayerBooster.bin · registro 139 · bit 271 · largura 5,true,false,true,ausente_comprovada,true,true,
146,PB:512:6,1,2,170,5,dt870_atualizacao,140,dt870_atualizacao · PlayerBooster.bin · registro 140 · bit 170 · largura 5,true,false,true,ausente_comprovada,true,true,
146,PB:390:6,2,2,261,5,dt870_atualizacao,140,dt870_atualizacao · PlayerBooster.bin · registro 140 · bit 261 · largura 5,true,false,true,ausente_comprovada,true,true,
146,PB:544:6,3,2,266,5,dt870_atualizacao,140,dt870_atualizacao · PlayerBooster.bin · registro 140 · bit 266 · largura 5,true,false,true,ausente_comprovada,true,true,
146,PB:524:6,4,2,122,5,dt870_atualizacao,140,dt870_atualizacao · PlayerBooster.bin · registro 140 · bit 122 · largura 5,true,false,true,ausente_comprovada,true,true,
147,PB:530:6,1,2,244,5,dt870_atualizacao,141,dt870_atualizacao · PlayerBooster.bin · registro 141 · bit 244 · largura 5,true,false,true,ausente_comprovada,true,true,
147,PB:384:6,2,2,249,5,dt870_atualizacao,141,dt870_atualizacao · PlayerBooster.bin · registro 141 · bit 249 · largura 5,true,false,true,ausente_comprovada,true,true,
147,PB:448:6,3,2,229,5,dt870_atualizacao,141,dt870_atualizacao · PlayerBooster.bin · registro 141 · bit 229 · largura 5,true,false,true,ausente_comprovada,true,true,
147,PB:524:6,4,2,122,5,dt870_atualizacao,141,dt870_atualizacao · PlayerBooster.bin · registro 141 · bit 122 · largura 5,true,false,true,ausente_comprovada,true,true,
148,PB:498:6,1,2,144,5,dt870_atualizacao,142,dt870_atualizacao · PlayerBooster.bin · registro 142 · bit 144 · largura 5,true,false,true,ausente_comprovada,true,true,
148,PB:396:6,2,2,276,5,dt870_atualizacao,142,dt870_atualizacao · PlayerBooster.bin · registro 142 · bit 276 · largura 5,true,false,true,ausente_comprovada,true,true,
148,PB:384:6,3,2,249,5,dt870_atualizacao,142,dt870_atualizacao · PlayerBooster.bin · registro 142 · bit 249 · largura 5,true,false,true,ausente_comprovada,true,true,
148,PB:524:6,4,2,122,5,dt870_atualizacao,142,dt870_atualizacao · PlayerBooster.bin · registro 142 · bit 122 · largura 5,true,false,true,ausente_comprovada,true,true,
149,PB:396:6,1,2,276,5,dt870_atualizacao,143,dt870_atualizacao · PlayerBooster.bin · registro 143 · bit 276 · largura 5,true,true,true,ausente_comprovada,true,true,
149,PB:504:6,2,2,149,5,dt870_atualizacao,143,dt870_atualizacao · PlayerBooster.bin · registro 143 · bit 149 · largura 5,true,true,true,ausente_comprovada,true,true,
149,PB:518:6,3,2,175,5,dt870_atualizacao,143,dt870_atualizacao · PlayerBooster.bin · registro 143 · bit 175 · largura 5,true,true,true,ausente_comprovada,true,true,
149,PB:550:6,4,2,271,5,dt870_atualizacao,143,dt870_atualizacao · PlayerBooster.bin · registro 143 · bit 271 · largura 5,true,true,true,ausente_comprovada,true,true,
150,PB:498:6,1,2,144,5,dt870_atualizacao,144,dt870_atualizacao · PlayerBooster.bin · registro 144 · bit 144 · largura 5,true,false,true,ausente_comprovada,true,true,
150,PB:390:6,2,2,261,5,dt870_atualizacao,144,dt870_atualizacao · PlayerBooster.bin · registro 144 · bit 261 · largura 5,true,false,true,ausente_comprovada,true,true,
150,PB:486:6,3,2,217,5,dt870_atualizacao,144,dt870_atualizacao · PlayerBooster.bin · registro 144 · bit 217 · largura 5,true,false,true,ausente_comprovada,true,true,
150,PB:480:6,4,2,202,5,dt870_atualizacao,144,dt870_atualizacao · PlayerBooster.bin · registro 144 · bit 202 · largura 5,true,false,true,ausente_comprovada,true,true,
151,PB:544:6,1,2,266,5,dt870_atualizacao,145,dt870_atualizacao · PlayerBooster.bin · registro 145 · bit 266 · largura 5,true,false,true,ausente_comprovada,true,true,
151,PB:524:6,2,2,122,5,dt870_atualizacao,145,dt870_atualizacao · PlayerBooster.bin · registro 145 · bit 122 · largura 5,true,false,true,ausente_comprovada,true,true,
151,PB:518:6,3,2,175,5,dt870_atualizacao,145,dt870_atualizacao · PlayerBooster.bin · registro 145 · bit 175 · largura 5,true,false,true,ausente_comprovada,true,true,
151,PB:454:6,4,2,234,5,dt870_atualizacao,145,dt870_atualizacao · PlayerBooster.bin · registro 145 · bit 234 · largura 5,true,false,true,ausente_comprovada,true,true,
152,PB:390:6,1,2,261,5,dt870_atualizacao,146,dt870_atualizacao · PlayerBooster.bin · registro 146 · bit 261 · largura 5,true,false,true,ausente_comprovada,true,true,
152,PB:402:6,2,2,281,5,dt870_atualizacao,146,dt870_atualizacao · PlayerBooster.bin · registro 146 · bit 281 · largura 5,true,false,true,ausente_comprovada,true,true,
152,PB:408:6,3,2,160,5,dt870_atualizacao,146,dt870_atualizacao · PlayerBooster.bin · registro 146 · bit 160 · largura 5,true,false,true,ausente_comprovada,true,true,
152,PB:518:6,4,2,175,5,dt870_atualizacao,146,dt870_atualizacao · PlayerBooster.bin · registro 146 · bit 175 · largura 5,true,false,true,ausente_comprovada,true,true,
153,PB:492:6,1,2,239,5,dt870_atualizacao,147,dt870_atualizacao · PlayerBooster.bin · registro 147 · bit 239 · largura 5,true,false,true,ausente_comprovada,true,true,
153,PB:384:6,2,2,249,5,dt870_atualizacao,147,dt870_atualizacao · PlayerBooster.bin · registro 147 · bit 249 · largura 5,true,false,true,ausente_comprovada,true,true,
153,PB:518:6,3,2,175,5,dt870_atualizacao,147,dt870_atualizacao · PlayerBooster.bin · registro 147 · bit 175 · largura 5,true,false,true,ausente_comprovada,true,true,
153,PB:434:6,4,2,180,5,dt870_atualizacao,147,dt870_atualizacao · PlayerBooster.bin · registro 147 · bit 180 · largura 5,true,false,true,ausente_comprovada,true,true,
154,PB:408:6,1,2,160,5,dt870_atualizacao,148,dt870_atualizacao · PlayerBooster.bin · registro 148 · bit 160 · largura 5,true,true,true,ausente_comprovada,true,true,
154,PB:384:6,2,2,249,5,dt870_atualizacao,148,dt870_atualizacao · PlayerBooster.bin · registro 148 · bit 249 · largura 5,true,true,true,ausente_comprovada,true,true,
154,PB:518:6,3,2,175,5,dt870_atualizacao,148,dt870_atualizacao · PlayerBooster.bin · registro 148 · bit 175 · largura 5,true,true,true,ausente_comprovada,true,true,
154,PB:434:6,4,2,180,5,dt870_atualizacao,148,dt870_atualizacao · PlayerBooster.bin · registro 148 · bit 180 · largura 5,true,true,true,ausente_comprovada,true,true,
155,PB:498:6,1,2,144,5,dt870_atualizacao,149,dt870_atualizacao · PlayerBooster.bin · registro 149 · bit 144 · largura 5,true,false,true,ausente_comprovada,true,true,
155,PB:486:6,2,2,217,5,dt870_atualizacao,149,dt870_atualizacao · PlayerBooster.bin · registro 149 · bit 217 · largura 5,true,false,true,ausente_comprovada,true,true,
155,PB:434:6,3,2,180,5,dt870_atualizacao,149,dt870_atualizacao · PlayerBooster.bin · registro 149 · bit 180 · largura 5,true,false,true,ausente_comprovada,true,true,
155,PB:480:6,4,2,202,5,dt870_atualizacao,149,dt870_atualizacao · PlayerBooster.bin · registro 149 · bit 202 · largura 5,true,false,true,ausente_comprovada,true,true,
156,PB:512:6,1,2,170,5,dt870_atualizacao,150,dt870_atualizacao · PlayerBooster.bin · registro 150 · bit 170 · largura 5,true,false,true,ausente_comprovada,true,true,
156,PB:486:6,2,2,217,5,dt870_atualizacao,150,dt870_atualizacao · PlayerBooster.bin · registro 150 · bit 217 · largura 5,true,false,true,ausente_comprovada,true,true,
156,PB:518:6,3,2,175,5,dt870_atualizacao,150,dt870_atualizacao · PlayerBooster.bin · registro 150 · bit 175 · largura 5,true,false,true,ausente_comprovada,true,true,
156,PB:454:6,4,2,234,5,dt870_atualizacao,150,dt870_atualizacao · PlayerBooster.bin · registro 150 · bit 234 · largura 5,true,false,true,ausente_comprovada,true,true,
157,PB:408:6,1,4,160,5,dt870_atualizacao,151,dt870_atualizacao · PlayerBooster.bin · registro 151 · bit 160 · largura 5,true,false,true,ausente_comprovada,true,true,
157,PB:384:6,2,4,249,5,dt870_atualizacao,151,dt870_atualizacao · PlayerBooster.bin · registro 151 · bit 249 · largura 5,true,false,true,ausente_comprovada,true,true,
157,PB:518:6,3,4,175,5,dt870_atualizacao,151,dt870_atualizacao · PlayerBooster.bin · registro 151 · bit 175 · largura 5,true,false,true,ausente_comprovada,true,true,
157,PB:434:6,4,4,180,5,dt870_atualizacao,151,dt870_atualizacao · PlayerBooster.bin · registro 151 · bit 180 · largura 5,true,false,true,ausente_comprovada,true,true,
158,PB:390:6,1,3,261,5,dt870_atualizacao,152,dt870_atualizacao · PlayerBooster.bin · registro 152 · bit 261 · largura 5,true,false,true,ausente_comprovada,true,true,
158,PB:524:6,2,3,122,5,dt870_atualizacao,152,dt870_atualizacao · PlayerBooster.bin · registro 152 · bit 122 · largura 5,true,false,true,ausente_comprovada,true,true,
158,PB:454:6,3,3,234,5,dt870_atualizacao,152,dt870_atualizacao · PlayerBooster.bin · registro 152 · bit 234 · largura 5,true,false,true,ausente_comprovada,true,true,
158,PB:550:6,4,3,271,5,dt870_atualizacao,152,dt870_atualizacao · PlayerBooster.bin · registro 152 · bit 271 · largura 5,true,false,true,ausente_comprovada,true,true,
159,PB:512:6,1,3,170,5,dt870_atualizacao,153,dt870_atualizacao · PlayerBooster.bin · registro 153 · bit 170 · largura 5,true,true,true,ausente_comprovada,true,true,
159,PB:390:6,2,3,261,5,dt870_atualizacao,153,dt870_atualizacao · PlayerBooster.bin · registro 153 · bit 261 · largura 5,true,true,true,ausente_comprovada,true,true,
159,PB:544:6,3,3,266,5,dt870_atualizacao,153,dt870_atualizacao · PlayerBooster.bin · registro 153 · bit 266 · largura 5,true,true,true,ausente_comprovada,true,true,
159,PB:524:6,4,3,122,5,dt870_atualizacao,153,dt870_atualizacao · PlayerBooster.bin · registro 153 · bit 122 · largura 5,true,true,true,ausente_comprovada,true,true,
160,PB:530:6,1,3,244,5,dt870_atualizacao,154,dt870_atualizacao · PlayerBooster.bin · registro 154 · bit 244 · largura 5,true,false,true,ausente_comprovada,true,true,
160,PB:384:6,2,3,249,5,dt870_atualizacao,154,dt870_atualizacao · PlayerBooster.bin · registro 154 · bit 249 · largura 5,true,false,true,ausente_comprovada,true,true,
160,PB:448:6,3,3,229,5,dt870_atualizacao,154,dt870_atualizacao · PlayerBooster.bin · registro 154 · bit 229 · largura 5,true,false,true,ausente_comprovada,true,true,
160,PB:524:6,4,3,122,5,dt870_atualizacao,154,dt870_atualizacao · PlayerBooster.bin · registro 154 · bit 122 · largura 5,true,false,true,ausente_comprovada,true,true,
161,PB:498:6,1,3,144,5,dt870_atualizacao,155,dt870_atualizacao · PlayerBooster.bin · registro 155 · bit 144 · largura 5,true,true,true,ausente_comprovada,true,true,
161,PB:396:6,2,3,276,5,dt870_atualizacao,155,dt870_atualizacao · PlayerBooster.bin · registro 155 · bit 276 · largura 5,true,true,true,ausente_comprovada,true,true,
161,PB:384:6,3,3,249,5,dt870_atualizacao,155,dt870_atualizacao · PlayerBooster.bin · registro 155 · bit 249 · largura 5,true,true,true,ausente_comprovada,true,true,
161,PB:524:6,4,3,122,5,dt870_atualizacao,155,dt870_atualizacao · PlayerBooster.bin · registro 155 · bit 122 · largura 5,true,true,true,ausente_comprovada,true,true,
162,PB:396:6,1,3,276,5,dt870_atualizacao,156,dt870_atualizacao · PlayerBooster.bin · registro 156 · bit 276 · largura 5,true,false,true,ausente_comprovada,true,true,
162,PB:504:6,2,3,149,5,dt870_atualizacao,156,dt870_atualizacao · PlayerBooster.bin · registro 156 · bit 149 · largura 5,true,false,true,ausente_comprovada,true,true,
162,PB:518:6,3,3,175,5,dt870_atualizacao,156,dt870_atualizacao · PlayerBooster.bin · registro 156 · bit 175 · largura 5,true,false,true,ausente_comprovada,true,true,
162,PB:550:6,4,3,271,5,dt870_atualizacao,156,dt870_atualizacao · PlayerBooster.bin · registro 156 · bit 271 · largura 5,true,false,true,ausente_comprovada,true,true,
163,PB:498:6,1,3,144,5,dt870_atualizacao,157,dt870_atualizacao · PlayerBooster.bin · registro 157 · bit 144 · largura 5,true,false,true,ausente_comprovada,true,true,
163,PB:390:6,2,3,261,5,dt870_atualizacao,157,dt870_atualizacao · PlayerBooster.bin · registro 157 · bit 261 · largura 5,true,false,true,ausente_comprovada,true,true,
163,PB:486:6,3,3,217,5,dt870_atualizacao,157,dt870_atualizacao · PlayerBooster.bin · registro 157 · bit 217 · largura 5,true,false,true,ausente_comprovada,true,true,
163,PB:480:6,4,3,202,5,dt870_atualizacao,157,dt870_atualizacao · PlayerBooster.bin · registro 157 · bit 202 · largura 5,true,false,true,ausente_comprovada,true,true,
164,PB:544:6,1,3,266,5,dt870_atualizacao,158,dt870_atualizacao · PlayerBooster.bin · registro 158 · bit 266 · largura 5,true,true,true,ausente_comprovada,true,true,
164,PB:524:6,2,3,122,5,dt870_atualizacao,158,dt870_atualizacao · PlayerBooster.bin · registro 158 · bit 122 · largura 5,true,true,true,ausente_comprovada,true,true,
164,PB:518:6,3,3,175,5,dt870_atualizacao,158,dt870_atualizacao · PlayerBooster.bin · registro 158 · bit 175 · largura 5,true,true,true,ausente_comprovada,true,true,
164,PB:454:6,4,3,234,5,dt870_atualizacao,158,dt870_atualizacao · PlayerBooster.bin · registro 158 · bit 234 · largura 5,true,true,true,ausente_comprovada,true,true,
165,PB:390:6,1,3,261,5,dt870_atualizacao,159,dt870_atualizacao · PlayerBooster.bin · registro 159 · bit 261 · largura 5,true,false,true,ausente_comprovada,true,true,
165,PB:402:6,2,3,281,5,dt870_atualizacao,159,dt870_atualizacao · PlayerBooster.bin · registro 159 · bit 281 · largura 5,true,false,true,ausente_comprovada,true,true,
165,PB:408:6,3,3,160,5,dt870_atualizacao,159,dt870_atualizacao · PlayerBooster.bin · registro 159 · bit 160 · largura 5,true,false,true,ausente_comprovada,true,true,
165,PB:518:6,4,3,175,5,dt870_atualizacao,159,dt870_atualizacao · PlayerBooster.bin · registro 159 · bit 175 · largura 5,true,false,true,ausente_comprovada,true,true,
166,PB:492:6,1,3,239,5,dt870_atualizacao,160,dt870_atualizacao · PlayerBooster.bin · registro 160 · bit 239 · largura 5,true,false,true,ausente_comprovada,true,true,
166,PB:384:6,2,3,249,5,dt870_atualizacao,160,dt870_atualizacao · PlayerBooster.bin · registro 160 · bit 249 · largura 5,true,false,true,ausente_comprovada,true,true,
166,PB:518:6,3,3,175,5,dt870_atualizacao,160,dt870_atualizacao · PlayerBooster.bin · registro 160 · bit 175 · largura 5,true,false,true,ausente_comprovada,true,true,
166,PB:434:6,4,3,180,5,dt870_atualizacao,160,dt870_atualizacao · PlayerBooster.bin · registro 160 · bit 180 · largura 5,true,false,true,ausente_comprovada,true,true,
167,PB:408:6,1,3,160,5,dt870_atualizacao,161,dt870_atualizacao · PlayerBooster.bin · registro 161 · bit 160 · largura 5,true,false,true,ausente_comprovada,true,true,
167,PB:384:6,2,3,249,5,dt870_atualizacao,161,dt870_atualizacao · PlayerBooster.bin · registro 161 · bit 249 · largura 5,true,false,true,ausente_comprovada,true,true,
167,PB:518:6,3,3,175,5,dt870_atualizacao,161,dt870_atualizacao · PlayerBooster.bin · registro 161 · bit 175 · largura 5,true,false,true,ausente_comprovada,true,true,
167,PB:434:6,4,3,180,5,dt870_atualizacao,161,dt870_atualizacao · PlayerBooster.bin · registro 161 · bit 180 · largura 5,true,false,true,ausente_comprovada,true,true,
168,PB:498:6,1,3,144,5,dt870_atualizacao,162,dt870_atualizacao · PlayerBooster.bin · registro 162 · bit 144 · largura 5,true,false,true,ausente_comprovada,true,true,
168,PB:486:6,2,3,217,5,dt870_atualizacao,162,dt870_atualizacao · PlayerBooster.bin · registro 162 · bit 217 · largura 5,true,false,true,ausente_comprovada,true,true,
168,PB:434:6,3,3,180,5,dt870_atualizacao,162,dt870_atualizacao · PlayerBooster.bin · registro 162 · bit 180 · largura 5,true,false,true,ausente_comprovada,true,true,
168,PB:480:6,4,3,202,5,dt870_atualizacao,162,dt870_atualizacao · PlayerBooster.bin · registro 162 · bit 202 · largura 5,true,false,true,ausente_comprovada,true,true,
169,PB:512:6,1,3,170,5,dt870_atualizacao,163,dt870_atualizacao · PlayerBooster.bin · registro 163 · bit 170 · largura 5,true,true,true,ausente_comprovada,true,true,
169,PB:486:6,2,3,217,5,dt870_atualizacao,163,dt870_atualizacao · PlayerBooster.bin · registro 163 · bit 217 · largura 5,true,true,true,ausente_comprovada,true,true,
169,PB:518:6,3,3,175,5,dt870_atualizacao,163,dt870_atualizacao · PlayerBooster.bin · registro 163 · bit 175 · largura 5,true,true,true,ausente_comprovada,true,true,
169,PB:454:6,4,3,234,5,dt870_atualizacao,163,dt870_atualizacao · PlayerBooster.bin · registro 163 · bit 234 · largura 5,true,true,true,ausente_comprovada,true,true,
170,PB:512:6,1,3,170,5,dt870_atualizacao,164,dt870_atualizacao · PlayerBooster.bin · registro 164 · bit 170 · largura 5,true,false,true,presente_sem_semantica,false,false,semantica_e_parametros_da_condicao
170,PB:498:6,2,3,144,5,dt870_atualizacao,164,dt870_atualizacao · PlayerBooster.bin · registro 164 · bit 144 · largura 5,true,false,true,presente_sem_semantica,false,false,semantica_e_parametros_da_condicao
170,PB:396:6,3,3,276,5,dt870_atualizacao,164,dt870_atualizacao · PlayerBooster.bin · registro 164 · bit 276 · largura 5,true,false,true,presente_sem_semantica,false,false,semantica_e_parametros_da_condicao
170,PB:504:6,4,3,149,5,dt870_atualizacao,164,dt870_atualizacao · PlayerBooster.bin · registro 164 · bit 149 · largura 5,true,false,true,presente_sem_semantica,false,false,semantica_e_parametros_da_condicao
170,PB:416:6,5,3,165,5,dt870_atualizacao,164,dt870_atualizacao · PlayerBooster.bin · registro 164 · bit 165 · largura 5,true,false,true,presente_sem_semantica,false,false,semantica_e_parametros_da_condicao
170,PB:422:6,7,3,224,5,dt870_atualizacao,164,dt870_atualizacao · PlayerBooster.bin · registro 164 · bit 224 · largura 5,true,false,true,presente_sem_semantica,false,false,semantica_e_parametros_da_condicao
170,PB:390:6,8,3,261,5,dt870_atualizacao,164,dt870_atualizacao · PlayerBooster.bin · registro 164 · bit 261 · largura 5,true,false,true,presente_sem_semantica,false,false,semantica_e_parametros_da_condicao
170,PB:544:6,9,3,266,5,dt870_atualizacao,164,dt870_atualizacao · PlayerBooster.bin · registro 164 · bit 266 · largura 5,true,false,true,presente_sem_semantica,false,false,semantica_e_parametros_da_condicao
170,PB:492:6,10,3,239,5,dt870_atualizacao,164,dt870_atualizacao · PlayerBooster.bin · registro 164 · bit 239 · largura 5,true,false,true,presente_sem_semantica,false,false,semantica_e_parametros_da_condicao
170,PB:486:6,11,3,217,5,dt870_atualizacao,164,dt870_atualizacao · PlayerBooster.bin · registro 164 · bit 217 · largura 5,true,false,true,presente_sem_semantica,false,false,semantica_e_parametros_da_condicao
170,PB:530:6,12,3,244,5,dt870_atualizacao,164,dt870_atualizacao · PlayerBooster.bin · registro 164 · bit 244 · largura 5,true,false,true,presente_sem_semantica,false,false,semantica_e_parametros_da_condicao
170,PB:402:6,14,3,281,5,dt870_atualizacao,164,dt870_atualizacao · PlayerBooster.bin · registro 164 · bit 281 · largura 5,true,false,true,presente_sem_semantica,false,false,semantica_e_parametros_da_condicao
170,PB:408:6,15,3,160,5,dt870_atualizacao,164,dt870_atualizacao · PlayerBooster.bin · registro 164 · bit 160 · largura 5,true,false,true,presente_sem_semantica,false,false,semantica_e_parametros_da_condicao
170,PB:384:6,16,3,249,5,dt870_atualizacao,164,dt870_atualizacao · PlayerBooster.bin · registro 164 · bit 249 · largura 5,true,false,true,presente_sem_semantica,false,false,semantica_e_parametros_da_condicao
170,PB:448:6,17,3,229,5,dt870_atualizacao,164,dt870_atualizacao · PlayerBooster.bin · registro 164 · bit 229 · largura 5,true,false,true,presente_sem_semantica,false,false,semantica_e_parametros_da_condicao
170,PB:524:6,18,3,122,5,dt870_atualizacao,164,dt870_atualizacao · PlayerBooster.bin · registro 164 · bit 122 · largura 5,true,false,true,presente_sem_semantica,false,false,semantica_e_parametros_da_condicao
170,PB:518:6,19,3,175,5,dt870_atualizacao,164,dt870_atualizacao · PlayerBooster.bin · registro 164 · bit 175 · largura 5,true,false,true,presente_sem_semantica,false,false,semantica_e_parametros_da_condicao
170,PB:368:6,20,3,154,5,dt870_atualizacao,164,dt870_atualizacao · PlayerBooster.bin · registro 164 · bit 154 · largura 5,true,false,true,presente_sem_semantica,false,false,semantica_e_parametros_da_condicao
170,PB:434:6,22,3,180,5,dt870_atualizacao,164,dt870_atualizacao · PlayerBooster.bin · registro 164 · bit 180 · largura 5,true,false,true,presente_sem_semantica,false,false,semantica_e_parametros_da_condicao
170,PB:480:6,23,3,202,5,dt870_atualizacao,164,dt870_atualizacao · PlayerBooster.bin · registro 164 · bit 202 · largura 5,true,false,true,presente_sem_semantica,false,false,semantica_e_parametros_da_condicao
170,PB:428:6,24,3,185,5,dt870_atualizacao,164,dt870_atualizacao · PlayerBooster.bin · registro 164 · bit 185 · largura 5,true,false,true,presente_sem_semantica,false,false,semantica_e_parametros_da_condicao
170,PB:454:6,25,3,234,5,dt870_atualizacao,164,dt870_atualizacao · PlayerBooster.bin · registro 164 · bit 234 · largura 5,true,false,true,presente_sem_semantica,false,false,semantica_e_parametros_da_condicao
170,PB:550:6,26,3,271,5,dt870_atualizacao,164,dt870_atualizacao · PlayerBooster.bin · registro 164 · bit 271 · largura 5,true,false,true,presente_sem_semantica,false,false,semantica_e_parametros_da_condicao
170,PB:472:6,13,3,,5,dt870_atualizacao,164,dt870_atualizacao · PlayerBooster.bin · registro 164 · conjunto GK bits 192/197/256,true,false,true,presente_sem_semantica,false,false,permutacao_semantica_dos_tres_campos_gk; semantica_e_parametros_da_condicao
170,PB:466:6,6,3,,5,dt870_atualizacao,164,dt870_atualizacao · PlayerBooster.bin · registro 164 · conjunto GK bits 192/197/256,true,false,true,presente_sem_semantica,false,false,permutacao_semantica_dos_tres_campos_gk; semantica_e_parametros_da_condicao
170,PB:460:6,21,3,,5,dt870_atualizacao,164,dt870_atualizacao · PlayerBooster.bin · registro 164 · conjunto GK bits 192/197/256,true,false,true,presente_sem_semantica,false,false,permutacao_semantica_dos_tres_campos_gk; semantica_e_parametros_da_condicao
171,PB:512:6,1,3,170,5,dt870_atualizacao,165,dt870_atualizacao · PlayerBooster.bin · registro 165 · bit 170 · largura 5,true,false,true,presente_sem_semantica,false,false,semantica_e_parametros_da_condicao
171,PB:498:6,2,3,144,5,dt870_atualizacao,165,dt870_atualizacao · PlayerBooster.bin · registro 165 · bit 144 · largura 5,true,false,true,presente_sem_semantica,false,false,semantica_e_parametros_da_condicao
171,PB:396:6,3,3,276,5,dt870_atualizacao,165,dt870_atualizacao · PlayerBooster.bin · registro 165 · bit 276 · largura 5,true,false,true,presente_sem_semantica,false,false,semantica_e_parametros_da_condicao
171,PB:504:6,4,3,149,5,dt870_atualizacao,165,dt870_atualizacao · PlayerBooster.bin · registro 165 · bit 149 · largura 5,true,false,true,presente_sem_semantica,false,false,semantica_e_parametros_da_condicao
171,PB:416:6,5,3,165,5,dt870_atualizacao,165,dt870_atualizacao · PlayerBooster.bin · registro 165 · bit 165 · largura 5,true,false,true,presente_sem_semantica,false,false,semantica_e_parametros_da_condicao
171,PB:422:6,7,3,224,5,dt870_atualizacao,165,dt870_atualizacao · PlayerBooster.bin · registro 165 · bit 224 · largura 5,true,false,true,presente_sem_semantica,false,false,semantica_e_parametros_da_condicao
171,PB:390:6,8,3,261,5,dt870_atualizacao,165,dt870_atualizacao · PlayerBooster.bin · registro 165 · bit 261 · largura 5,true,false,true,presente_sem_semantica,false,false,semantica_e_parametros_da_condicao
171,PB:544:6,9,3,266,5,dt870_atualizacao,165,dt870_atualizacao · PlayerBooster.bin · registro 165 · bit 266 · largura 5,true,false,true,presente_sem_semantica,false,false,semantica_e_parametros_da_condicao
171,PB:492:6,10,3,239,5,dt870_atualizacao,165,dt870_atualizacao · PlayerBooster.bin · registro 165 · bit 239 · largura 5,true,false,true,presente_sem_semantica,false,false,semantica_e_parametros_da_condicao
171,PB:486:6,11,3,217,5,dt870_atualizacao,165,dt870_atualizacao · PlayerBooster.bin · registro 165 · bit 217 · largura 5,true,false,true,presente_sem_semantica,false,false,semantica_e_parametros_da_condicao
171,PB:530:6,12,3,244,5,dt870_atualizacao,165,dt870_atualizacao · PlayerBooster.bin · registro 165 · bit 244 · largura 5,true,false,true,presente_sem_semantica,false,false,semantica_e_parametros_da_condicao
171,PB:402:6,14,3,281,5,dt870_atualizacao,165,dt870_atualizacao · PlayerBooster.bin · registro 165 · bit 281 · largura 5,true,false,true,presente_sem_semantica,false,false,semantica_e_parametros_da_condicao
171,PB:408:6,15,3,160,5,dt870_atualizacao,165,dt870_atualizacao · PlayerBooster.bin · registro 165 · bit 160 · largura 5,true,false,true,presente_sem_semantica,false,false,semantica_e_parametros_da_condicao
171,PB:384:6,16,3,249,5,dt870_atualizacao,165,dt870_atualizacao · PlayerBooster.bin · registro 165 · bit 249 · largura 5,true,false,true,presente_sem_semantica,false,false,semantica_e_parametros_da_condicao
171,PB:448:6,17,3,229,5,dt870_atualizacao,165,dt870_atualizacao · PlayerBooster.bin · registro 165 · bit 229 · largura 5,true,false,true,presente_sem_semantica,false,false,semantica_e_parametros_da_condicao
171,PB:524:6,18,3,122,5,dt870_atualizacao,165,dt870_atualizacao · PlayerBooster.bin · registro 165 · bit 122 · largura 5,true,false,true,presente_sem_semantica,false,false,semantica_e_parametros_da_condicao
171,PB:518:6,19,3,175,5,dt870_atualizacao,165,dt870_atualizacao · PlayerBooster.bin · registro 165 · bit 175 · largura 5,true,false,true,presente_sem_semantica,false,false,semantica_e_parametros_da_condicao
171,PB:368:6,20,3,154,5,dt870_atualizacao,165,dt870_atualizacao · PlayerBooster.bin · registro 165 · bit 154 · largura 5,true,false,true,presente_sem_semantica,false,false,semantica_e_parametros_da_condicao
171,PB:434:6,22,3,180,5,dt870_atualizacao,165,dt870_atualizacao · PlayerBooster.bin · registro 165 · bit 180 · largura 5,true,false,true,presente_sem_semantica,false,false,semantica_e_parametros_da_condicao
171,PB:480:6,23,3,202,5,dt870_atualizacao,165,dt870_atualizacao · PlayerBooster.bin · registro 165 · bit 202 · largura 5,true,false,true,presente_sem_semantica,false,false,semantica_e_parametros_da_condicao
171,PB:428:6,24,3,185,5,dt870_atualizacao,165,dt870_atualizacao · PlayerBooster.bin · registro 165 · bit 185 · largura 5,true,false,true,presente_sem_semantica,false,false,semantica_e_parametros_da_condicao
171,PB:454:6,25,3,234,5,dt870_atualizacao,165,dt870_atualizacao · PlayerBooster.bin · registro 165 · bit 234 · largura 5,true,false,true,presente_sem_semantica,false,false,semantica_e_parametros_da_condicao
171,PB:550:6,26,3,271,5,dt870_atualizacao,165,dt870_atualizacao · PlayerBooster.bin · registro 165 · bit 271 · largura 5,true,false,true,presente_sem_semantica,false,false,semantica_e_parametros_da_condicao
171,PB:472:6,13,3,,5,dt870_atualizacao,165,dt870_atualizacao · PlayerBooster.bin · registro 165 · conjunto GK bits 192/197/256,true,false,true,presente_sem_semantica,false,false,permutacao_semantica_dos_tres_campos_gk; semantica_e_parametros_da_condicao
171,PB:466:6,6,3,,5,dt870_atualizacao,165,dt870_atualizacao · PlayerBooster.bin · registro 165 · conjunto GK bits 192/197/256,true,false,true,presente_sem_semantica,false,false,permutacao_semantica_dos_tres_campos_gk; semantica_e_parametros_da_condicao
171,PB:460:6,21,3,,5,dt870_atualizacao,165,dt870_atualizacao · PlayerBooster.bin · registro 165 · conjunto GK bits 192/197/256,true,false,true,presente_sem_semantica,false,false,permutacao_semantica_dos_tres_campos_gk; semantica_e_parametros_da_condicao
173,PB:512:6,1,1,170,5,dt870_atualizacao,167,dt870_atualizacao · PlayerBooster.bin · registro 167 · bit 170 · largura 5,true,false,true,ausente_comprovada,true,true,
173,PB:390:6,2,1,261,5,dt870_atualizacao,167,dt870_atualizacao · PlayerBooster.bin · registro 167 · bit 261 · largura 5,true,false,true,ausente_comprovada,true,true,
173,PB:544:6,3,1,266,5,dt870_atualizacao,167,dt870_atualizacao · PlayerBooster.bin · registro 167 · bit 266 · largura 5,true,false,true,ausente_comprovada,true,true,
173,PB:524:6,4,1,122,5,dt870_atualizacao,167,dt870_atualizacao · PlayerBooster.bin · registro 167 · bit 122 · largura 5,true,false,true,ausente_comprovada,true,true,
175,PB:498:6,1,1,144,5,dt870_atualizacao,169,dt870_atualizacao · PlayerBooster.bin · registro 169 · bit 144 · largura 5,true,false,true,ausente_comprovada,true,true,
175,PB:396:6,2,1,276,5,dt870_atualizacao,169,dt870_atualizacao · PlayerBooster.bin · registro 169 · bit 276 · largura 5,true,false,true,ausente_comprovada,true,true,
175,PB:384:6,3,1,249,5,dt870_atualizacao,169,dt870_atualizacao · PlayerBooster.bin · registro 169 · bit 249 · largura 5,true,false,true,ausente_comprovada,true,true,
175,PB:524:6,4,1,122,5,dt870_atualizacao,169,dt870_atualizacao · PlayerBooster.bin · registro 169 · bit 122 · largura 5,true,false,true,ausente_comprovada,true,true,
184,PB:390:6,1,3,261,5,dt870_atualizacao,178,dt870_atualizacao · PlayerBooster.bin · registro 178 · bit 261 · largura 5,true,true,true,ausente_comprovada,true,true,
184,PB:524:6,2,3,122,5,dt870_atualizacao,178,dt870_atualizacao · PlayerBooster.bin · registro 178 · bit 122 · largura 5,true,true,true,ausente_comprovada,true,true,
184,PB:454:6,3,3,234,5,dt870_atualizacao,178,dt870_atualizacao · PlayerBooster.bin · registro 178 · bit 234 · largura 5,true,true,true,ausente_comprovada,true,true,
184,PB:550:6,4,3,271,5,dt870_atualizacao,178,dt870_atualizacao · PlayerBooster.bin · registro 178 · bit 271 · largura 5,true,true,true,ausente_comprovada,true,true,
185,PB:512:6,1,3,170,5,dt870_atualizacao,179,dt870_atualizacao · PlayerBooster.bin · registro 179 · bit 170 · largura 5,true,false,true,ausente_comprovada,true,true,
185,PB:390:6,2,3,261,5,dt870_atualizacao,179,dt870_atualizacao · PlayerBooster.bin · registro 179 · bit 261 · largura 5,true,false,true,ausente_comprovada,true,true,
185,PB:544:6,3,3,266,5,dt870_atualizacao,179,dt870_atualizacao · PlayerBooster.bin · registro 179 · bit 266 · largura 5,true,false,true,ausente_comprovada,true,true,
185,PB:524:6,4,3,122,5,dt870_atualizacao,179,dt870_atualizacao · PlayerBooster.bin · registro 179 · bit 122 · largura 5,true,false,true,ausente_comprovada,true,true,
186,PB:530:6,1,3,244,5,dt870_atualizacao,180,dt870_atualizacao · PlayerBooster.bin · registro 180 · bit 244 · largura 5,true,false,true,ausente_comprovada,true,true,
186,PB:384:6,2,3,249,5,dt870_atualizacao,180,dt870_atualizacao · PlayerBooster.bin · registro 180 · bit 249 · largura 5,true,false,true,ausente_comprovada,true,true,
186,PB:448:6,3,3,229,5,dt870_atualizacao,180,dt870_atualizacao · PlayerBooster.bin · registro 180 · bit 229 · largura 5,true,false,true,ausente_comprovada,true,true,
186,PB:524:6,4,3,122,5,dt870_atualizacao,180,dt870_atualizacao · PlayerBooster.bin · registro 180 · bit 122 · largura 5,true,false,true,ausente_comprovada,true,true,
187,PB:498:6,1,3,144,5,dt870_atualizacao,181,dt870_atualizacao · PlayerBooster.bin · registro 181 · bit 144 · largura 5,true,false,true,ausente_comprovada,true,true,
187,PB:396:6,2,3,276,5,dt870_atualizacao,181,dt870_atualizacao · PlayerBooster.bin · registro 181 · bit 276 · largura 5,true,false,true,ausente_comprovada,true,true,
187,PB:384:6,3,3,249,5,dt870_atualizacao,181,dt870_atualizacao · PlayerBooster.bin · registro 181 · bit 249 · largura 5,true,false,true,ausente_comprovada,true,true,
187,PB:524:6,4,3,122,5,dt870_atualizacao,181,dt870_atualizacao · PlayerBooster.bin · registro 181 · bit 122 · largura 5,true,false,true,ausente_comprovada,true,true,
188,PB:396:6,1,3,276,5,dt870_atualizacao,182,dt870_atualizacao · PlayerBooster.bin · registro 182 · bit 276 · largura 5,true,false,true,ausente_comprovada,true,true,
188,PB:504:6,2,3,149,5,dt870_atualizacao,182,dt870_atualizacao · PlayerBooster.bin · registro 182 · bit 149 · largura 5,true,false,true,ausente_comprovada,true,true,
188,PB:518:6,3,3,175,5,dt870_atualizacao,182,dt870_atualizacao · PlayerBooster.bin · registro 182 · bit 175 · largura 5,true,false,true,ausente_comprovada,true,true,
188,PB:550:6,4,3,271,5,dt870_atualizacao,182,dt870_atualizacao · PlayerBooster.bin · registro 182 · bit 271 · largura 5,true,false,true,ausente_comprovada,true,true,
189,PB:498:6,1,3,144,5,dt870_atualizacao,183,dt870_atualizacao · PlayerBooster.bin · registro 183 · bit 144 · largura 5,true,true,true,ausente_comprovada,true,true,
189,PB:390:6,2,3,261,5,dt870_atualizacao,183,dt870_atualizacao · PlayerBooster.bin · registro 183 · bit 261 · largura 5,true,true,true,ausente_comprovada,true,true,
189,PB:486:6,3,3,217,5,dt870_atualizacao,183,dt870_atualizacao · PlayerBooster.bin · registro 183 · bit 217 · largura 5,true,true,true,ausente_comprovada,true,true,
189,PB:480:6,4,3,202,5,dt870_atualizacao,183,dt870_atualizacao · PlayerBooster.bin · registro 183 · bit 202 · largura 5,true,true,true,ausente_comprovada,true,true,
190,PB:544:6,1,3,266,5,dt870_atualizacao,184,dt870_atualizacao · PlayerBooster.bin · registro 184 · bit 266 · largura 5,true,false,true,ausente_comprovada,true,true,
190,PB:524:6,2,3,122,5,dt870_atualizacao,184,dt870_atualizacao · PlayerBooster.bin · registro 184 · bit 122 · largura 5,true,false,true,ausente_comprovada,true,true,
190,PB:518:6,3,3,175,5,dt870_atualizacao,184,dt870_atualizacao · PlayerBooster.bin · registro 184 · bit 175 · largura 5,true,false,true,ausente_comprovada,true,true,
190,PB:454:6,4,3,234,5,dt870_atualizacao,184,dt870_atualizacao · PlayerBooster.bin · registro 184 · bit 234 · largura 5,true,false,true,ausente_comprovada,true,true,
191,PB:390:6,1,3,261,5,dt870_atualizacao,185,dt870_atualizacao · PlayerBooster.bin · registro 185 · bit 261 · largura 5,true,false,true,ausente_comprovada,true,true,
191,PB:402:6,2,3,281,5,dt870_atualizacao,185,dt870_atualizacao · PlayerBooster.bin · registro 185 · bit 281 · largura 5,true,false,true,ausente_comprovada,true,true,
191,PB:408:6,3,3,160,5,dt870_atualizacao,185,dt870_atualizacao · PlayerBooster.bin · registro 185 · bit 160 · largura 5,true,false,true,ausente_comprovada,true,true,
191,PB:518:6,4,3,175,5,dt870_atualizacao,185,dt870_atualizacao · PlayerBooster.bin · registro 185 · bit 175 · largura 5,true,false,true,ausente_comprovada,true,true,
192,PB:492:6,1,3,239,5,dt870_atualizacao,186,dt870_atualizacao · PlayerBooster.bin · registro 186 · bit 239 · largura 5,true,false,true,ausente_comprovada,true,true,
192,PB:384:6,2,3,249,5,dt870_atualizacao,186,dt870_atualizacao · PlayerBooster.bin · registro 186 · bit 249 · largura 5,true,false,true,ausente_comprovada,true,true,
192,PB:518:6,3,3,175,5,dt870_atualizacao,186,dt870_atualizacao · PlayerBooster.bin · registro 186 · bit 175 · largura 5,true,false,true,ausente_comprovada,true,true,
192,PB:434:6,4,3,180,5,dt870_atualizacao,186,dt870_atualizacao · PlayerBooster.bin · registro 186 · bit 180 · largura 5,true,false,true,ausente_comprovada,true,true,
193,PB:408:6,1,3,160,5,dt870_atualizacao,187,dt870_atualizacao · PlayerBooster.bin · registro 187 · bit 160 · largura 5,true,false,true,ausente_comprovada,true,true,
193,PB:384:6,2,3,249,5,dt870_atualizacao,187,dt870_atualizacao · PlayerBooster.bin · registro 187 · bit 249 · largura 5,true,false,true,ausente_comprovada,true,true,
193,PB:518:6,3,3,175,5,dt870_atualizacao,187,dt870_atualizacao · PlayerBooster.bin · registro 187 · bit 175 · largura 5,true,false,true,ausente_comprovada,true,true,
193,PB:434:6,4,3,180,5,dt870_atualizacao,187,dt870_atualizacao · PlayerBooster.bin · registro 187 · bit 180 · largura 5,true,false,true,ausente_comprovada,true,true,
194,PB:498:6,1,3,144,5,dt870_atualizacao,188,dt870_atualizacao · PlayerBooster.bin · registro 188 · bit 144 · largura 5,true,true,true,ausente_comprovada,true,true,
194,PB:486:6,2,3,217,5,dt870_atualizacao,188,dt870_atualizacao · PlayerBooster.bin · registro 188 · bit 217 · largura 5,true,true,true,ausente_comprovada,true,true,
194,PB:434:6,3,3,180,5,dt870_atualizacao,188,dt870_atualizacao · PlayerBooster.bin · registro 188 · bit 180 · largura 5,true,true,true,ausente_comprovada,true,true,
194,PB:480:6,4,3,202,5,dt870_atualizacao,188,dt870_atualizacao · PlayerBooster.bin · registro 188 · bit 202 · largura 5,true,true,true,ausente_comprovada,true,true,
195,PB:512:6,1,3,170,5,dt870_atualizacao,189,dt870_atualizacao · PlayerBooster.bin · registro 189 · bit 170 · largura 5,true,false,true,ausente_comprovada,true,true,
195,PB:486:6,2,3,217,5,dt870_atualizacao,189,dt870_atualizacao · PlayerBooster.bin · registro 189 · bit 217 · largura 5,true,false,true,ausente_comprovada,true,true,
195,PB:518:6,3,3,175,5,dt870_atualizacao,189,dt870_atualizacao · PlayerBooster.bin · registro 189 · bit 175 · largura 5,true,false,true,ausente_comprovada,true,true,
195,PB:454:6,4,3,234,5,dt870_atualizacao,189,dt870_atualizacao · PlayerBooster.bin · registro 189 · bit 234 · largura 5,true,false,true,ausente_comprovada,true,true,
199,PB:530:6,1,4,244,5,dt870_atualizacao,192,dt870_atualizacao · PlayerBooster.bin · registro 192 · bit 244 · largura 5,false,true,true,ausente_comprovada,true,true,
199,PB:384:6,2,4,249,5,dt870_atualizacao,192,dt870_atualizacao · PlayerBooster.bin · registro 192 · bit 249 · largura 5,false,true,true,ausente_comprovada,true,true,
199,PB:448:6,3,4,229,5,dt870_atualizacao,192,dt870_atualizacao · PlayerBooster.bin · registro 192 · bit 229 · largura 5,false,true,true,ausente_comprovada,true,true,
199,PB:524:6,4,4,122,5,dt870_atualizacao,192,dt870_atualizacao · PlayerBooster.bin · registro 192 · bit 122 · largura 5,false,true,true,ausente_comprovada,true,true,
200,PB:498:6,1,4,144,5,dt870_atualizacao,193,dt870_atualizacao · PlayerBooster.bin · registro 193 · bit 144 · largura 5,true,false,true,ausente_comprovada,true,true,
200,PB:396:6,2,4,276,5,dt870_atualizacao,193,dt870_atualizacao · PlayerBooster.bin · registro 193 · bit 276 · largura 5,true,false,true,ausente_comprovada,true,true,
200,PB:384:6,3,4,249,5,dt870_atualizacao,193,dt870_atualizacao · PlayerBooster.bin · registro 193 · bit 249 · largura 5,true,false,true,ausente_comprovada,true,true,
200,PB:524:6,4,4,122,5,dt870_atualizacao,193,dt870_atualizacao · PlayerBooster.bin · registro 193 · bit 122 · largura 5,true,false,true,ausente_comprovada,true,true,
201,PB:396:6,1,4,276,5,dt870_atualizacao,194,dt870_atualizacao · PlayerBooster.bin · registro 194 · bit 276 · largura 5,false,false,true,ausente_comprovada,true,true,
201,PB:504:6,2,4,149,5,dt870_atualizacao,194,dt870_atualizacao · PlayerBooster.bin · registro 194 · bit 149 · largura 5,false,false,true,ausente_comprovada,true,true,
201,PB:518:6,3,4,175,5,dt870_atualizacao,194,dt870_atualizacao · PlayerBooster.bin · registro 194 · bit 175 · largura 5,false,false,true,ausente_comprovada,true,true,
201,PB:550:6,4,4,271,5,dt870_atualizacao,194,dt870_atualizacao · PlayerBooster.bin · registro 194 · bit 271 · largura 5,false,false,true,ausente_comprovada,true,true,
202,PB:498:6,1,4,144,5,dt870_atualizacao,195,dt870_atualizacao · PlayerBooster.bin · registro 195 · bit 144 · largura 5,false,false,true,ausente_comprovada,true,true,
202,PB:390:6,2,4,261,5,dt870_atualizacao,195,dt870_atualizacao · PlayerBooster.bin · registro 195 · bit 261 · largura 5,false,false,true,ausente_comprovada,true,true,
202,PB:486:6,3,4,217,5,dt870_atualizacao,195,dt870_atualizacao · PlayerBooster.bin · registro 195 · bit 217 · largura 5,false,false,true,ausente_comprovada,true,true,
202,PB:480:6,4,4,202,5,dt870_atualizacao,195,dt870_atualizacao · PlayerBooster.bin · registro 195 · bit 202 · largura 5,false,false,true,ausente_comprovada,true,true,
205,PB:492:6,1,4,239,5,dt870_atualizacao,196,dt870_atualizacao · PlayerBooster.bin · registro 196 · bit 239 · largura 5,false,false,true,ausente_comprovada,true,true,
205,PB:384:6,2,4,249,5,dt870_atualizacao,196,dt870_atualizacao · PlayerBooster.bin · registro 196 · bit 249 · largura 5,false,false,true,ausente_comprovada,true,true,
205,PB:518:6,3,4,175,5,dt870_atualizacao,196,dt870_atualizacao · PlayerBooster.bin · registro 196 · bit 175 · largura 5,false,false,true,ausente_comprovada,true,true,
205,PB:434:6,4,4,180,5,dt870_atualizacao,196,dt870_atualizacao · PlayerBooster.bin · registro 196 · bit 180 · largura 5,false,false,true,ausente_comprovada,true,true,
206,PB:498:6,1,4,144,5,dt870_atualizacao,197,dt870_atualizacao · PlayerBooster.bin · registro 197 · bit 144 · largura 5,false,false,true,ausente_comprovada,true,true,
206,PB:486:6,2,4,217,5,dt870_atualizacao,197,dt870_atualizacao · PlayerBooster.bin · registro 197 · bit 217 · largura 5,false,false,true,ausente_comprovada,true,true,
206,PB:434:6,3,4,180,5,dt870_atualizacao,197,dt870_atualizacao · PlayerBooster.bin · registro 197 · bit 180 · largura 5,false,false,true,ausente_comprovada,true,true,
206,PB:480:6,4,4,202,5,dt870_atualizacao,197,dt870_atualizacao · PlayerBooster.bin · registro 197 · bit 202 · largura 5,false,false,true,ausente_comprovada,true,true,
207,PB:512:6,1,4,170,5,dt870_atualizacao,198,dt870_atualizacao · PlayerBooster.bin · registro 198 · bit 170 · largura 5,false,false,true,ausente_comprovada,true,true,
207,PB:486:6,2,4,217,5,dt870_atualizacao,198,dt870_atualizacao · PlayerBooster.bin · registro 198 · bit 217 · largura 5,false,false,true,ausente_comprovada,true,true,
207,PB:518:6,3,4,175,5,dt870_atualizacao,198,dt870_atualizacao · PlayerBooster.bin · registro 198 · bit 175 · largura 5,false,false,true,ausente_comprovada,true,true,
207,PB:454:6,4,4,234,5,dt870_atualizacao,198,dt870_atualizacao · PlayerBooster.bin · registro 198 · bit 234 · largura 5,false,false,true,ausente_comprovada,true,true,
208,PB:512:6,1,3,170,5,dt870_atualizacao,199,dt870_atualizacao · PlayerBooster.bin · registro 199 · bit 170 · largura 5,false,false,true,presente_sem_semantica,false,false,semantica_e_parametros_da_condicao
208,PB:498:6,2,3,144,5,dt870_atualizacao,199,dt870_atualizacao · PlayerBooster.bin · registro 199 · bit 144 · largura 5,false,false,true,presente_sem_semantica,false,false,semantica_e_parametros_da_condicao
208,PB:396:6,3,3,276,5,dt870_atualizacao,199,dt870_atualizacao · PlayerBooster.bin · registro 199 · bit 276 · largura 5,false,false,true,presente_sem_semantica,false,false,semantica_e_parametros_da_condicao
208,PB:504:6,4,3,149,5,dt870_atualizacao,199,dt870_atualizacao · PlayerBooster.bin · registro 199 · bit 149 · largura 5,false,false,true,presente_sem_semantica,false,false,semantica_e_parametros_da_condicao
208,PB:416:6,5,3,165,5,dt870_atualizacao,199,dt870_atualizacao · PlayerBooster.bin · registro 199 · bit 165 · largura 5,false,false,true,presente_sem_semantica,false,false,semantica_e_parametros_da_condicao
208,PB:422:6,7,3,224,5,dt870_atualizacao,199,dt870_atualizacao · PlayerBooster.bin · registro 199 · bit 224 · largura 5,false,false,true,presente_sem_semantica,false,false,semantica_e_parametros_da_condicao
208,PB:390:6,8,3,261,5,dt870_atualizacao,199,dt870_atualizacao · PlayerBooster.bin · registro 199 · bit 261 · largura 5,false,false,true,presente_sem_semantica,false,false,semantica_e_parametros_da_condicao
208,PB:544:6,9,3,266,5,dt870_atualizacao,199,dt870_atualizacao · PlayerBooster.bin · registro 199 · bit 266 · largura 5,false,false,true,presente_sem_semantica,false,false,semantica_e_parametros_da_condicao
208,PB:492:6,10,3,239,5,dt870_atualizacao,199,dt870_atualizacao · PlayerBooster.bin · registro 199 · bit 239 · largura 5,false,false,true,presente_sem_semantica,false,false,semantica_e_parametros_da_condicao
208,PB:486:6,11,3,217,5,dt870_atualizacao,199,dt870_atualizacao · PlayerBooster.bin · registro 199 · bit 217 · largura 5,false,false,true,presente_sem_semantica,false,false,semantica_e_parametros_da_condicao
208,PB:530:6,12,3,244,5,dt870_atualizacao,199,dt870_atualizacao · PlayerBooster.bin · registro 199 · bit 244 · largura 5,false,false,true,presente_sem_semantica,false,false,semantica_e_parametros_da_condicao
208,PB:402:6,14,3,281,5,dt870_atualizacao,199,dt870_atualizacao · PlayerBooster.bin · registro 199 · bit 281 · largura 5,false,false,true,presente_sem_semantica,false,false,semantica_e_parametros_da_condicao
208,PB:408:6,15,3,160,5,dt870_atualizacao,199,dt870_atualizacao · PlayerBooster.bin · registro 199 · bit 160 · largura 5,false,false,true,presente_sem_semantica,false,false,semantica_e_parametros_da_condicao
208,PB:384:6,16,3,249,5,dt870_atualizacao,199,dt870_atualizacao · PlayerBooster.bin · registro 199 · bit 249 · largura 5,false,false,true,presente_sem_semantica,false,false,semantica_e_parametros_da_condicao
208,PB:448:6,17,3,229,5,dt870_atualizacao,199,dt870_atualizacao · PlayerBooster.bin · registro 199 · bit 229 · largura 5,false,false,true,presente_sem_semantica,false,false,semantica_e_parametros_da_condicao
208,PB:524:6,18,3,122,5,dt870_atualizacao,199,dt870_atualizacao · PlayerBooster.bin · registro 199 · bit 122 · largura 5,false,false,true,presente_sem_semantica,false,false,semantica_e_parametros_da_condicao
208,PB:518:6,19,3,175,5,dt870_atualizacao,199,dt870_atualizacao · PlayerBooster.bin · registro 199 · bit 175 · largura 5,false,false,true,presente_sem_semantica,false,false,semantica_e_parametros_da_condicao
208,PB:368:6,20,3,154,5,dt870_atualizacao,199,dt870_atualizacao · PlayerBooster.bin · registro 199 · bit 154 · largura 5,false,false,true,presente_sem_semantica,false,false,semantica_e_parametros_da_condicao
208,PB:434:6,22,3,180,5,dt870_atualizacao,199,dt870_atualizacao · PlayerBooster.bin · registro 199 · bit 180 · largura 5,false,false,true,presente_sem_semantica,false,false,semantica_e_parametros_da_condicao
208,PB:480:6,23,3,202,5,dt870_atualizacao,199,dt870_atualizacao · PlayerBooster.bin · registro 199 · bit 202 · largura 5,false,false,true,presente_sem_semantica,false,false,semantica_e_parametros_da_condicao
208,PB:428:6,24,3,185,5,dt870_atualizacao,199,dt870_atualizacao · PlayerBooster.bin · registro 199 · bit 185 · largura 5,false,false,true,presente_sem_semantica,false,false,semantica_e_parametros_da_condicao
208,PB:454:6,25,3,234,5,dt870_atualizacao,199,dt870_atualizacao · PlayerBooster.bin · registro 199 · bit 234 · largura 5,false,false,true,presente_sem_semantica,false,false,semantica_e_parametros_da_condicao
208,PB:550:6,26,3,271,5,dt870_atualizacao,199,dt870_atualizacao · PlayerBooster.bin · registro 199 · bit 271 · largura 5,false,false,true,presente_sem_semantica,false,false,semantica_e_parametros_da_condicao
208,PB:472:6,13,3,,5,dt870_atualizacao,199,dt870_atualizacao · PlayerBooster.bin · registro 199 · conjunto GK bits 192/197/256,false,false,true,presente_sem_semantica,false,false,permutacao_semantica_dos_tres_campos_gk; semantica_e_parametros_da_condicao
208,PB:466:6,6,3,,5,dt870_atualizacao,199,dt870_atualizacao · PlayerBooster.bin · registro 199 · conjunto GK bits 192/197/256,false,false,true,presente_sem_semantica,false,false,permutacao_semantica_dos_tres_campos_gk; semantica_e_parametros_da_condicao
208,PB:460:6,21,3,,5,dt870_atualizacao,199,dt870_atualizacao · PlayerBooster.bin · registro 199 · conjunto GK bits 192/197/256,false,false,true,presente_sem_semantica,false,false,permutacao_semantica_dos_tres_campos_gk; semantica_e_parametros_da_condicao
250,PB:396:6,1,6,276,5,dt870_atualizacao,200,dt870_atualizacao · PlayerBooster.bin · registro 200 · bit 276 · largura 5,false,false,true,ausente_comprovada,true,true,
263,PB:434:6,1,6,180,5,dt870_atualizacao,202,dt870_atualizacao · PlayerBooster.bin · registro 202 · bit 180 · largura 5,false,false,true,ausente_comprovada,true,true,
265,PB:518:6,1,6,175,5,dt870_atualizacao,203,dt870_atualizacao · PlayerBooster.bin · registro 203 · bit 175 · largura 5,false,false,true,ausente_comprovada,true,true,
267,PB:408:6,1,6,160,5,dt870_atualizacao,205,dt870_atualizacao · PlayerBooster.bin · registro 205 · bit 160 · largura 5,false,false,true,ausente_comprovada,true,true,
301,PB:416:6,1,3,165,5,dt870_atualizacao,206,dt870_atualizacao · PlayerBooster.bin · registro 206 · bit 165 · largura 5,false,false,true,presente_sem_semantica,false,false,semantica_e_parametros_da_condicao
301,PB:472:6,3,3,,5,dt870_atualizacao,206,dt870_atualizacao · PlayerBooster.bin · registro 206 · conjunto GK bits 192/197/256,false,false,true,presente_sem_semantica,false,false,permutacao_semantica_dos_tres_campos_gk; semantica_e_parametros_da_condicao
301,PB:466:6,2,3,,5,dt870_atualizacao,206,dt870_atualizacao · PlayerBooster.bin · registro 206 · conjunto GK bits 192/197/256,false,false,true,presente_sem_semantica,false,false,permutacao_semantica_dos_tres_campos_gk; semantica_e_parametros_da_condicao
301,PB:460:6,4,3,,5,dt870_atualizacao,206,dt870_atualizacao · PlayerBooster.bin · registro 206 · conjunto GK bits 192/197/256,false,false,true,presente_sem_semantica,false,false,permutacao_semantica_dos_tres_campos_gk; semantica_e_parametros_da_condicao
302,PB:504:6,1,3,149,5,dt870_atualizacao,207,dt870_atualizacao · PlayerBooster.bin · registro 207 · bit 149 · largura 5,false,false,true,presente_sem_semantica,false,false,semantica_e_parametros_da_condicao
302,PB:408:6,2,3,160,5,dt870_atualizacao,207,dt870_atualizacao · PlayerBooster.bin · registro 207 · bit 160 · largura 5,false,false,true,presente_sem_semantica,false,false,semantica_e_parametros_da_condicao
302,PB:518:6,3,3,175,5,dt870_atualizacao,207,dt870_atualizacao · PlayerBooster.bin · registro 207 · bit 175 · largura 5,false,false,true,presente_sem_semantica,false,false,semantica_e_parametros_da_condicao
302,PB:480:6,4,3,202,5,dt870_atualizacao,207,dt870_atualizacao · PlayerBooster.bin · registro 207 · bit 202 · largura 5,false,false,true,presente_sem_semantica,false,false,semantica_e_parametros_da_condicao
303,PB:396:6,1,3,276,5,dt870_atualizacao,208,dt870_atualizacao · PlayerBooster.bin · registro 208 · bit 276 · largura 5,false,false,true,presente_sem_semantica,false,false,semantica_e_parametros_da_condicao
303,PB:492:6,2,3,239,5,dt870_atualizacao,208,dt870_atualizacao · PlayerBooster.bin · registro 208 · bit 239 · largura 5,false,false,true,presente_sem_semantica,false,false,semantica_e_parametros_da_condicao
303,PB:524:6,3,3,122,5,dt870_atualizacao,208,dt870_atualizacao · PlayerBooster.bin · registro 208 · bit 122 · largura 5,false,false,true,presente_sem_semantica,false,false,semantica_e_parametros_da_condicao
303,PB:550:6,4,3,271,5,dt870_atualizacao,208,dt870_atualizacao · PlayerBooster.bin · registro 208 · bit 271 · largura 5,false,false,true,presente_sem_semantica,false,false,semantica_e_parametros_da_condicao
304,PB:390:6,1,3,261,5,dt870_atualizacao,209,dt870_atualizacao · PlayerBooster.bin · registro 209 · bit 261 · largura 5,false,true,true,presente_sem_semantica,false,false,semantica_e_parametros_da_condicao
304,PB:402:6,2,3,281,5,dt870_atualizacao,209,dt870_atualizacao · PlayerBooster.bin · registro 209 · bit 281 · largura 5,false,true,true,presente_sem_semantica,false,false,semantica_e_parametros_da_condicao
304,PB:408:6,3,3,160,5,dt870_atualizacao,209,dt870_atualizacao · PlayerBooster.bin · registro 209 · bit 160 · largura 5,false,true,true,presente_sem_semantica,false,false,semantica_e_parametros_da_condicao
304,PB:518:6,4,3,175,5,dt870_atualizacao,209,dt870_atualizacao · PlayerBooster.bin · registro 209 · bit 175 · largura 5,false,true,true,presente_sem_semantica,false,false,semantica_e_parametros_da_condicao
305,PB:498:6,1,3,144,5,dt870_atualizacao,210,dt870_atualizacao · PlayerBooster.bin · registro 210 · bit 144 · largura 5,false,false,true,presente_sem_semantica,false,false,semantica_e_parametros_da_condicao
305,PB:396:6,2,3,276,5,dt870_atualizacao,210,dt870_atualizacao · PlayerBooster.bin · registro 210 · bit 276 · largura 5,false,false,true,presente_sem_semantica,false,false,semantica_e_parametros_da_condicao
305,PB:384:6,3,3,249,5,dt870_atualizacao,210,dt870_atualizacao · PlayerBooster.bin · registro 210 · bit 249 · largura 5,false,false,true,presente_sem_semantica,false,false,semantica_e_parametros_da_condicao
305,PB:524:6,4,3,122,5,dt870_atualizacao,210,dt870_atualizacao · PlayerBooster.bin · registro 210 · bit 122 · largura 5,false,false,true,presente_sem_semantica,false,false,semantica_e_parametros_da_condicao
306,PB:498:6,1,3,144,5,dt870_atualizacao,211,dt870_atualizacao · PlayerBooster.bin · registro 211 · bit 144 · largura 5,false,false,true,presente_sem_semantica,false,false,semantica_e_parametros_da_condicao
306,PB:396:6,2,3,276,5,dt870_atualizacao,211,dt870_atualizacao · PlayerBooster.bin · registro 211 · bit 276 · largura 5,false,false,true,presente_sem_semantica,false,false,semantica_e_parametros_da_condicao
306,PB:486:6,3,3,217,5,dt870_atualizacao,211,dt870_atualizacao · PlayerBooster.bin · registro 211 · bit 217 · largura 5,false,false,true,presente_sem_semantica,false,false,semantica_e_parametros_da_condicao
306,PB:530:6,4,3,244,5,dt870_atualizacao,211,dt870_atualizacao · PlayerBooster.bin · registro 211 · bit 244 · largura 5,false,false,true,presente_sem_semantica,false,false,semantica_e_parametros_da_condicao
308,PB:408:6,1,3,160,5,dt870_atualizacao,212,dt870_atualizacao · PlayerBooster.bin · registro 212 · bit 160 · largura 5,false,false,true,presente_sem_semantica,false,false,semantica_e_parametros_da_condicao
308,PB:384:6,2,3,249,5,dt870_atualizacao,212,dt870_atualizacao · PlayerBooster.bin · registro 212 · bit 249 · largura 5,false,false,true,presente_sem_semantica,false,false,semantica_e_parametros_da_condicao
308,PB:518:6,3,3,175,5,dt870_atualizacao,212,dt870_atualizacao · PlayerBooster.bin · registro 212 · bit 175 · largura 5,false,false,true,presente_sem_semantica,false,false,semantica_e_parametros_da_condicao
308,PB:434:6,4,3,180,5,dt870_atualizacao,212,dt870_atualizacao · PlayerBooster.bin · registro 212 · bit 180 · largura 5,false,false,true,presente_sem_semantica,false,false,semantica_e_parametros_da_condicao
310,PB:396:6,1,3,276,5,dt870_atualizacao,213,dt870_atualizacao · PlayerBooster.bin · registro 213 · bit 276 · largura 5,false,false,true,presente_sem_semantica,false,false,semantica_e_parametros_da_condicao
310,PB:492:6,2,3,239,5,dt870_atualizacao,213,dt870_atualizacao · PlayerBooster.bin · registro 213 · bit 239 · largura 5,false,false,true,presente_sem_semantica,false,false,semantica_e_parametros_da_condicao
310,PB:524:6,3,3,122,5,dt870_atualizacao,213,dt870_atualizacao · PlayerBooster.bin · registro 213 · bit 122 · largura 5,false,false,true,presente_sem_semantica,false,false,semantica_e_parametros_da_condicao
310,PB:550:6,4,3,271,5,dt870_atualizacao,213,dt870_atualizacao · PlayerBooster.bin · registro 213 · bit 271 · largura 5,false,false,true,presente_sem_semantica,false,false,semantica_e_parametros_da_condicao
311,PB:544:6,1,3,266,5,dt870_atualizacao,214,dt870_atualizacao · PlayerBooster.bin · registro 214 · bit 266 · largura 5,false,false,true,presente_sem_semantica,false,false,semantica_e_parametros_da_condicao
311,PB:524:6,2,3,122,5,dt870_atualizacao,214,dt870_atualizacao · PlayerBooster.bin · registro 214 · bit 122 · largura 5,false,false,true,presente_sem_semantica,false,false,semantica_e_parametros_da_condicao
311,PB:518:6,3,3,175,5,dt870_atualizacao,214,dt870_atualizacao · PlayerBooster.bin · registro 214 · bit 175 · largura 5,false,false,true,presente_sem_semantica,false,false,semantica_e_parametros_da_condicao
311,PB:454:6,4,3,234,5,dt870_atualizacao,214,dt870_atualizacao · PlayerBooster.bin · registro 214 · bit 234 · largura 5,false,false,true,presente_sem_semantica,false,false,semantica_e_parametros_da_condicao
312,PB:448:6,1,3,229,5,dt870_atualizacao,215,dt870_atualizacao · PlayerBooster.bin · registro 215 · bit 229 · largura 5,false,false,true,presente_sem_semantica,false,false,semantica_e_parametros_da_condicao
312,PB:434:6,2,3,180,5,dt870_atualizacao,215,dt870_atualizacao · PlayerBooster.bin · registro 215 · bit 180 · largura 5,false,false,true,presente_sem_semantica,false,false,semantica_e_parametros_da_condicao
312,PB:480:6,3,3,202,5,dt870_atualizacao,215,dt870_atualizacao · PlayerBooster.bin · registro 215 · bit 202 · largura 5,false,false,true,presente_sem_semantica,false,false,semantica_e_parametros_da_condicao
312,PB:428:6,4,3,185,5,dt870_atualizacao,215,dt870_atualizacao · PlayerBooster.bin · registro 215 · bit 185 · largura 5,false,false,true,presente_sem_semantica,false,false,semantica_e_parametros_da_condicao
313,PB:498:6,1,3,144,5,dt870_atualizacao,216,dt870_atualizacao · PlayerBooster.bin · registro 216 · bit 144 · largura 5,false,false,true,presente_sem_semantica,false,false,semantica_e_parametros_da_condicao
313,PB:486:6,2,3,217,5,dt870_atualizacao,216,dt870_atualizacao · PlayerBooster.bin · registro 216 · bit 217 · largura 5,false,false,true,presente_sem_semantica,false,false,semantica_e_parametros_da_condicao
313,PB:434:6,3,3,180,5,dt870_atualizacao,216,dt870_atualizacao · PlayerBooster.bin · registro 216 · bit 180 · largura 5,false,false,true,presente_sem_semantica,false,false,semantica_e_parametros_da_condicao
313,PB:480:6,4,3,202,5,dt870_atualizacao,216,dt870_atualizacao · PlayerBooster.bin · registro 216 · bit 202 · largura 5,false,false,true,presente_sem_semantica,false,false,semantica_e_parametros_da_condicao
314,PB:396:6,1,3,276,5,dt870_atualizacao,217,dt870_atualizacao · PlayerBooster.bin · registro 217 · bit 276 · largura 5,false,true,true,presente_sem_semantica,false,false,semantica_e_parametros_da_condicao
314,PB:504:6,2,3,149,5,dt870_atualizacao,217,dt870_atualizacao · PlayerBooster.bin · registro 217 · bit 149 · largura 5,false,true,true,presente_sem_semantica,false,false,semantica_e_parametros_da_condicao
314,PB:518:6,3,3,175,5,dt870_atualizacao,217,dt870_atualizacao · PlayerBooster.bin · registro 217 · bit 175 · largura 5,false,true,true,presente_sem_semantica,false,false,semantica_e_parametros_da_condicao
314,PB:550:6,4,3,271,5,dt870_atualizacao,217,dt870_atualizacao · PlayerBooster.bin · registro 217 · bit 271 · largura 5,false,true,true,presente_sem_semantica,false,false,semantica_e_parametros_da_condicao
315,PB:422:6,2,3,224,5,dt870_atualizacao,218,dt870_atualizacao · PlayerBooster.bin · registro 218 · bit 224 · largura 5,false,false,true,presente_sem_semantica,false,false,semantica_e_parametros_da_condicao
315,PB:472:6,3,3,,5,dt870_atualizacao,218,dt870_atualizacao · PlayerBooster.bin · registro 218 · conjunto GK bits 192/197/256,false,false,true,presente_sem_semantica,false,false,permutacao_semantica_dos_tres_campos_gk; semantica_e_parametros_da_condicao
315,PB:466:6,1,3,,5,dt870_atualizacao,218,dt870_atualizacao · PlayerBooster.bin · registro 218 · conjunto GK bits 192/197/256,false,false,true,presente_sem_semantica,false,false,permutacao_semantica_dos_tres_campos_gk; semantica_e_parametros_da_condicao
315,PB:460:6,4,3,,5,dt870_atualizacao,218,dt870_atualizacao · PlayerBooster.bin · registro 218 · conjunto GK bits 192/197/256,false,false,true,presente_sem_semantica,false,false,permutacao_semantica_dos_tres_campos_gk; semantica_e_parametros_da_condicao
317,PB:530:6,1,3,244,5,dt870_atualizacao,219,dt870_atualizacao · PlayerBooster.bin · registro 219 · bit 244 · largura 5,false,false,true,presente_sem_semantica,false,false,semantica_e_parametros_da_condicao
317,PB:384:6,2,3,249,5,dt870_atualizacao,219,dt870_atualizacao · PlayerBooster.bin · registro 219 · bit 249 · largura 5,false,false,true,presente_sem_semantica,false,false,semantica_e_parametros_da_condicao
317,PB:448:6,3,3,229,5,dt870_atualizacao,219,dt870_atualizacao · PlayerBooster.bin · registro 219 · bit 229 · largura 5,false,false,true,presente_sem_semantica,false,false,semantica_e_parametros_da_condicao
317,PB:524:6,4,3,122,5,dt870_atualizacao,219,dt870_atualizacao · PlayerBooster.bin · registro 219 · bit 122 · largura 5,false,false,true,presente_sem_semantica,false,false,semantica_e_parametros_da_condicao
318,PB:498:6,1,3,144,5,dt870_atualizacao,220,dt870_atualizacao · PlayerBooster.bin · registro 220 · bit 144 · largura 5,false,false,true,presente_sem_semantica,false,false,semantica_e_parametros_da_condicao
318,PB:396:6,2,3,276,5,dt870_atualizacao,220,dt870_atualizacao · PlayerBooster.bin · registro 220 · bit 276 · largura 5,false,false,true,presente_sem_semantica,false,false,semantica_e_parametros_da_condicao
318,PB:384:6,3,3,249,5,dt870_atualizacao,220,dt870_atualizacao · PlayerBooster.bin · registro 220 · bit 249 · largura 5,false,false,true,presente_sem_semantica,false,false,semantica_e_parametros_da_condicao
318,PB:524:6,4,3,122,5,dt870_atualizacao,220,dt870_atualizacao · PlayerBooster.bin · registro 220 · bit 122 · largura 5,false,false,true,presente_sem_semantica,false,false,semantica_e_parametros_da_condicao
319,PB:390:6,1,3,261,5,dt870_atualizacao,221,dt870_atualizacao · PlayerBooster.bin · registro 221 · bit 261 · largura 5,false,true,true,presente_sem_semantica,false,false,semantica_e_parametros_da_condicao
319,PB:486:6,2,3,217,5,dt870_atualizacao,221,dt870_atualizacao · PlayerBooster.bin · registro 221 · bit 217 · largura 5,false,true,true,presente_sem_semantica,false,false,semantica_e_parametros_da_condicao
319,PB:408:6,3,3,160,5,dt870_atualizacao,221,dt870_atualizacao · PlayerBooster.bin · registro 221 · bit 160 · largura 5,false,true,true,presente_sem_semantica,false,false,semantica_e_parametros_da_condicao
319,PB:454:6,4,3,234,5,dt870_atualizacao,221,dt870_atualizacao · PlayerBooster.bin · registro 221 · bit 234 · largura 5,false,true,true,presente_sem_semantica,false,false,semantica_e_parametros_da_condicao
320,PB:504:6,1,3,149,5,dt870_atualizacao,222,dt870_atualizacao · PlayerBooster.bin · registro 222 · bit 149 · largura 5,false,false,true,presente_sem_semantica,false,false,semantica_e_parametros_da_condicao
320,PB:492:6,2,3,239,5,dt870_atualizacao,222,dt870_atualizacao · PlayerBooster.bin · registro 222 · bit 239 · largura 5,false,false,true,presente_sem_semantica,false,false,semantica_e_parametros_da_condicao
320,PB:434:6,3,3,180,5,dt870_atualizacao,222,dt870_atualizacao · PlayerBooster.bin · registro 222 · bit 180 · largura 5,false,false,true,presente_sem_semantica,false,false,semantica_e_parametros_da_condicao
320,PB:550:6,4,3,271,5,dt870_atualizacao,222,dt870_atualizacao · PlayerBooster.bin · registro 222 · bit 271 · largura 5,false,false,true,presente_sem_semantica,false,false,semantica_e_parametros_da_condicao
321,PB:396:6,1,3,276,5,dt870_atualizacao,223,dt870_atualizacao · PlayerBooster.bin · registro 223 · bit 276 · largura 5,false,false,true,presente_sem_semantica,false,false,semantica_e_parametros_da_condicao
321,PB:530:6,2,3,244,5,dt870_atualizacao,223,dt870_atualizacao · PlayerBooster.bin · registro 223 · bit 244 · largura 5,false,false,true,presente_sem_semantica,false,false,semantica_e_parametros_da_condicao
321,PB:384:6,3,3,249,5,dt870_atualizacao,223,dt870_atualizacao · PlayerBooster.bin · registro 223 · bit 249 · largura 5,false,false,true,presente_sem_semantica,false,false,semantica_e_parametros_da_condicao
321,PB:518:6,4,3,175,5,dt870_atualizacao,223,dt870_atualizacao · PlayerBooster.bin · registro 223 · bit 175 · largura 5,false,false,true,presente_sem_semantica,false,false,semantica_e_parametros_da_condicao
322,PB:408:6,1,3,160,5,dt870_atualizacao,224,dt870_atualizacao · PlayerBooster.bin · registro 224 · bit 160 · largura 5,false,false,true,presente_sem_semantica,false,false,semantica_e_parametros_da_condicao
322,PB:384:6,2,3,249,5,dt870_atualizacao,224,dt870_atualizacao · PlayerBooster.bin · registro 224 · bit 249 · largura 5,false,false,true,presente_sem_semantica,false,false,semantica_e_parametros_da_condicao
322,PB:518:6,3,3,175,5,dt870_atualizacao,224,dt870_atualizacao · PlayerBooster.bin · registro 224 · bit 175 · largura 5,false,false,true,presente_sem_semantica,false,false,semantica_e_parametros_da_condicao
322,PB:434:6,4,3,180,5,dt870_atualizacao,224,dt870_atualizacao · PlayerBooster.bin · registro 224 · bit 180 · largura 5,false,false,true,presente_sem_semantica,false,false,semantica_e_parametros_da_condicao
323,PB:384:6,1,3,249,5,dt870_atualizacao,225,dt870_atualizacao · PlayerBooster.bin · registro 225 · bit 249 · largura 5,false,false,true,presente_sem_semantica,false,false,semantica_e_parametros_da_condicao
323,PB:448:6,2,3,229,5,dt870_atualizacao,225,dt870_atualizacao · PlayerBooster.bin · registro 225 · bit 229 · largura 5,false,false,true,presente_sem_semantica,false,false,semantica_e_parametros_da_condicao
323,PB:524:6,3,3,122,5,dt870_atualizacao,225,dt870_atualizacao · PlayerBooster.bin · registro 225 · bit 122 · largura 5,false,false,true,presente_sem_semantica,false,false,semantica_e_parametros_da_condicao
323,PB:428:6,4,3,185,5,dt870_atualizacao,225,dt870_atualizacao · PlayerBooster.bin · registro 225 · bit 185 · largura 5,false,false,true,presente_sem_semantica,false,false,semantica_e_parametros_da_condicao
324,PB:390:6,1,3,261,5,dt870_atualizacao,226,dt870_atualizacao · PlayerBooster.bin · registro 226 · bit 261 · largura 5,false,true,true,presente_sem_semantica,false,false,semantica_e_parametros_da_condicao
324,PB:434:6,2,3,180,5,dt870_atualizacao,226,dt870_atualizacao · PlayerBooster.bin · registro 226 · bit 180 · largura 5,false,true,true,presente_sem_semantica,false,false,semantica_e_parametros_da_condicao
324,PB:480:6,3,3,202,5,dt870_atualizacao,226,dt870_atualizacao · PlayerBooster.bin · registro 226 · bit 202 · largura 5,false,true,true,presente_sem_semantica,false,false,semantica_e_parametros_da_condicao
324,PB:454:6,4,3,234,5,dt870_atualizacao,226,dt870_atualizacao · PlayerBooster.bin · registro 226 · bit 234 · largura 5,false,true,true,presente_sem_semantica,false,false,semantica_e_parametros_da_condicao
325,PB:498:6,1,3,144,5,dt870_atualizacao,227,dt870_atualizacao · PlayerBooster.bin · registro 227 · bit 144 · largura 5,false,false,true,presente_sem_semantica,false,false,semantica_e_parametros_da_condicao
325,PB:396:6,2,3,276,5,dt870_atualizacao,227,dt870_atualizacao · PlayerBooster.bin · registro 227 · bit 276 · largura 5,false,false,true,presente_sem_semantica,false,false,semantica_e_parametros_da_condicao
325,PB:486:6,3,3,217,5,dt870_atualizacao,227,dt870_atualizacao · PlayerBooster.bin · registro 227 · bit 217 · largura 5,false,false,true,presente_sem_semantica,false,false,semantica_e_parametros_da_condicao
325,PB:530:6,4,3,244,5,dt870_atualizacao,227,dt870_atualizacao · PlayerBooster.bin · registro 227 · bit 244 · largura 5,false,false,true,presente_sem_semantica,false,false,semantica_e_parametros_da_condicao
326,PB:396:6,1,3,276,5,dt870_atualizacao,228,dt870_atualizacao · PlayerBooster.bin · registro 228 · bit 276 · largura 5,false,false,true,presente_sem_semantica,false,false,semantica_e_parametros_da_condicao
326,PB:530:6,2,3,244,5,dt870_atualizacao,228,dt870_atualizacao · PlayerBooster.bin · registro 228 · bit 244 · largura 5,false,false,true,presente_sem_semantica,false,false,semantica_e_parametros_da_condicao
326,PB:384:6,3,3,249,5,dt870_atualizacao,228,dt870_atualizacao · PlayerBooster.bin · registro 228 · bit 249 · largura 5,false,false,true,presente_sem_semantica,false,false,semantica_e_parametros_da_condicao
326,PB:518:6,4,3,175,5,dt870_atualizacao,228,dt870_atualizacao · PlayerBooster.bin · registro 228 · bit 175 · largura 5,false,false,true,presente_sem_semantica,false,false,semantica_e_parametros_da_condicao
327,PB:396:6,1,3,276,5,dt870_atualizacao,229,dt870_atualizacao · PlayerBooster.bin · registro 229 · bit 276 · largura 5,false,false,true,presente_sem_semantica,false,false,semantica_e_parametros_da_condicao
327,PB:492:6,2,3,239,5,dt870_atualizacao,229,dt870_atualizacao · PlayerBooster.bin · registro 229 · bit 239 · largura 5,false,false,true,presente_sem_semantica,false,false,semantica_e_parametros_da_condicao
327,PB:524:6,3,3,122,5,dt870_atualizacao,229,dt870_atualizacao · PlayerBooster.bin · registro 229 · bit 122 · largura 5,false,false,true,presente_sem_semantica,false,false,semantica_e_parametros_da_condicao
327,PB:550:6,4,3,271,5,dt870_atualizacao,229,dt870_atualizacao · PlayerBooster.bin · registro 229 · bit 271 · largura 5,false,false,true,presente_sem_semantica,false,false,semantica_e_parametros_da_condicao
328,PB:408:6,1,3,160,5,dt870_atualizacao,230,dt870_atualizacao · PlayerBooster.bin · registro 230 · bit 160 · largura 5,false,false,true,presente_sem_semantica,false,false,semantica_e_parametros_da_condicao
328,PB:384:6,2,3,249,5,dt870_atualizacao,230,dt870_atualizacao · PlayerBooster.bin · registro 230 · bit 249 · largura 5,false,false,true,presente_sem_semantica,false,false,semantica_e_parametros_da_condicao
328,PB:518:6,3,3,175,5,dt870_atualizacao,230,dt870_atualizacao · PlayerBooster.bin · registro 230 · bit 175 · largura 5,false,false,true,presente_sem_semantica,false,false,semantica_e_parametros_da_condicao
328,PB:434:6,4,3,180,5,dt870_atualizacao,230,dt870_atualizacao · PlayerBooster.bin · registro 230 · bit 180 · largura 5,false,false,true,presente_sem_semantica,false,false,semantica_e_parametros_da_condicao
329,PB:530:6,1,3,244,5,dt870_atualizacao,231,dt870_atualizacao · PlayerBooster.bin · registro 231 · bit 244 · largura 5,false,true,true,presente_sem_semantica,false,false,semantica_e_parametros_da_condicao
329,PB:402:6,2,3,281,5,dt870_atualizacao,231,dt870_atualizacao · PlayerBooster.bin · registro 231 · bit 281 · largura 5,false,true,true,presente_sem_semantica,false,false,semantica_e_parametros_da_condicao
329,PB:408:6,3,3,160,5,dt870_atualizacao,231,dt870_atualizacao · PlayerBooster.bin · registro 231 · bit 160 · largura 5,false,true,true,presente_sem_semantica,false,false,semantica_e_parametros_da_condicao
329,PB:518:6,4,3,175,5,dt870_atualizacao,231,dt870_atualizacao · PlayerBooster.bin · registro 231 · bit 175 · largura 5,false,true,true,presente_sem_semantica,false,false,semantica_e_parametros_da_condicao
330,PB:396:6,1,3,276,5,dt870_atualizacao,232,dt870_atualizacao · PlayerBooster.bin · registro 232 · bit 276 · largura 5,false,false,true,presente_sem_semantica,false,false,semantica_e_parametros_da_condicao
330,PB:492:6,2,3,239,5,dt870_atualizacao,232,dt870_atualizacao · PlayerBooster.bin · registro 232 · bit 239 · largura 5,false,false,true,presente_sem_semantica,false,false,semantica_e_parametros_da_condicao
330,PB:524:6,3,3,122,5,dt870_atualizacao,232,dt870_atualizacao · PlayerBooster.bin · registro 232 · bit 122 · largura 5,false,false,true,presente_sem_semantica,false,false,semantica_e_parametros_da_condicao
330,PB:550:6,4,3,271,5,dt870_atualizacao,232,dt870_atualizacao · PlayerBooster.bin · registro 232 · bit 271 · largura 5,false,false,true,presente_sem_semantica,false,false,semantica_e_parametros_da_condicao
331,PB:512:6,1,3,170,5,dt870_atualizacao,233,dt870_atualizacao · PlayerBooster.bin · registro 233 · bit 170 · largura 5,false,false,true,presente_sem_semantica,false,false,semantica_e_parametros_da_condicao
331,PB:486:6,2,3,217,5,dt870_atualizacao,233,dt870_atualizacao · PlayerBooster.bin · registro 233 · bit 217 · largura 5,false,false,true,presente_sem_semantica,false,false,semantica_e_parametros_da_condicao
331,PB:518:6,3,3,175,5,dt870_atualizacao,233,dt870_atualizacao · PlayerBooster.bin · registro 233 · bit 175 · largura 5,false,false,true,presente_sem_semantica,false,false,semantica_e_parametros_da_condicao
331,PB:480:6,4,3,202,5,dt870_atualizacao,233,dt870_atualizacao · PlayerBooster.bin · registro 233 · bit 202 · largura 5,false,false,true,presente_sem_semantica,false,false,semantica_e_parametros_da_condicao
332,PB:498:6,1,3,144,5,dt870_atualizacao,234,dt870_atualizacao · PlayerBooster.bin · registro 234 · bit 144 · largura 5,false,false,true,presente_sem_semantica,false,false,semantica_e_parametros_da_condicao
332,PB:486:6,2,3,217,5,dt870_atualizacao,234,dt870_atualizacao · PlayerBooster.bin · registro 234 · bit 217 · largura 5,false,false,true,presente_sem_semantica,false,false,semantica_e_parametros_da_condicao
332,PB:434:6,3,3,180,5,dt870_atualizacao,234,dt870_atualizacao · PlayerBooster.bin · registro 234 · bit 180 · largura 5,false,false,true,presente_sem_semantica,false,false,semantica_e_parametros_da_condicao
332,PB:480:6,4,3,202,5,dt870_atualizacao,234,dt870_atualizacao · PlayerBooster.bin · registro 234 · bit 202 · largura 5,false,false,true,presente_sem_semantica,false,false,semantica_e_parametros_da_condicao
334,PB:396:6,1,3,276,5,dt870_atualizacao,235,dt870_atualizacao · PlayerBooster.bin · registro 235 · bit 276 · largura 5,false,true,true,presente_sem_semantica,false,false,semantica_e_parametros_da_condicao
334,PB:530:6,2,3,244,5,dt870_atualizacao,235,dt870_atualizacao · PlayerBooster.bin · registro 235 · bit 244 · largura 5,false,true,true,presente_sem_semantica,false,false,semantica_e_parametros_da_condicao
334,PB:384:6,3,3,249,5,dt870_atualizacao,235,dt870_atualizacao · PlayerBooster.bin · registro 235 · bit 249 · largura 5,false,true,true,presente_sem_semantica,false,false,semantica_e_parametros_da_condicao
334,PB:518:6,4,3,175,5,dt870_atualizacao,235,dt870_atualizacao · PlayerBooster.bin · registro 235 · bit 175 · largura 5,false,true,true,presente_sem_semantica,false,false,semantica_e_parametros_da_condicao
335,PB:498:6,1,3,144,5,dt870_atualizacao,236,dt870_atualizacao · PlayerBooster.bin · registro 236 · bit 144 · largura 5,false,false,true,presente_sem_semantica,false,false,semantica_e_parametros_da_condicao
335,PB:396:6,2,3,276,5,dt870_atualizacao,236,dt870_atualizacao · PlayerBooster.bin · registro 236 · bit 276 · largura 5,false,false,true,presente_sem_semantica,false,false,semantica_e_parametros_da_condicao
335,PB:384:6,3,3,249,5,dt870_atualizacao,236,dt870_atualizacao · PlayerBooster.bin · registro 236 · bit 249 · largura 5,false,false,true,presente_sem_semantica,false,false,semantica_e_parametros_da_condicao
335,PB:524:6,4,3,122,5,dt870_atualizacao,236,dt870_atualizacao · PlayerBooster.bin · registro 236 · bit 122 · largura 5,false,false,true,presente_sem_semantica,false,false,semantica_e_parametros_da_condicao
336,PB:530:6,1,3,244,5,dt870_atualizacao,237,dt870_atualizacao · PlayerBooster.bin · registro 237 · bit 244 · largura 5,false,false,true,presente_sem_semantica,false,false,semantica_e_parametros_da_condicao
336,PB:402:6,2,3,281,5,dt870_atualizacao,237,dt870_atualizacao · PlayerBooster.bin · registro 237 · bit 281 · largura 5,false,false,true,presente_sem_semantica,false,false,semantica_e_parametros_da_condicao
336,PB:408:6,3,3,160,5,dt870_atualizacao,237,dt870_atualizacao · PlayerBooster.bin · registro 237 · bit 160 · largura 5,false,false,true,presente_sem_semantica,false,false,semantica_e_parametros_da_condicao
336,PB:518:6,4,3,175,5,dt870_atualizacao,237,dt870_atualizacao · PlayerBooster.bin · registro 237 · bit 175 · largura 5,false,false,true,presente_sem_semantica,false,false,semantica_e_parametros_da_condicao
337,PB:492:6,1,3,239,5,dt870_atualizacao,238,dt870_atualizacao · PlayerBooster.bin · registro 238 · bit 239 · largura 5,false,false,true,presente_sem_semantica,false,false,semantica_e_parametros_da_condicao
337,PB:384:6,2,3,249,5,dt870_atualizacao,238,dt870_atualizacao · PlayerBooster.bin · registro 238 · bit 249 · largura 5,false,false,true,presente_sem_semantica,false,false,semantica_e_parametros_da_condicao
337,PB:518:6,3,3,175,5,dt870_atualizacao,238,dt870_atualizacao · PlayerBooster.bin · registro 238 · bit 175 · largura 5,false,false,true,presente_sem_semantica,false,false,semantica_e_parametros_da_condicao
337,PB:434:6,4,3,180,5,dt870_atualizacao,238,dt870_atualizacao · PlayerBooster.bin · registro 238 · bit 180 · largura 5,false,false,true,presente_sem_semantica,false,false,semantica_e_parametros_da_condicao
338,PB:530:6,1,3,244,5,dt870_atualizacao,239,dt870_atualizacao · PlayerBooster.bin · registro 239 · bit 244 · largura 5,false,false,true,presente_sem_semantica,false,false,semantica_e_parametros_da_condicao
338,PB:384:6,2,3,249,5,dt870_atualizacao,239,dt870_atualizacao · PlayerBooster.bin · registro 239 · bit 249 · largura 5,false,false,true,presente_sem_semantica,false,false,semantica_e_parametros_da_condicao
338,PB:448:6,3,3,229,5,dt870_atualizacao,239,dt870_atualizacao · PlayerBooster.bin · registro 239 · bit 229 · largura 5,false,false,true,presente_sem_semantica,false,false,semantica_e_parametros_da_condicao
338,PB:524:6,4,3,122,5,dt870_atualizacao,239,dt870_atualizacao · PlayerBooster.bin · registro 239 · bit 122 · largura 5,false,false,true,presente_sem_semantica,false,false,semantica_e_parametros_da_condicao
339,PB:396:6,1,3,276,5,dt870_atualizacao,240,dt870_atualizacao · PlayerBooster.bin · registro 240 · bit 276 · largura 5,false,true,true,presente_sem_semantica,false,false,semantica_e_parametros_da_condicao
339,PB:530:6,2,3,244,5,dt870_atualizacao,240,dt870_atualizacao · PlayerBooster.bin · registro 240 · bit 244 · largura 5,false,true,true,presente_sem_semantica,false,false,semantica_e_parametros_da_condicao
339,PB:384:6,3,3,249,5,dt870_atualizacao,240,dt870_atualizacao · PlayerBooster.bin · registro 240 · bit 249 · largura 5,false,true,true,presente_sem_semantica,false,false,semantica_e_parametros_da_condicao
339,PB:518:6,4,3,175,5,dt870_atualizacao,240,dt870_atualizacao · PlayerBooster.bin · registro 240 · bit 175 · largura 5,false,true,true,presente_sem_semantica,false,false,semantica_e_parametros_da_condicao
340,PB:498:6,1,3,144,5,dt870_atualizacao,241,dt870_atualizacao · PlayerBooster.bin · registro 241 · bit 144 · largura 5,false,false,true,presente_sem_semantica,false,false,semantica_e_parametros_da_condicao
340,PB:390:6,2,3,261,5,dt870_atualizacao,241,dt870_atualizacao · PlayerBooster.bin · registro 241 · bit 261 · largura 5,false,false,true,presente_sem_semantica,false,false,semantica_e_parametros_da_condicao
340,PB:486:6,3,3,217,5,dt870_atualizacao,241,dt870_atualizacao · PlayerBooster.bin · registro 241 · bit 217 · largura 5,false,false,true,presente_sem_semantica,false,false,semantica_e_parametros_da_condicao
340,PB:480:6,4,3,202,5,dt870_atualizacao,241,dt870_atualizacao · PlayerBooster.bin · registro 241 · bit 202 · largura 5,false,false,true,presente_sem_semantica,false,false,semantica_e_parametros_da_condicao
341,PB:530:6,1,3,244,5,dt870_atualizacao,242,dt870_atualizacao · PlayerBooster.bin · registro 242 · bit 244 · largura 5,false,false,true,presente_sem_semantica,false,false,semantica_e_parametros_da_condicao
341,PB:384:6,2,3,249,5,dt870_atualizacao,242,dt870_atualizacao · PlayerBooster.bin · registro 242 · bit 249 · largura 5,false,false,true,presente_sem_semantica,false,false,semantica_e_parametros_da_condicao
341,PB:448:6,3,3,229,5,dt870_atualizacao,242,dt870_atualizacao · PlayerBooster.bin · registro 242 · bit 229 · largura 5,false,false,true,presente_sem_semantica,false,false,semantica_e_parametros_da_condicao
341,PB:524:6,4,3,122,5,dt870_atualizacao,242,dt870_atualizacao · PlayerBooster.bin · registro 242 · bit 122 · largura 5,false,false,true,presente_sem_semantica,false,false,semantica_e_parametros_da_condicao
342,PB:544:6,1,3,266,5,dt870_atualizacao,243,dt870_atualizacao · PlayerBooster.bin · registro 243 · bit 266 · largura 5,false,false,true,presente_sem_semantica,false,false,semantica_e_parametros_da_condicao
342,PB:524:6,2,3,122,5,dt870_atualizacao,243,dt870_atualizacao · PlayerBooster.bin · registro 243 · bit 122 · largura 5,false,false,true,presente_sem_semantica,false,false,semantica_e_parametros_da_condicao
342,PB:518:6,3,3,175,5,dt870_atualizacao,243,dt870_atualizacao · PlayerBooster.bin · registro 243 · bit 175 · largura 5,false,false,true,presente_sem_semantica,false,false,semantica_e_parametros_da_condicao
342,PB:454:6,4,3,234,5,dt870_atualizacao,243,dt870_atualizacao · PlayerBooster.bin · registro 243 · bit 234 · largura 5,false,false,true,presente_sem_semantica,false,false,semantica_e_parametros_da_condicao
343,PB:396:6,1,3,276,5,dt870_atualizacao,244,dt870_atualizacao · PlayerBooster.bin · registro 244 · bit 276 · largura 5,false,false,true,presente_sem_semantica,false,false,semantica_e_parametros_da_condicao
343,PB:530:6,2,3,244,5,dt870_atualizacao,244,dt870_atualizacao · PlayerBooster.bin · registro 244 · bit 244 · largura 5,false,false,true,presente_sem_semantica,false,false,semantica_e_parametros_da_condicao
343,PB:384:6,3,3,249,5,dt870_atualizacao,244,dt870_atualizacao · PlayerBooster.bin · registro 244 · bit 249 · largura 5,false,false,true,presente_sem_semantica,false,false,semantica_e_parametros_da_condicao
343,PB:518:6,4,3,175,5,dt870_atualizacao,244,dt870_atualizacao · PlayerBooster.bin · registro 244 · bit 175 · largura 5,false,false,true,presente_sem_semantica,false,false,semantica_e_parametros_da_condicao
344,PB:492:6,1,3,239,5,dt870_atualizacao,245,dt870_atualizacao · PlayerBooster.bin · registro 245 · bit 239 · largura 5,false,true,true,presente_sem_semantica,false,false,semantica_e_parametros_da_condicao
344,PB:384:6,2,3,249,5,dt870_atualizacao,245,dt870_atualizacao · PlayerBooster.bin · registro 245 · bit 249 · largura 5,false,true,true,presente_sem_semantica,false,false,semantica_e_parametros_da_condicao
344,PB:518:6,3,3,175,5,dt870_atualizacao,245,dt870_atualizacao · PlayerBooster.bin · registro 245 · bit 175 · largura 5,false,true,true,presente_sem_semantica,false,false,semantica_e_parametros_da_condicao
344,PB:434:6,4,3,180,5,dt870_atualizacao,245,dt870_atualizacao · PlayerBooster.bin · registro 245 · bit 180 · largura 5,false,true,true,presente_sem_semantica,false,false,semantica_e_parametros_da_condicao
345,PB:384:6,1,3,249,5,dt870_atualizacao,246,dt870_atualizacao · PlayerBooster.bin · registro 246 · bit 249 · largura 5,false,false,true,presente_sem_semantica,false,false,semantica_e_parametros_da_condicao
345,PB:448:6,2,3,229,5,dt870_atualizacao,246,dt870_atualizacao · PlayerBooster.bin · registro 246 · bit 229 · largura 5,false,false,true,presente_sem_semantica,false,false,semantica_e_parametros_da_condicao
345,PB:524:6,3,3,122,5,dt870_atualizacao,246,dt870_atualizacao · PlayerBooster.bin · registro 246 · bit 122 · largura 5,false,false,true,presente_sem_semantica,false,false,semantica_e_parametros_da_condicao
345,PB:428:6,4,3,185,5,dt870_atualizacao,246,dt870_atualizacao · PlayerBooster.bin · registro 246 · bit 185 · largura 5,false,false,true,presente_sem_semantica,false,false,semantica_e_parametros_da_condicao
346,PB:530:6,1,3,244,5,dt870_atualizacao,247,dt870_atualizacao · PlayerBooster.bin · registro 247 · bit 244 · largura 5,false,false,true,presente_sem_semantica,false,false,semantica_e_parametros_da_condicao
346,PB:384:6,2,3,249,5,dt870_atualizacao,247,dt870_atualizacao · PlayerBooster.bin · registro 247 · bit 249 · largura 5,false,false,true,presente_sem_semantica,false,false,semantica_e_parametros_da_condicao
346,PB:368:6,3,3,154,5,dt870_atualizacao,247,dt870_atualizacao · PlayerBooster.bin · registro 247 · bit 154 · largura 5,false,false,true,presente_sem_semantica,false,false,semantica_e_parametros_da_condicao
346,PB:428:6,4,3,185,5,dt870_atualizacao,247,dt870_atualizacao · PlayerBooster.bin · registro 247 · bit 185 · largura 5,false,false,true,presente_sem_semantica,false,false,semantica_e_parametros_da_condicao
347,PB:390:6,1,3,261,5,dt870_atualizacao,248,dt870_atualizacao · PlayerBooster.bin · registro 248 · bit 261 · largura 5,false,false,true,presente_sem_semantica,false,false,semantica_e_parametros_da_condicao
347,PB:486:6,2,3,217,5,dt870_atualizacao,248,dt870_atualizacao · PlayerBooster.bin · registro 248 · bit 217 · largura 5,false,false,true,presente_sem_semantica,false,false,semantica_e_parametros_da_condicao
347,PB:408:6,3,3,160,5,dt870_atualizacao,248,dt870_atualizacao · PlayerBooster.bin · registro 248 · bit 160 · largura 5,false,false,true,presente_sem_semantica,false,false,semantica_e_parametros_da_condicao
347,PB:454:6,4,3,234,5,dt870_atualizacao,248,dt870_atualizacao · PlayerBooster.bin · registro 248 · bit 234 · largura 5,false,false,true,presente_sem_semantica,false,false,semantica_e_parametros_da_condicao
348,PB:544:6,1,3,266,5,dt870_atualizacao,249,dt870_atualizacao · PlayerBooster.bin · registro 249 · bit 266 · largura 5,false,false,true,presente_sem_semantica,false,false,semantica_e_parametros_da_condicao
348,PB:524:6,2,3,122,5,dt870_atualizacao,249,dt870_atualizacao · PlayerBooster.bin · registro 249 · bit 122 · largura 5,false,false,true,presente_sem_semantica,false,false,semantica_e_parametros_da_condicao
348,PB:518:6,3,3,175,5,dt870_atualizacao,249,dt870_atualizacao · PlayerBooster.bin · registro 249 · bit 175 · largura 5,false,false,true,presente_sem_semantica,false,false,semantica_e_parametros_da_condicao
348,PB:454:6,4,3,234,5,dt870_atualizacao,249,dt870_atualizacao · PlayerBooster.bin · registro 249 · bit 234 · largura 5,false,false,true,presente_sem_semantica,false,false,semantica_e_parametros_da_condicao
349,PB:498:6,1,3,144,5,dt870_atualizacao,250,dt870_atualizacao · PlayerBooster.bin · registro 250 · bit 144 · largura 5,false,true,true,presente_sem_semantica,false,false,semantica_e_parametros_da_condicao
349,PB:486:6,2,3,217,5,dt870_atualizacao,250,dt870_atualizacao · PlayerBooster.bin · registro 250 · bit 217 · largura 5,false,true,true,presente_sem_semantica,false,false,semantica_e_parametros_da_condicao
349,PB:434:6,3,3,180,5,dt870_atualizacao,250,dt870_atualizacao · PlayerBooster.bin · registro 250 · bit 180 · largura 5,false,true,true,presente_sem_semantica,false,false,semantica_e_parametros_da_condicao
349,PB:480:6,4,3,202,5,dt870_atualizacao,250,dt870_atualizacao · PlayerBooster.bin · registro 250 · bit 202 · largura 5,false,true,true,presente_sem_semantica,false,false,semantica_e_parametros_da_condicao
350,PB:512:6,1,3,170,5,dt870_atualizacao,251,dt870_atualizacao · PlayerBooster.bin · registro 251 · bit 170 · largura 5,false,false,true,presente_sem_semantica,false,false,semantica_e_parametros_da_condicao
350,PB:390:6,2,3,261,5,dt870_atualizacao,251,dt870_atualizacao · PlayerBooster.bin · registro 251 · bit 261 · largura 5,false,false,true,presente_sem_semantica,false,false,semantica_e_parametros_da_condicao
350,PB:544:6,3,3,266,5,dt870_atualizacao,251,dt870_atualizacao · PlayerBooster.bin · registro 251 · bit 266 · largura 5,false,false,true,presente_sem_semantica,false,false,semantica_e_parametros_da_condicao
350,PB:524:6,4,3,122,5,dt870_atualizacao,251,dt870_atualizacao · PlayerBooster.bin · registro 251 · bit 122 · largura 5,false,false,true,presente_sem_semantica,false,false,semantica_e_parametros_da_condicao
351,PB:384:6,1,3,249,5,dt870_atualizacao,252,dt870_atualizacao · PlayerBooster.bin · registro 252 · bit 249 · largura 5,false,false,true,presente_sem_semantica,false,false,semantica_e_parametros_da_condicao
351,PB:448:6,2,3,229,5,dt870_atualizacao,252,dt870_atualizacao · PlayerBooster.bin · registro 252 · bit 229 · largura 5,false,false,true,presente_sem_semantica,false,false,semantica_e_parametros_da_condicao
351,PB:524:6,3,3,122,5,dt870_atualizacao,252,dt870_atualizacao · PlayerBooster.bin · registro 252 · bit 122 · largura 5,false,false,true,presente_sem_semantica,false,false,semantica_e_parametros_da_condicao
351,PB:428:6,4,3,185,5,dt870_atualizacao,252,dt870_atualizacao · PlayerBooster.bin · registro 252 · bit 185 · largura 5,false,false,true,presente_sem_semantica,false,false,semantica_e_parametros_da_condicao
352,PB:396:6,1,3,276,5,dt870_atualizacao,253,dt870_atualizacao · PlayerBooster.bin · registro 253 · bit 276 · largura 5,false,false,true,presente_sem_semantica,false,false,semantica_e_parametros_da_condicao
352,PB:504:6,2,3,149,5,dt870_atualizacao,253,dt870_atualizacao · PlayerBooster.bin · registro 253 · bit 149 · largura 5,false,false,true,presente_sem_semantica,false,false,semantica_e_parametros_da_condicao
352,PB:518:6,3,3,175,5,dt870_atualizacao,253,dt870_atualizacao · PlayerBooster.bin · registro 253 · bit 175 · largura 5,false,false,true,presente_sem_semantica,false,false,semantica_e_parametros_da_condicao
352,PB:550:6,4,3,271,5,dt870_atualizacao,253,dt870_atualizacao · PlayerBooster.bin · registro 253 · bit 271 · largura 5,false,false,true,presente_sem_semantica,false,false,semantica_e_parametros_da_condicao
353,PB:396:6,1,3,276,5,dt870_atualizacao,254,dt870_atualizacao · PlayerBooster.bin · registro 254 · bit 276 · largura 5,false,false,true,presente_sem_semantica,false,false,semantica_e_parametros_da_condicao
353,PB:530:6,2,3,244,5,dt870_atualizacao,254,dt870_atualizacao · PlayerBooster.bin · registro 254 · bit 244 · largura 5,false,false,true,presente_sem_semantica,false,false,semantica_e_parametros_da_condicao
353,PB:384:6,3,3,249,5,dt870_atualizacao,254,dt870_atualizacao · PlayerBooster.bin · registro 254 · bit 249 · largura 5,false,false,true,presente_sem_semantica,false,false,semantica_e_parametros_da_condicao
353,PB:518:6,4,3,175,5,dt870_atualizacao,254,dt870_atualizacao · PlayerBooster.bin · registro 254 · bit 175 · largura 5,false,false,true,presente_sem_semantica,false,false,semantica_e_parametros_da_condicao
354,PB:512:6,1,3,170,5,dt870_atualizacao,255,dt870_atualizacao · PlayerBooster.bin · registro 255 · bit 170 · largura 5,false,true,true,presente_sem_semantica,false,false,semantica_e_parametros_da_condicao
354,PB:486:6,2,3,217,5,dt870_atualizacao,255,dt870_atualizacao · PlayerBooster.bin · registro 255 · bit 217 · largura 5,false,true,true,presente_sem_semantica,false,false,semantica_e_parametros_da_condicao
354,PB:518:6,3,3,175,5,dt870_atualizacao,255,dt870_atualizacao · PlayerBooster.bin · registro 255 · bit 175 · largura 5,false,true,true,presente_sem_semantica,false,false,semantica_e_parametros_da_condicao
354,PB:480:6,4,3,202,5,dt870_atualizacao,255,dt870_atualizacao · PlayerBooster.bin · registro 255 · bit 202 · largura 5,false,true,true,presente_sem_semantica,false,false,semantica_e_parametros_da_condicao
355,PB:448:6,1,3,229,5,dt870_atualizacao,256,dt870_atualizacao · PlayerBooster.bin · registro 256 · bit 229 · largura 5,false,false,true,presente_sem_semantica,false,false,semantica_e_parametros_da_condicao
355,PB:434:6,2,3,180,5,dt870_atualizacao,256,dt870_atualizacao · PlayerBooster.bin · registro 256 · bit 180 · largura 5,false,false,true,presente_sem_semantica,false,false,semantica_e_parametros_da_condicao
355,PB:480:6,3,3,202,5,dt870_atualizacao,256,dt870_atualizacao · PlayerBooster.bin · registro 256 · bit 202 · largura 5,false,false,true,presente_sem_semantica,false,false,semantica_e_parametros_da_condicao
355,PB:428:6,4,3,185,5,dt870_atualizacao,256,dt870_atualizacao · PlayerBooster.bin · registro 256 · bit 185 · largura 5,false,false,true,presente_sem_semantica,false,false,semantica_e_parametros_da_condicao
356,PB:498:6,1,3,144,5,dt870_atualizacao,257,dt870_atualizacao · PlayerBooster.bin · registro 257 · bit 144 · largura 5,false,false,true,presente_sem_semantica,false,false,semantica_e_parametros_da_condicao
356,PB:396:6,2,3,276,5,dt870_atualizacao,257,dt870_atualizacao · PlayerBooster.bin · registro 257 · bit 276 · largura 5,false,false,true,presente_sem_semantica,false,false,semantica_e_parametros_da_condicao
356,PB:486:6,3,3,217,5,dt870_atualizacao,257,dt870_atualizacao · PlayerBooster.bin · registro 257 · bit 217 · largura 5,false,false,true,presente_sem_semantica,false,false,semantica_e_parametros_da_condicao
356,PB:530:6,4,3,244,5,dt870_atualizacao,257,dt870_atualizacao · PlayerBooster.bin · registro 257 · bit 244 · largura 5,false,false,true,presente_sem_semantica,false,false,semantica_e_parametros_da_condicao
357,PB:530:6,1,3,244,5,dt870_atualizacao,258,dt870_atualizacao · PlayerBooster.bin · registro 258 · bit 244 · largura 5,false,false,true,presente_sem_semantica,false,false,semantica_e_parametros_da_condicao
357,PB:384:6,2,3,249,5,dt870_atualizacao,258,dt870_atualizacao · PlayerBooster.bin · registro 258 · bit 249 · largura 5,false,false,true,presente_sem_semantica,false,false,semantica_e_parametros_da_condicao
357,PB:448:6,3,3,229,5,dt870_atualizacao,258,dt870_atualizacao · PlayerBooster.bin · registro 258 · bit 229 · largura 5,false,false,true,presente_sem_semantica,false,false,semantica_e_parametros_da_condicao
357,PB:524:6,4,3,122,5,dt870_atualizacao,258,dt870_atualizacao · PlayerBooster.bin · registro 258 · bit 122 · largura 5,false,false,true,presente_sem_semantica,false,false,semantica_e_parametros_da_condicao
358,PB:498:6,1,3,144,5,dt870_atualizacao,259,dt870_atualizacao · PlayerBooster.bin · registro 259 · bit 144 · largura 5,false,false,true,presente_sem_semantica,false,false,semantica_e_parametros_da_condicao
358,PB:486:6,2,3,217,5,dt870_atualizacao,259,dt870_atualizacao · PlayerBooster.bin · registro 259 · bit 217 · largura 5,false,false,true,presente_sem_semantica,false,false,semantica_e_parametros_da_condicao
358,PB:434:6,3,3,180,5,dt870_atualizacao,259,dt870_atualizacao · PlayerBooster.bin · registro 259 · bit 180 · largura 5,false,false,true,presente_sem_semantica,false,false,semantica_e_parametros_da_condicao
358,PB:480:6,4,3,202,5,dt870_atualizacao,259,dt870_atualizacao · PlayerBooster.bin · registro 259 · bit 202 · largura 5,false,false,true,presente_sem_semantica,false,false,semantica_e_parametros_da_condicao
359,PB:416:6,1,3,165,5,dt870_atualizacao,260,dt870_atualizacao · PlayerBooster.bin · registro 260 · bit 165 · largura 5,false,true,true,presente_sem_semantica,false,false,semantica_e_parametros_da_condicao
359,PB:472:6,3,3,,5,dt870_atualizacao,260,dt870_atualizacao · PlayerBooster.bin · registro 260 · conjunto GK bits 192/197/256,false,true,true,presente_sem_semantica,false,false,permutacao_semantica_dos_tres_campos_gk; semantica_e_parametros_da_condicao
359,PB:466:6,2,3,,5,dt870_atualizacao,260,dt870_atualizacao · PlayerBooster.bin · registro 260 · conjunto GK bits 192/197/256,false,true,true,presente_sem_semantica,false,false,permutacao_semantica_dos_tres_campos_gk; semantica_e_parametros_da_condicao
359,PB:460:6,4,3,,5,dt870_atualizacao,260,dt870_atualizacao · PlayerBooster.bin · registro 260 · conjunto GK bits 192/197/256,false,true,true,presente_sem_semantica,false,false,permutacao_semantica_dos_tres_campos_gk; semantica_e_parametros_da_condicao
360,PB:422:6,2,3,224,5,dt870_atualizacao,261,dt870_atualizacao · PlayerBooster.bin · registro 261 · bit 224 · largura 5,false,false,true,presente_sem_semantica,false,false,semantica_e_parametros_da_condicao
360,PB:472:6,3,3,,5,dt870_atualizacao,261,dt870_atualizacao · PlayerBooster.bin · registro 261 · conjunto GK bits 192/197/256,false,false,true,presente_sem_semantica,false,false,permutacao_semantica_dos_tres_campos_gk; semantica_e_parametros_da_condicao
360,PB:466:6,1,3,,5,dt870_atualizacao,261,dt870_atualizacao · PlayerBooster.bin · registro 261 · conjunto GK bits 192/197/256,false,false,true,presente_sem_semantica,false,false,permutacao_semantica_dos_tres_campos_gk; semantica_e_parametros_da_condicao
360,PB:460:6,4,3,,5,dt870_atualizacao,261,dt870_atualizacao · PlayerBooster.bin · registro 261 · conjunto GK bits 192/197/256,false,false,true,presente_sem_semantica,false,false,permutacao_semantica_dos_tres_campos_gk; semantica_e_parametros_da_condicao
361,PB:530:6,1,3,244,5,dt870_atualizacao,262,dt870_atualizacao · PlayerBooster.bin · registro 262 · bit 244 · largura 5,false,false,true,presente_sem_semantica,false,false,semantica_e_parametros_da_condicao
361,PB:384:6,2,3,249,5,dt870_atualizacao,262,dt870_atualizacao · PlayerBooster.bin · registro 262 · bit 249 · largura 5,false,false,true,presente_sem_semantica,false,false,semantica_e_parametros_da_condicao
361,PB:448:6,3,3,229,5,dt870_atualizacao,262,dt870_atualizacao · PlayerBooster.bin · registro 262 · bit 229 · largura 5,false,false,true,presente_sem_semantica,false,false,semantica_e_parametros_da_condicao
361,PB:524:6,4,3,122,5,dt870_atualizacao,262,dt870_atualizacao · PlayerBooster.bin · registro 262 · bit 122 · largura 5,false,false,true,presente_sem_semantica,false,false,semantica_e_parametros_da_condicao
362,PB:498:6,1,3,144,5,dt870_atualizacao,263,dt870_atualizacao · PlayerBooster.bin · registro 263 · bit 144 · largura 5,false,false,true,presente_sem_semantica,false,false,semantica_e_parametros_da_condicao
362,PB:486:6,2,3,217,5,dt870_atualizacao,263,dt870_atualizacao · PlayerBooster.bin · registro 263 · bit 217 · largura 5,false,false,true,presente_sem_semantica,false,false,semantica_e_parametros_da_condicao
362,PB:434:6,3,3,180,5,dt870_atualizacao,263,dt870_atualizacao · PlayerBooster.bin · registro 263 · bit 180 · largura 5,false,false,true,presente_sem_semantica,false,false,semantica_e_parametros_da_condicao
362,PB:480:6,4,3,202,5,dt870_atualizacao,263,dt870_atualizacao · PlayerBooster.bin · registro 263 · bit 202 · largura 5,false,false,true,presente_sem_semantica,false,false,semantica_e_parametros_da_condicao
363,PB:498:6,1,3,144,5,dt870_atualizacao,264,dt870_atualizacao · PlayerBooster.bin · registro 264 · bit 144 · largura 5,false,false,true,presente_sem_semantica,false,false,semantica_e_parametros_da_condicao
363,PB:396:6,2,3,276,5,dt870_atualizacao,264,dt870_atualizacao · PlayerBooster.bin · registro 264 · bit 276 · largura 5,false,false,true,presente_sem_semantica,false,false,semantica_e_parametros_da_condicao
363,PB:486:6,3,3,217,5,dt870_atualizacao,264,dt870_atualizacao · PlayerBooster.bin · registro 264 · bit 217 · largura 5,false,false,true,presente_sem_semantica,false,false,semantica_e_parametros_da_condicao
363,PB:530:6,4,3,244,5,dt870_atualizacao,264,dt870_atualizacao · PlayerBooster.bin · registro 264 · bit 244 · largura 5,false,false,true,presente_sem_semantica,false,false,semantica_e_parametros_da_condicao
364,PB:498:6,1,3,144,5,dt870_atualizacao,265,dt870_atualizacao · PlayerBooster.bin · registro 265 · bit 144 · largura 5,false,true,true,presente_sem_semantica,false,false,semantica_e_parametros_da_condicao
364,PB:396:6,2,3,276,5,dt870_atualizacao,265,dt870_atualizacao · PlayerBooster.bin · registro 265 · bit 276 · largura 5,false,true,true,presente_sem_semantica,false,false,semantica_e_parametros_da_condicao
364,PB:384:6,3,3,249,5,dt870_atualizacao,265,dt870_atualizacao · PlayerBooster.bin · registro 265 · bit 249 · largura 5,false,true,true,presente_sem_semantica,false,false,semantica_e_parametros_da_condicao
364,PB:524:6,4,3,122,5,dt870_atualizacao,265,dt870_atualizacao · PlayerBooster.bin · registro 265 · bit 122 · largura 5,false,true,true,presente_sem_semantica,false,false,semantica_e_parametros_da_condicao
365,PB:498:6,1,3,144,5,dt870_atualizacao,266,dt870_atualizacao · PlayerBooster.bin · registro 266 · bit 144 · largura 5,false,false,true,presente_sem_semantica,false,false,semantica_e_parametros_da_condicao
365,PB:396:6,2,3,276,5,dt870_atualizacao,266,dt870_atualizacao · PlayerBooster.bin · registro 266 · bit 276 · largura 5,false,false,true,presente_sem_semantica,false,false,semantica_e_parametros_da_condicao
365,PB:384:6,3,3,249,5,dt870_atualizacao,266,dt870_atualizacao · PlayerBooster.bin · registro 266 · bit 249 · largura 5,false,false,true,presente_sem_semantica,false,false,semantica_e_parametros_da_condicao
365,PB:524:6,4,3,122,5,dt870_atualizacao,266,dt870_atualizacao · PlayerBooster.bin · registro 266 · bit 122 · largura 5,false,false,true,presente_sem_semantica,false,false,semantica_e_parametros_da_condicao
366,PB:396:6,1,3,276,5,dt870_atualizacao,267,dt870_atualizacao · PlayerBooster.bin · registro 267 · bit 276 · largura 5,false,false,true,presente_sem_semantica,false,false,semantica_e_parametros_da_condicao
366,PB:492:6,2,3,239,5,dt870_atualizacao,267,dt870_atualizacao · PlayerBooster.bin · registro 267 · bit 239 · largura 5,false,false,true,presente_sem_semantica,false,false,semantica_e_parametros_da_condicao
366,PB:524:6,3,3,122,5,dt870_atualizacao,267,dt870_atualizacao · PlayerBooster.bin · registro 267 · bit 122 · largura 5,false,false,true,presente_sem_semantica,false,false,semantica_e_parametros_da_condicao
366,PB:550:6,4,3,271,5,dt870_atualizacao,267,dt870_atualizacao · PlayerBooster.bin · registro 267 · bit 271 · largura 5,false,false,true,presente_sem_semantica,false,false,semantica_e_parametros_da_condicao
367,PB:408:6,1,3,160,5,dt870_atualizacao,268,dt870_atualizacao · PlayerBooster.bin · registro 268 · bit 160 · largura 5,false,false,true,presente_sem_semantica,false,false,semantica_e_parametros_da_condicao
367,PB:384:6,2,3,249,5,dt870_atualizacao,268,dt870_atualizacao · PlayerBooster.bin · registro 268 · bit 249 · largura 5,false,false,true,presente_sem_semantica,false,false,semantica_e_parametros_da_condicao
367,PB:518:6,3,3,175,5,dt870_atualizacao,268,dt870_atualizacao · PlayerBooster.bin · registro 268 · bit 175 · largura 5,false,false,true,presente_sem_semantica,false,false,semantica_e_parametros_da_condicao
367,PB:434:6,4,3,180,5,dt870_atualizacao,268,dt870_atualizacao · PlayerBooster.bin · registro 268 · bit 180 · largura 5,false,false,true,presente_sem_semantica,false,false,semantica_e_parametros_da_condicao
368,PB:544:6,1,3,266,5,dt870_atualizacao,269,dt870_atualizacao · PlayerBooster.bin · registro 269 · bit 266 · largura 5,false,false,true,presente_sem_semantica,false,false,semantica_e_parametros_da_condicao
368,PB:524:6,2,3,122,5,dt870_atualizacao,269,dt870_atualizacao · PlayerBooster.bin · registro 269 · bit 122 · largura 5,false,false,true,presente_sem_semantica,false,false,semantica_e_parametros_da_condicao
368,PB:518:6,3,3,175,5,dt870_atualizacao,269,dt870_atualizacao · PlayerBooster.bin · registro 269 · bit 175 · largura 5,false,false,true,presente_sem_semantica,false,false,semantica_e_parametros_da_condicao
368,PB:454:6,4,3,234,5,dt870_atualizacao,269,dt870_atualizacao · PlayerBooster.bin · registro 269 · bit 234 · largura 5,false,false,true,presente_sem_semantica,false,false,semantica_e_parametros_da_condicao
370,PB:512:6,1,3,170,5,dt870_atualizacao,270,dt870_atualizacao · PlayerBooster.bin · registro 270 · bit 170 · largura 5,false,false,true,presente_sem_semantica,false,false,semantica_e_parametros_da_condicao
370,PB:486:6,2,3,217,5,dt870_atualizacao,270,dt870_atualizacao · PlayerBooster.bin · registro 270 · bit 217 · largura 5,false,false,true,presente_sem_semantica,false,false,semantica_e_parametros_da_condicao
370,PB:518:6,3,3,175,5,dt870_atualizacao,270,dt870_atualizacao · PlayerBooster.bin · registro 270 · bit 175 · largura 5,false,false,true,presente_sem_semantica,false,false,semantica_e_parametros_da_condicao
370,PB:480:6,4,3,202,5,dt870_atualizacao,270,dt870_atualizacao · PlayerBooster.bin · registro 270 · bit 202 · largura 5,false,false,true,presente_sem_semantica,false,false,semantica_e_parametros_da_condicao
371,PB:512:6,1,3,170,5,dt870_atualizacao,271,dt870_atualizacao · PlayerBooster.bin · registro 271 · bit 170 · largura 5,false,false,true,presente_sem_semantica,false,false,semantica_e_parametros_da_condicao
371,PB:486:6,2,3,217,5,dt870_atualizacao,271,dt870_atualizacao · PlayerBooster.bin · registro 271 · bit 217 · largura 5,false,false,true,presente_sem_semantica,false,false,semantica_e_parametros_da_condicao
371,PB:518:6,3,3,175,5,dt870_atualizacao,271,dt870_atualizacao · PlayerBooster.bin · registro 271 · bit 175 · largura 5,false,false,true,presente_sem_semantica,false,false,semantica_e_parametros_da_condicao
371,PB:454:6,4,3,234,5,dt870_atualizacao,271,dt870_atualizacao · PlayerBooster.bin · registro 271 · bit 234 · largura 5,false,false,true,presente_sem_semantica,false,false,semantica_e_parametros_da_condicao
372,PB:498:6,1,3,144,5,dt870_atualizacao,272,dt870_atualizacao · PlayerBooster.bin · registro 272 · bit 144 · largura 5,false,false,true,presente_sem_semantica,false,false,semantica_e_parametros_da_condicao
372,PB:396:6,2,3,276,5,dt870_atualizacao,272,dt870_atualizacao · PlayerBooster.bin · registro 272 · bit 276 · largura 5,false,false,true,presente_sem_semantica,false,false,semantica_e_parametros_da_condicao
372,PB:486:6,3,3,217,5,dt870_atualizacao,272,dt870_atualizacao · PlayerBooster.bin · registro 272 · bit 217 · largura 5,false,false,true,presente_sem_semantica,false,false,semantica_e_parametros_da_condicao
372,PB:530:6,4,3,244,5,dt870_atualizacao,272,dt870_atualizacao · PlayerBooster.bin · registro 272 · bit 244 · largura 5,false,false,true,presente_sem_semantica,false,false,semantica_e_parametros_da_condicao
373,PB:448:6,1,3,229,5,dt870_atualizacao,273,dt870_atualizacao · PlayerBooster.bin · registro 273 · bit 229 · largura 5,false,false,true,presente_sem_semantica,false,false,semantica_e_parametros_da_condicao
373,PB:434:6,2,3,180,5,dt870_atualizacao,273,dt870_atualizacao · PlayerBooster.bin · registro 273 · bit 180 · largura 5,false,false,true,presente_sem_semantica,false,false,semantica_e_parametros_da_condicao
373,PB:480:6,3,3,202,5,dt870_atualizacao,273,dt870_atualizacao · PlayerBooster.bin · registro 273 · bit 202 · largura 5,false,false,true,presente_sem_semantica,false,false,semantica_e_parametros_da_condicao
373,PB:428:6,4,3,185,5,dt870_atualizacao,273,dt870_atualizacao · PlayerBooster.bin · registro 273 · bit 185 · largura 5,false,false,true,presente_sem_semantica,false,false,semantica_e_parametros_da_condicao
374,PB:544:6,1,3,266,5,dt870_atualizacao,274,dt870_atualizacao · PlayerBooster.bin · registro 274 · bit 266 · largura 5,false,true,true,presente_sem_semantica,false,false,semantica_e_parametros_da_condicao
374,PB:524:6,2,3,122,5,dt870_atualizacao,274,dt870_atualizacao · PlayerBooster.bin · registro 274 · bit 122 · largura 5,false,true,true,presente_sem_semantica,false,false,semantica_e_parametros_da_condicao
374,PB:518:6,3,3,175,5,dt870_atualizacao,274,dt870_atualizacao · PlayerBooster.bin · registro 274 · bit 175 · largura 5,false,true,true,presente_sem_semantica,false,false,semantica_e_parametros_da_condicao
374,PB:454:6,4,3,234,5,dt870_atualizacao,274,dt870_atualizacao · PlayerBooster.bin · registro 274 · bit 234 · largura 5,false,true,true,presente_sem_semantica,false,false,semantica_e_parametros_da_condicao
375,PB:390:6,1,3,261,5,dt870_atualizacao,275,dt870_atualizacao · PlayerBooster.bin · registro 275 · bit 261 · largura 5,false,false,true,presente_sem_semantica,false,false,semantica_e_parametros_da_condicao
375,PB:486:6,2,3,217,5,dt870_atualizacao,275,dt870_atualizacao · PlayerBooster.bin · registro 275 · bit 217 · largura 5,false,false,true,presente_sem_semantica,false,false,semantica_e_parametros_da_condicao
375,PB:408:6,3,3,160,5,dt870_atualizacao,275,dt870_atualizacao · PlayerBooster.bin · registro 275 · bit 160 · largura 5,false,false,true,presente_sem_semantica,false,false,semantica_e_parametros_da_condicao
375,PB:454:6,4,3,234,5,dt870_atualizacao,275,dt870_atualizacao · PlayerBooster.bin · registro 275 · bit 234 · largura 5,false,false,true,presente_sem_semantica,false,false,semantica_e_parametros_da_condicao
376,PB:530:6,1,3,244,5,dt870_atualizacao,276,dt870_atualizacao · PlayerBooster.bin · registro 276 · bit 244 · largura 5,false,false,true,presente_sem_semantica,false,false,semantica_e_parametros_da_condicao
376,PB:384:6,2,3,249,5,dt870_atualizacao,276,dt870_atualizacao · PlayerBooster.bin · registro 276 · bit 249 · largura 5,false,false,true,presente_sem_semantica,false,false,semantica_e_parametros_da_condicao
376,PB:368:6,3,3,154,5,dt870_atualizacao,276,dt870_atualizacao · PlayerBooster.bin · registro 276 · bit 154 · largura 5,false,false,true,presente_sem_semantica,false,false,semantica_e_parametros_da_condicao
376,PB:428:6,4,3,185,5,dt870_atualizacao,276,dt870_atualizacao · PlayerBooster.bin · registro 276 · bit 185 · largura 5,false,false,true,presente_sem_semantica,false,false,semantica_e_parametros_da_condicao
377,PB:504:6,1,3,149,5,dt870_atualizacao,277,dt870_atualizacao · PlayerBooster.bin · registro 277 · bit 149 · largura 5,false,false,true,presente_sem_semantica,false,false,semantica_e_parametros_da_condicao
377,PB:408:6,2,3,160,5,dt870_atualizacao,277,dt870_atualizacao · PlayerBooster.bin · registro 277 · bit 160 · largura 5,false,false,true,presente_sem_semantica,false,false,semantica_e_parametros_da_condicao
377,PB:518:6,3,3,175,5,dt870_atualizacao,277,dt870_atualizacao · PlayerBooster.bin · registro 277 · bit 175 · largura 5,false,false,true,presente_sem_semantica,false,false,semantica_e_parametros_da_condicao
377,PB:480:6,4,3,202,5,dt870_atualizacao,277,dt870_atualizacao · PlayerBooster.bin · registro 277 · bit 202 · largura 5,false,false,true,presente_sem_semantica,false,false,semantica_e_parametros_da_condicao
378,PB:390:6,1,3,261,5,dt870_atualizacao,278,dt870_atualizacao · PlayerBooster.bin · registro 278 · bit 261 · largura 5,false,false,true,presente_sem_semantica,false,false,semantica_e_parametros_da_condicao
378,PB:434:6,2,3,180,5,dt870_atualizacao,278,dt870_atualizacao · PlayerBooster.bin · registro 278 · bit 180 · largura 5,false,false,true,presente_sem_semantica,false,false,semantica_e_parametros_da_condicao
378,PB:480:6,3,3,202,5,dt870_atualizacao,278,dt870_atualizacao · PlayerBooster.bin · registro 278 · bit 202 · largura 5,false,false,true,presente_sem_semantica,false,false,semantica_e_parametros_da_condicao
378,PB:454:6,4,3,234,5,dt870_atualizacao,278,dt870_atualizacao · PlayerBooster.bin · registro 278 · bit 234 · largura 5,false,false,true,presente_sem_semantica,false,false,semantica_e_parametros_da_condicao
379,PB:498:6,1,3,144,5,dt870_atualizacao,279,dt870_atualizacao · PlayerBooster.bin · registro 279 · bit 144 · largura 5,false,true,true,presente_sem_semantica,false,false,semantica_e_parametros_da_condicao
379,PB:486:6,2,3,217,5,dt870_atualizacao,279,dt870_atualizacao · PlayerBooster.bin · registro 279 · bit 217 · largura 5,false,true,true,presente_sem_semantica,false,false,semantica_e_parametros_da_condicao
379,PB:434:6,3,3,180,5,dt870_atualizacao,279,dt870_atualizacao · PlayerBooster.bin · registro 279 · bit 180 · largura 5,false,true,true,presente_sem_semantica,false,false,semantica_e_parametros_da_condicao
379,PB:480:6,4,3,202,5,dt870_atualizacao,279,dt870_atualizacao · PlayerBooster.bin · registro 279 · bit 202 · largura 5,false,true,true,presente_sem_semantica,false,false,semantica_e_parametros_da_condicao
380,PB:396:6,1,3,276,5,dt870_atualizacao,280,dt870_atualizacao · PlayerBooster.bin · registro 280 · bit 276 · largura 5,false,false,true,presente_sem_semantica,false,false,semantica_e_parametros_da_condicao
380,PB:530:6,2,3,244,5,dt870_atualizacao,280,dt870_atualizacao · PlayerBooster.bin · registro 280 · bit 244 · largura 5,false,false,true,presente_sem_semantica,false,false,semantica_e_parametros_da_condicao
380,PB:384:6,3,3,249,5,dt870_atualizacao,280,dt870_atualizacao · PlayerBooster.bin · registro 280 · bit 249 · largura 5,false,false,true,presente_sem_semantica,false,false,semantica_e_parametros_da_condicao
380,PB:518:6,4,3,175,5,dt870_atualizacao,280,dt870_atualizacao · PlayerBooster.bin · registro 280 · bit 175 · largura 5,false,false,true,presente_sem_semantica,false,false,semantica_e_parametros_da_condicao
381,PB:422:6,2,3,224,5,dt870_atualizacao,281,dt870_atualizacao · PlayerBooster.bin · registro 281 · bit 224 · largura 5,false,false,true,presente_sem_semantica,false,false,semantica_e_parametros_da_condicao
381,PB:472:6,3,3,,5,dt870_atualizacao,281,dt870_atualizacao · PlayerBooster.bin · registro 281 · conjunto GK bits 192/197/256,false,false,true,presente_sem_semantica,false,false,permutacao_semantica_dos_tres_campos_gk; semantica_e_parametros_da_condicao
381,PB:466:6,1,3,,5,dt870_atualizacao,281,dt870_atualizacao · PlayerBooster.bin · registro 281 · conjunto GK bits 192/197/256,false,false,true,presente_sem_semantica,false,false,permutacao_semantica_dos_tres_campos_gk; semantica_e_parametros_da_condicao
381,PB:460:6,4,3,,5,dt870_atualizacao,281,dt870_atualizacao · PlayerBooster.bin · registro 281 · conjunto GK bits 192/197/256,false,false,true,presente_sem_semantica,false,false,permutacao_semantica_dos_tres_campos_gk; semantica_e_parametros_da_condicao
382,PB:408:6,1,3,160,5,dt870_atualizacao,282,dt870_atualizacao · PlayerBooster.bin · registro 282 · bit 160 · largura 5,false,false,true,presente_sem_semantica,false,false,semantica_e_parametros_da_condicao
382,PB:384:6,2,3,249,5,dt870_atualizacao,282,dt870_atualizacao · PlayerBooster.bin · registro 282 · bit 249 · largura 5,false,false,true,presente_sem_semantica,false,false,semantica_e_parametros_da_condicao
382,PB:518:6,3,3,175,5,dt870_atualizacao,282,dt870_atualizacao · PlayerBooster.bin · registro 282 · bit 175 · largura 5,false,false,true,presente_sem_semantica,false,false,semantica_e_parametros_da_condicao
382,PB:434:6,4,3,180,5,dt870_atualizacao,282,dt870_atualizacao · PlayerBooster.bin · registro 282 · bit 180 · largura 5,false,false,true,presente_sem_semantica,false,false,semantica_e_parametros_da_condicao
383,PB:504:6,1,3,149,5,dt870_atualizacao,283,dt870_atualizacao · PlayerBooster.bin · registro 283 · bit 149 · largura 5,false,false,true,presente_sem_semantica,false,false,semantica_e_parametros_da_condicao
383,PB:492:6,2,3,239,5,dt870_atualizacao,283,dt870_atualizacao · PlayerBooster.bin · registro 283 · bit 239 · largura 5,false,false,true,presente_sem_semantica,false,false,semantica_e_parametros_da_condicao
383,PB:434:6,3,3,180,5,dt870_atualizacao,283,dt870_atualizacao · PlayerBooster.bin · registro 283 · bit 180 · largura 5,false,false,true,presente_sem_semantica,false,false,semantica_e_parametros_da_condicao
383,PB:550:6,4,3,271,5,dt870_atualizacao,283,dt870_atualizacao · PlayerBooster.bin · registro 283 · bit 271 · largura 5,false,false,true,presente_sem_semantica,false,false,semantica_e_parametros_da_condicao
384,PB:530:6,1,3,244,5,dt870_atualizacao,284,dt870_atualizacao · PlayerBooster.bin · registro 284 · bit 244 · largura 5,false,true,true,presente_sem_semantica,false,false,semantica_e_parametros_da_condicao
384,PB:384:6,2,3,249,5,dt870_atualizacao,284,dt870_atualizacao · PlayerBooster.bin · registro 284 · bit 249 · largura 5,false,true,true,presente_sem_semantica,false,false,semantica_e_parametros_da_condicao
384,PB:448:6,3,3,229,5,dt870_atualizacao,284,dt870_atualizacao · PlayerBooster.bin · registro 284 · bit 229 · largura 5,false,true,true,presente_sem_semantica,false,false,semantica_e_parametros_da_condicao
384,PB:524:6,4,3,122,5,dt870_atualizacao,284,dt870_atualizacao · PlayerBooster.bin · registro 284 · bit 122 · largura 5,false,true,true,presente_sem_semantica,false,false,semantica_e_parametros_da_condicao
385,PB:512:6,1,3,170,5,dt870_atualizacao,285,dt870_atualizacao · PlayerBooster.bin · registro 285 · bit 170 · largura 5,false,false,true,presente_sem_semantica,false,false,semantica_e_parametros_da_condicao
385,PB:390:6,2,3,261,5,dt870_atualizacao,285,dt870_atualizacao · PlayerBooster.bin · registro 285 · bit 261 · largura 5,false,false,true,presente_sem_semantica,false,false,semantica_e_parametros_da_condicao
385,PB:544:6,3,3,266,5,dt870_atualizacao,285,dt870_atualizacao · PlayerBooster.bin · registro 285 · bit 266 · largura 5,false,false,true,presente_sem_semantica,false,false,semantica_e_parametros_da_condicao
385,PB:524:6,4,3,122,5,dt870_atualizacao,285,dt870_atualizacao · PlayerBooster.bin · registro 285 · bit 122 · largura 5,false,false,true,presente_sem_semantica,false,false,semantica_e_parametros_da_condicao
386,PB:498:6,1,3,144,5,dt870_atualizacao,286,dt870_atualizacao · PlayerBooster.bin · registro 286 · bit 144 · largura 5,false,true,true,presente_sem_semantica,false,false,semantica_e_parametros_da_condicao
386,PB:396:6,2,3,276,5,dt870_atualizacao,286,dt870_atualizacao · PlayerBooster.bin · registro 286 · bit 276 · largura 5,false,true,true,presente_sem_semantica,false,false,semantica_e_parametros_da_condicao
386,PB:486:6,3,3,217,5,dt870_atualizacao,286,dt870_atualizacao · PlayerBooster.bin · registro 286 · bit 217 · largura 5,false,true,true,presente_sem_semantica,false,false,semantica_e_parametros_da_condicao
386,PB:530:6,4,3,244,5,dt870_atualizacao,286,dt870_atualizacao · PlayerBooster.bin · registro 286 · bit 244 · largura 5,false,true,true,presente_sem_semantica,false,false,semantica_e_parametros_da_condicao
387,PB:512:6,1,3,170,5,dt870_atualizacao,287,dt870_atualizacao · PlayerBooster.bin · registro 287 · bit 170 · largura 5,false,false,true,presente_sem_semantica,false,false,semantica_e_parametros_da_condicao
387,PB:486:6,2,3,217,5,dt870_atualizacao,287,dt870_atualizacao · PlayerBooster.bin · registro 287 · bit 217 · largura 5,false,false,true,presente_sem_semantica,false,false,semantica_e_parametros_da_condicao
387,PB:518:6,3,3,175,5,dt870_atualizacao,287,dt870_atualizacao · PlayerBooster.bin · registro 287 · bit 175 · largura 5,false,false,true,presente_sem_semantica,false,false,semantica_e_parametros_da_condicao
387,PB:454:6,4,3,234,5,dt870_atualizacao,287,dt870_atualizacao · PlayerBooster.bin · registro 287 · bit 234 · largura 5,false,false,true,presente_sem_semantica,false,false,semantica_e_parametros_da_condicao
388,PB:396:6,1,3,276,5,dt870_atualizacao,288,dt870_atualizacao · PlayerBooster.bin · registro 288 · bit 276 · largura 5,false,false,true,presente_sem_semantica,false,false,semantica_e_parametros_da_condicao
388,PB:530:6,2,3,244,5,dt870_atualizacao,288,dt870_atualizacao · PlayerBooster.bin · registro 288 · bit 244 · largura 5,false,false,true,presente_sem_semantica,false,false,semantica_e_parametros_da_condicao
388,PB:384:6,3,3,249,5,dt870_atualizacao,288,dt870_atualizacao · PlayerBooster.bin · registro 288 · bit 249 · largura 5,false,false,true,presente_sem_semantica,false,false,semantica_e_parametros_da_condicao
388,PB:518:6,4,3,175,5,dt870_atualizacao,288,dt870_atualizacao · PlayerBooster.bin · registro 288 · bit 175 · largura 5,false,false,true,presente_sem_semantica,false,false,semantica_e_parametros_da_condicao
389,PB:504:6,1,3,149,5,dt870_atualizacao,289,dt870_atualizacao · PlayerBooster.bin · registro 289 · bit 149 · largura 5,false,true,true,presente_sem_semantica,false,false,semantica_e_parametros_da_condicao
389,PB:492:6,2,3,239,5,dt870_atualizacao,289,dt870_atualizacao · PlayerBooster.bin · registro 289 · bit 239 · largura 5,false,true,true,presente_sem_semantica,false,false,semantica_e_parametros_da_condicao
389,PB:434:6,3,3,180,5,dt870_atualizacao,289,dt870_atualizacao · PlayerBooster.bin · registro 289 · bit 180 · largura 5,false,true,true,presente_sem_semantica,false,false,semantica_e_parametros_da_condicao
389,PB:550:6,4,3,271,5,dt870_atualizacao,289,dt870_atualizacao · PlayerBooster.bin · registro 289 · bit 271 · largura 5,false,true,true,presente_sem_semantica,false,false,semantica_e_parametros_da_condicao
390,PB:498:6,1,3,144,5,dt870_atualizacao,290,dt870_atualizacao · PlayerBooster.bin · registro 290 · bit 144 · largura 5,false,false,true,presente_sem_semantica,false,false,semantica_e_parametros_da_condicao
390,PB:396:6,2,3,276,5,dt870_atualizacao,290,dt870_atualizacao · PlayerBooster.bin · registro 290 · bit 276 · largura 5,false,false,true,presente_sem_semantica,false,false,semantica_e_parametros_da_condicao
390,PB:486:6,3,3,217,5,dt870_atualizacao,290,dt870_atualizacao · PlayerBooster.bin · registro 290 · bit 217 · largura 5,false,false,true,presente_sem_semantica,false,false,semantica_e_parametros_da_condicao
390,PB:530:6,4,3,244,5,dt870_atualizacao,290,dt870_atualizacao · PlayerBooster.bin · registro 290 · bit 244 · largura 5,false,false,true,presente_sem_semantica,false,false,semantica_e_parametros_da_condicao
391,PB:416:6,1,3,165,5,dt870_atualizacao,291,dt870_atualizacao · PlayerBooster.bin · registro 291 · bit 165 · largura 5,false,false,true,presente_sem_semantica,false,false,semantica_e_parametros_da_condicao
391,PB:472:6,3,3,,5,dt870_atualizacao,291,dt870_atualizacao · PlayerBooster.bin · registro 291 · conjunto GK bits 192/197/256,false,false,true,presente_sem_semantica,false,false,permutacao_semantica_dos_tres_campos_gk; semantica_e_parametros_da_condicao
391,PB:466:6,2,3,,5,dt870_atualizacao,291,dt870_atualizacao · PlayerBooster.bin · registro 291 · conjunto GK bits 192/197/256,false,false,true,presente_sem_semantica,false,false,permutacao_semantica_dos_tres_campos_gk; semantica_e_parametros_da_condicao
391,PB:460:6,4,3,,5,dt870_atualizacao,291,dt870_atualizacao · PlayerBooster.bin · registro 291 · conjunto GK bits 192/197/256,false,false,true,presente_sem_semantica,false,false,permutacao_semantica_dos_tres_campos_gk; semantica_e_parametros_da_condicao
392,PB:396:6,1,3,276,5,dt870_atualizacao,292,dt870_atualizacao · PlayerBooster.bin · registro 292 · bit 276 · largura 5,false,false,true,presente_sem_semantica,false,false,semantica_e_parametros_da_condicao
392,PB:530:6,2,3,244,5,dt870_atualizacao,292,dt870_atualizacao · PlayerBooster.bin · registro 292 · bit 244 · largura 5,false,false,true,presente_sem_semantica,false,false,semantica_e_parametros_da_condicao
392,PB:384:6,3,3,249,5,dt870_atualizacao,292,dt870_atualizacao · PlayerBooster.bin · registro 292 · bit 249 · largura 5,false,false,true,presente_sem_semantica,false,false,semantica_e_parametros_da_condicao
392,PB:518:6,4,3,175,5,dt870_atualizacao,292,dt870_atualizacao · PlayerBooster.bin · registro 292 · bit 175 · largura 5,false,false,true,presente_sem_semantica,false,false,semantica_e_parametros_da_condicao
393,PB:396:6,1,3,276,5,dt870_atualizacao,293,dt870_atualizacao · PlayerBooster.bin · registro 293 · bit 276 · largura 5,false,false,true,presente_sem_semantica,false,false,semantica_e_parametros_da_condicao
393,PB:530:6,2,3,244,5,dt870_atualizacao,293,dt870_atualizacao · PlayerBooster.bin · registro 293 · bit 244 · largura 5,false,false,true,presente_sem_semantica,false,false,semantica_e_parametros_da_condicao
393,PB:384:6,3,3,249,5,dt870_atualizacao,293,dt870_atualizacao · PlayerBooster.bin · registro 293 · bit 249 · largura 5,false,false,true,presente_sem_semantica,false,false,semantica_e_parametros_da_condicao
393,PB:518:6,4,3,175,5,dt870_atualizacao,293,dt870_atualizacao · PlayerBooster.bin · registro 293 · bit 175 · largura 5,false,false,true,presente_sem_semantica,false,false,semantica_e_parametros_da_condicao
394,PB:396:6,1,3,276,5,dt870_atualizacao,294,dt870_atualizacao · PlayerBooster.bin · registro 294 · bit 276 · largura 5,false,true,true,presente_sem_semantica,false,false,semantica_e_parametros_da_condicao
394,PB:492:6,2,3,239,5,dt870_atualizacao,294,dt870_atualizacao · PlayerBooster.bin · registro 294 · bit 239 · largura 5,false,true,true,presente_sem_semantica,false,false,semantica_e_parametros_da_condicao
394,PB:524:6,3,3,122,5,dt870_atualizacao,294,dt870_atualizacao · PlayerBooster.bin · registro 294 · bit 122 · largura 5,false,true,true,presente_sem_semantica,false,false,semantica_e_parametros_da_condicao
394,PB:550:6,4,3,271,5,dt870_atualizacao,294,dt870_atualizacao · PlayerBooster.bin · registro 294 · bit 271 · largura 5,false,true,true,presente_sem_semantica,false,false,semantica_e_parametros_da_condicao
395,PB:396:6,1,3,276,5,dt870_atualizacao,295,dt870_atualizacao · PlayerBooster.bin · registro 295 · bit 276 · largura 5,false,false,true,presente_sem_semantica,false,false,semantica_e_parametros_da_condicao
395,PB:504:6,2,3,149,5,dt870_atualizacao,295,dt870_atualizacao · PlayerBooster.bin · registro 295 · bit 149 · largura 5,false,false,true,presente_sem_semantica,false,false,semantica_e_parametros_da_condicao
395,PB:492:6,3,3,239,5,dt870_atualizacao,295,dt870_atualizacao · PlayerBooster.bin · registro 295 · bit 239 · largura 5,false,false,true,presente_sem_semantica,false,false,semantica_e_parametros_da_condicao
395,PB:530:6,4,3,244,5,dt870_atualizacao,295,dt870_atualizacao · PlayerBooster.bin · registro 295 · bit 244 · largura 5,false,false,true,presente_sem_semantica,false,false,semantica_e_parametros_da_condicao
396,PB:396:6,1,3,276,5,dt870_atualizacao,296,dt870_atualizacao · PlayerBooster.bin · registro 296 · bit 276 · largura 5,false,false,true,presente_sem_semantica,false,false,semantica_e_parametros_da_condicao
396,PB:504:6,2,3,149,5,dt870_atualizacao,296,dt870_atualizacao · PlayerBooster.bin · registro 296 · bit 149 · largura 5,false,false,true,presente_sem_semantica,false,false,semantica_e_parametros_da_condicao
396,PB:518:6,3,3,175,5,dt870_atualizacao,296,dt870_atualizacao · PlayerBooster.bin · registro 296 · bit 175 · largura 5,false,false,true,presente_sem_semantica,false,false,semantica_e_parametros_da_condicao
396,PB:550:6,4,3,271,5,dt870_atualizacao,296,dt870_atualizacao · PlayerBooster.bin · registro 296 · bit 271 · largura 5,false,false,true,presente_sem_semantica,false,false,semantica_e_parametros_da_condicao
397,PB:504:6,1,3,149,5,dt870_atualizacao,297,dt870_atualizacao · PlayerBooster.bin · registro 297 · bit 149 · largura 5,false,false,true,presente_sem_semantica,false,false,semantica_e_parametros_da_condicao
397,PB:492:6,2,3,239,5,dt870_atualizacao,297,dt870_atualizacao · PlayerBooster.bin · registro 297 · bit 239 · largura 5,false,false,true,presente_sem_semantica,false,false,semantica_e_parametros_da_condicao
397,PB:434:6,3,3,180,5,dt870_atualizacao,297,dt870_atualizacao · PlayerBooster.bin · registro 297 · bit 180 · largura 5,false,false,true,presente_sem_semantica,false,false,semantica_e_parametros_da_condicao
397,PB:550:6,4,3,271,5,dt870_atualizacao,297,dt870_atualizacao · PlayerBooster.bin · registro 297 · bit 271 · largura 5,false,false,true,presente_sem_semantica,false,false,semantica_e_parametros_da_condicao
398,PB:408:6,1,3,160,5,dt870_atualizacao,298,dt870_atualizacao · PlayerBooster.bin · registro 298 · bit 160 · largura 5,false,false,true,presente_sem_semantica,false,false,semantica_e_parametros_da_condicao
398,PB:384:6,2,3,249,5,dt870_atualizacao,298,dt870_atualizacao · PlayerBooster.bin · registro 298 · bit 249 · largura 5,false,false,true,presente_sem_semantica,false,false,semantica_e_parametros_da_condicao
398,PB:518:6,3,3,175,5,dt870_atualizacao,298,dt870_atualizacao · PlayerBooster.bin · registro 298 · bit 175 · largura 5,false,false,true,presente_sem_semantica,false,false,semantica_e_parametros_da_condicao
398,PB:434:6,4,3,180,5,dt870_atualizacao,298,dt870_atualizacao · PlayerBooster.bin · registro 298 · bit 180 · largura 5,false,false,true,presente_sem_semantica,false,false,semantica_e_parametros_da_condicao
399,PB:504:6,1,3,149,5,dt870_atualizacao,299,dt870_atualizacao · PlayerBooster.bin · registro 299 · bit 149 · largura 5,false,true,true,presente_sem_semantica,false,false,semantica_e_parametros_da_condicao
399,PB:408:6,2,3,160,5,dt870_atualizacao,299,dt870_atualizacao · PlayerBooster.bin · registro 299 · bit 160 · largura 5,false,true,true,presente_sem_semantica,false,false,semantica_e_parametros_da_condicao
399,PB:518:6,3,3,175,5,dt870_atualizacao,299,dt870_atualizacao · PlayerBooster.bin · registro 299 · bit 175 · largura 5,false,true,true,presente_sem_semantica,false,false,semantica_e_parametros_da_condicao
399,PB:480:6,4,3,202,5,dt870_atualizacao,299,dt870_atualizacao · PlayerBooster.bin · registro 299 · bit 202 · largura 5,false,true,true,presente_sem_semantica,false,false,semantica_e_parametros_da_condicao
400,PB:492:6,1,3,239,5,dt870_atualizacao,300,dt870_atualizacao · PlayerBooster.bin · registro 300 · bit 239 · largura 5,false,false,true,presente_sem_semantica,false,false,semantica_e_parametros_da_condicao
400,PB:384:6,2,3,249,5,dt870_atualizacao,300,dt870_atualizacao · PlayerBooster.bin · registro 300 · bit 249 · largura 5,false,false,true,presente_sem_semantica,false,false,semantica_e_parametros_da_condicao
400,PB:518:6,3,3,175,5,dt870_atualizacao,300,dt870_atualizacao · PlayerBooster.bin · registro 300 · bit 175 · largura 5,false,false,true,presente_sem_semantica,false,false,semantica_e_parametros_da_condicao
400,PB:434:6,4,3,180,5,dt870_atualizacao,300,dt870_atualizacao · PlayerBooster.bin · registro 300 · bit 180 · largura 5,false,false,true,presente_sem_semantica,false,false,semantica_e_parametros_da_condicao
401,PB:530:6,1,3,244,5,dt870_atualizacao,301,dt870_atualizacao · PlayerBooster.bin · registro 301 · bit 244 · largura 5,false,false,true,presente_sem_semantica,false,false,semantica_e_parametros_da_condicao
401,PB:384:6,2,3,249,5,dt870_atualizacao,301,dt870_atualizacao · PlayerBooster.bin · registro 301 · bit 249 · largura 5,false,false,true,presente_sem_semantica,false,false,semantica_e_parametros_da_condicao
401,PB:448:6,3,3,229,5,dt870_atualizacao,301,dt870_atualizacao · PlayerBooster.bin · registro 301 · bit 229 · largura 5,false,false,true,presente_sem_semantica,false,false,semantica_e_parametros_da_condicao
401,PB:524:6,4,3,122,5,dt870_atualizacao,301,dt870_atualizacao · PlayerBooster.bin · registro 301 · bit 122 · largura 5,false,false,true,presente_sem_semantica,false,false,semantica_e_parametros_da_condicao
402,PB:504:6,1,3,149,5,dt870_atualizacao,302,dt870_atualizacao · PlayerBooster.bin · registro 302 · bit 149 · largura 5,false,false,true,presente_sem_semantica,false,false,semantica_e_parametros_da_condicao
402,PB:486:6,2,3,217,5,dt870_atualizacao,302,dt870_atualizacao · PlayerBooster.bin · registro 302 · bit 217 · largura 5,false,false,true,presente_sem_semantica,false,false,semantica_e_parametros_da_condicao
402,PB:434:6,3,3,180,5,dt870_atualizacao,302,dt870_atualizacao · PlayerBooster.bin · registro 302 · bit 180 · largura 5,false,false,true,presente_sem_semantica,false,false,semantica_e_parametros_da_condicao
402,PB:480:6,4,3,202,5,dt870_atualizacao,302,dt870_atualizacao · PlayerBooster.bin · registro 302 · bit 202 · largura 5,false,false,true,presente_sem_semantica,false,false,semantica_e_parametros_da_condicao
403,PB:390:6,1,3,261,5,dt870_atualizacao,303,dt870_atualizacao · PlayerBooster.bin · registro 303 · bit 261 · largura 5,false,false,true,presente_sem_semantica,false,false,semantica_e_parametros_da_condicao
403,PB:434:6,2,3,180,5,dt870_atualizacao,303,dt870_atualizacao · PlayerBooster.bin · registro 303 · bit 180 · largura 5,false,false,true,presente_sem_semantica,false,false,semantica_e_parametros_da_condicao
403,PB:480:6,3,3,202,5,dt870_atualizacao,303,dt870_atualizacao · PlayerBooster.bin · registro 303 · bit 202 · largura 5,false,false,true,presente_sem_semantica,false,false,semantica_e_parametros_da_condicao
403,PB:454:6,4,3,234,5,dt870_atualizacao,303,dt870_atualizacao · PlayerBooster.bin · registro 303 · bit 234 · largura 5,false,false,true,presente_sem_semantica,false,false,semantica_e_parametros_da_condicao
404,PB:390:6,1,3,261,5,dt870_atualizacao,304,dt870_atualizacao · PlayerBooster.bin · registro 304 · bit 261 · largura 5,false,true,true,presente_sem_semantica,false,false,semantica_e_parametros_da_condicao
404,PB:486:6,2,3,217,5,dt870_atualizacao,304,dt870_atualizacao · PlayerBooster.bin · registro 304 · bit 217 · largura 5,false,true,true,presente_sem_semantica,false,false,semantica_e_parametros_da_condicao
404,PB:408:6,3,3,160,5,dt870_atualizacao,304,dt870_atualizacao · PlayerBooster.bin · registro 304 · bit 160 · largura 5,false,true,true,presente_sem_semantica,false,false,semantica_e_parametros_da_condicao
404,PB:454:6,4,3,234,5,dt870_atualizacao,304,dt870_atualizacao · PlayerBooster.bin · registro 304 · bit 234 · largura 5,false,true,true,presente_sem_semantica,false,false,semantica_e_parametros_da_condicao
405,PB:512:6,1,3,170,5,dt870_atualizacao,305,dt870_atualizacao · PlayerBooster.bin · registro 305 · bit 170 · largura 5,false,false,true,presente_sem_semantica,false,false,semantica_e_parametros_da_condicao
405,PB:486:6,2,3,217,5,dt870_atualizacao,305,dt870_atualizacao · PlayerBooster.bin · registro 305 · bit 217 · largura 5,false,false,true,presente_sem_semantica,false,false,semantica_e_parametros_da_condicao
405,PB:518:6,3,3,175,5,dt870_atualizacao,305,dt870_atualizacao · PlayerBooster.bin · registro 305 · bit 175 · largura 5,false,false,true,presente_sem_semantica,false,false,semantica_e_parametros_da_condicao
405,PB:480:6,4,3,202,5,dt870_atualizacao,305,dt870_atualizacao · PlayerBooster.bin · registro 305 · bit 202 · largura 5,false,false,true,presente_sem_semantica,false,false,semantica_e_parametros_da_condicao
406,PB:390:6,1,3,261,5,dt870_atualizacao,306,dt870_atualizacao · PlayerBooster.bin · registro 306 · bit 261 · largura 5,false,false,true,presente_sem_semantica,false,false,semantica_e_parametros_da_condicao
406,PB:544:6,2,3,266,5,dt870_atualizacao,306,dt870_atualizacao · PlayerBooster.bin · registro 306 · bit 266 · largura 5,false,false,true,presente_sem_semantica,false,false,semantica_e_parametros_da_condicao
406,PB:434:6,3,3,180,5,dt870_atualizacao,306,dt870_atualizacao · PlayerBooster.bin · registro 306 · bit 180 · largura 5,false,false,true,presente_sem_semantica,false,false,semantica_e_parametros_da_condicao
406,PB:454:6,4,3,234,5,dt870_atualizacao,306,dt870_atualizacao · PlayerBooster.bin · registro 306 · bit 234 · largura 5,false,false,true,presente_sem_semantica,false,false,semantica_e_parametros_da_condicao
407,PB:448:6,1,3,229,5,dt870_atualizacao,307,dt870_atualizacao · PlayerBooster.bin · registro 307 · bit 229 · largura 5,false,false,true,presente_sem_semantica,false,false,semantica_e_parametros_da_condicao
407,PB:434:6,2,3,180,5,dt870_atualizacao,307,dt870_atualizacao · PlayerBooster.bin · registro 307 · bit 180 · largura 5,false,false,true,presente_sem_semantica,false,false,semantica_e_parametros_da_condicao
407,PB:480:6,3,3,202,5,dt870_atualizacao,307,dt870_atualizacao · PlayerBooster.bin · registro 307 · bit 202 · largura 5,false,false,true,presente_sem_semantica,false,false,semantica_e_parametros_da_condicao
407,PB:428:6,4,3,185,5,dt870_atualizacao,307,dt870_atualizacao · PlayerBooster.bin · registro 307 · bit 185 · largura 5,false,false,true,presente_sem_semantica,false,false,semantica_e_parametros_da_condicao
408,PB:530:6,1,3,244,5,dt870_atualizacao,308,dt870_atualizacao · PlayerBooster.bin · registro 308 · bit 244 · largura 5,false,false,true,presente_sem_semantica,false,false,semantica_e_parametros_da_condicao
408,PB:384:6,2,3,249,5,dt870_atualizacao,308,dt870_atualizacao · PlayerBooster.bin · registro 308 · bit 249 · largura 5,false,false,true,presente_sem_semantica,false,false,semantica_e_parametros_da_condicao
408,PB:448:6,3,3,229,5,dt870_atualizacao,308,dt870_atualizacao · PlayerBooster.bin · registro 308 · bit 229 · largura 5,false,false,true,presente_sem_semantica,false,false,semantica_e_parametros_da_condicao
408,PB:524:6,4,3,122,5,dt870_atualizacao,308,dt870_atualizacao · PlayerBooster.bin · registro 308 · bit 122 · largura 5,false,false,true,presente_sem_semantica,false,false,semantica_e_parametros_da_condicao
409,PB:396:6,1,3,276,5,dt870_atualizacao,309,dt870_atualizacao · PlayerBooster.bin · registro 309 · bit 276 · largura 5,false,true,true,presente_sem_semantica,false,false,semantica_e_parametros_da_condicao
409,PB:530:6,2,3,244,5,dt870_atualizacao,309,dt870_atualizacao · PlayerBooster.bin · registro 309 · bit 244 · largura 5,false,true,true,presente_sem_semantica,false,false,semantica_e_parametros_da_condicao
409,PB:384:6,3,3,249,5,dt870_atualizacao,309,dt870_atualizacao · PlayerBooster.bin · registro 309 · bit 249 · largura 5,false,true,true,presente_sem_semantica,false,false,semantica_e_parametros_da_condicao
409,PB:518:6,4,3,175,5,dt870_atualizacao,309,dt870_atualizacao · PlayerBooster.bin · registro 309 · bit 175 · largura 5,false,true,true,presente_sem_semantica,false,false,semantica_e_parametros_da_condicao
411,PB:422:6,2,3,224,5,dt870_atualizacao,310,dt870_atualizacao · PlayerBooster.bin · registro 310 · bit 224 · largura 5,false,false,true,presente_sem_semantica,false,false,semantica_e_parametros_da_condicao
411,PB:472:6,3,3,,5,dt870_atualizacao,310,dt870_atualizacao · PlayerBooster.bin · registro 310 · conjunto GK bits 192/197/256,false,false,true,presente_sem_semantica,false,false,permutacao_semantica_dos_tres_campos_gk; semantica_e_parametros_da_condicao
411,PB:466:6,1,3,,5,dt870_atualizacao,310,dt870_atualizacao · PlayerBooster.bin · registro 310 · conjunto GK bits 192/197/256,false,false,true,presente_sem_semantica,false,false,permutacao_semantica_dos_tres_campos_gk; semantica_e_parametros_da_condicao
411,PB:460:6,4,3,,5,dt870_atualizacao,310,dt870_atualizacao · PlayerBooster.bin · registro 310 · conjunto GK bits 192/197/256,false,false,true,presente_sem_semantica,false,false,permutacao_semantica_dos_tres_campos_gk; semantica_e_parametros_da_condicao
412,PB:396:6,1,3,276,5,dt870_atualizacao,311,dt870_atualizacao · PlayerBooster.bin · registro 311 · bit 276 · largura 5,false,false,true,presente_sem_semantica,false,false,semantica_e_parametros_da_condicao
412,PB:492:6,2,3,239,5,dt870_atualizacao,311,dt870_atualizacao · PlayerBooster.bin · registro 311 · bit 239 · largura 5,false,false,true,presente_sem_semantica,false,false,semantica_e_parametros_da_condicao
412,PB:524:6,3,3,122,5,dt870_atualizacao,311,dt870_atualizacao · PlayerBooster.bin · registro 311 · bit 122 · largura 5,false,false,true,presente_sem_semantica,false,false,semantica_e_parametros_da_condicao
412,PB:550:6,4,3,271,5,dt870_atualizacao,311,dt870_atualizacao · PlayerBooster.bin · registro 311 · bit 271 · largura 5,false,false,true,presente_sem_semantica,false,false,semantica_e_parametros_da_condicao
413,PB:396:6,1,3,276,5,dt870_atualizacao,312,dt870_atualizacao · PlayerBooster.bin · registro 312 · bit 276 · largura 5,false,false,true,presente_sem_semantica,false,false,semantica_e_parametros_da_condicao
413,PB:530:6,2,3,244,5,dt870_atualizacao,312,dt870_atualizacao · PlayerBooster.bin · registro 312 · bit 244 · largura 5,false,false,true,presente_sem_semantica,false,false,semantica_e_parametros_da_condicao
413,PB:384:6,3,3,249,5,dt870_atualizacao,312,dt870_atualizacao · PlayerBooster.bin · registro 312 · bit 249 · largura 5,false,false,true,presente_sem_semantica,false,false,semantica_e_parametros_da_condicao
413,PB:518:6,4,3,175,5,dt870_atualizacao,312,dt870_atualizacao · PlayerBooster.bin · registro 312 · bit 175 · largura 5,false,false,true,presente_sem_semantica,false,false,semantica_e_parametros_da_condicao
414,PB:498:6,1,3,144,5,dt870_atualizacao,313,dt870_atualizacao · PlayerBooster.bin · registro 313 · bit 144 · largura 5,false,false,true,presente_sem_semantica,false,false,semantica_e_parametros_da_condicao
414,PB:396:6,2,3,276,5,dt870_atualizacao,313,dt870_atualizacao · PlayerBooster.bin · registro 313 · bit 276 · largura 5,false,false,true,presente_sem_semantica,false,false,semantica_e_parametros_da_condicao
414,PB:486:6,3,3,217,5,dt870_atualizacao,313,dt870_atualizacao · PlayerBooster.bin · registro 313 · bit 217 · largura 5,false,false,true,presente_sem_semantica,false,false,semantica_e_parametros_da_condicao
414,PB:530:6,4,3,244,5,dt870_atualizacao,313,dt870_atualizacao · PlayerBooster.bin · registro 313 · bit 244 · largura 5,false,false,true,presente_sem_semantica,false,false,semantica_e_parametros_da_condicao
415,PB:530:6,1,3,244,5,dt870_atualizacao,314,dt870_atualizacao · PlayerBooster.bin · registro 314 · bit 244 · largura 5,false,false,true,presente_sem_semantica,false,false,semantica_e_parametros_da_condicao
415,PB:384:6,2,3,249,5,dt870_atualizacao,314,dt870_atualizacao · PlayerBooster.bin · registro 314 · bit 249 · largura 5,false,false,true,presente_sem_semantica,false,false,semantica_e_parametros_da_condicao
415,PB:448:6,3,3,229,5,dt870_atualizacao,314,dt870_atualizacao · PlayerBooster.bin · registro 314 · bit 229 · largura 5,false,false,true,presente_sem_semantica,false,false,semantica_e_parametros_da_condicao
415,PB:524:6,4,3,122,5,dt870_atualizacao,314,dt870_atualizacao · PlayerBooster.bin · registro 314 · bit 122 · largura 5,false,false,true,presente_sem_semantica,false,false,semantica_e_parametros_da_condicao
416,PB:504:6,1,3,149,5,dt870_atualizacao,315,dt870_atualizacao · PlayerBooster.bin · registro 315 · bit 149 · largura 5,false,false,true,presente_sem_semantica,false,false,semantica_e_parametros_da_condicao
416,PB:408:6,2,3,160,5,dt870_atualizacao,315,dt870_atualizacao · PlayerBooster.bin · registro 315 · bit 160 · largura 5,false,false,true,presente_sem_semantica,false,false,semantica_e_parametros_da_condicao
416,PB:518:6,3,3,175,5,dt870_atualizacao,315,dt870_atualizacao · PlayerBooster.bin · registro 315 · bit 175 · largura 5,false,false,true,presente_sem_semantica,false,false,semantica_e_parametros_da_condicao
416,PB:480:6,4,3,202,5,dt870_atualizacao,315,dt870_atualizacao · PlayerBooster.bin · registro 315 · bit 202 · largura 5,false,false,true,presente_sem_semantica,false,false,semantica_e_parametros_da_condicao
417,PB:498:6,1,3,144,5,dt870_atualizacao,316,dt870_atualizacao · PlayerBooster.bin · registro 316 · bit 144 · largura 5,false,false,true,presente_sem_semantica,false,false,semantica_e_parametros_da_condicao
417,PB:396:6,2,3,276,5,dt870_atualizacao,316,dt870_atualizacao · PlayerBooster.bin · registro 316 · bit 276 · largura 5,false,false,true,presente_sem_semantica,false,false,semantica_e_parametros_da_condicao
417,PB:486:6,3,3,217,5,dt870_atualizacao,316,dt870_atualizacao · PlayerBooster.bin · registro 316 · bit 217 · largura 5,false,false,true,presente_sem_semantica,false,false,semantica_e_parametros_da_condicao
417,PB:530:6,4,3,244,5,dt870_atualizacao,316,dt870_atualizacao · PlayerBooster.bin · registro 316 · bit 244 · largura 5,false,false,true,presente_sem_semantica,false,false,semantica_e_parametros_da_condicao
418,PB:448:6,1,3,229,5,dt870_atualizacao,317,dt870_atualizacao · PlayerBooster.bin · registro 317 · bit 229 · largura 5,false,false,true,presente_sem_semantica,false,false,semantica_e_parametros_da_condicao
418,PB:434:6,2,3,180,5,dt870_atualizacao,317,dt870_atualizacao · PlayerBooster.bin · registro 317 · bit 180 · largura 5,false,false,true,presente_sem_semantica,false,false,semantica_e_parametros_da_condicao
418,PB:480:6,3,3,202,5,dt870_atualizacao,317,dt870_atualizacao · PlayerBooster.bin · registro 317 · bit 202 · largura 5,false,false,true,presente_sem_semantica,false,false,semantica_e_parametros_da_condicao
418,PB:428:6,4,3,185,5,dt870_atualizacao,317,dt870_atualizacao · PlayerBooster.bin · registro 317 · bit 185 · largura 5,false,false,true,presente_sem_semantica,false,false,semantica_e_parametros_da_condicao
419,PB:396:6,1,3,276,5,dt870_atualizacao,318,dt870_atualizacao · PlayerBooster.bin · registro 318 · bit 276 · largura 5,false,false,true,presente_sem_semantica,false,false,semantica_e_parametros_da_condicao
419,PB:492:6,2,3,239,5,dt870_atualizacao,318,dt870_atualizacao · PlayerBooster.bin · registro 318 · bit 239 · largura 5,false,false,true,presente_sem_semantica,false,false,semantica_e_parametros_da_condicao
419,PB:524:6,3,3,122,5,dt870_atualizacao,318,dt870_atualizacao · PlayerBooster.bin · registro 318 · bit 122 · largura 5,false,false,true,presente_sem_semantica,false,false,semantica_e_parametros_da_condicao
419,PB:550:6,4,3,271,5,dt870_atualizacao,318,dt870_atualizacao · PlayerBooster.bin · registro 318 · bit 271 · largura 5,false,false,true,presente_sem_semantica,false,false,semantica_e_parametros_da_condicao
420,PB:422:6,2,3,224,5,dt870_atualizacao,319,dt870_atualizacao · PlayerBooster.bin · registro 319 · bit 224 · largura 5,false,false,true,presente_sem_semantica,false,false,semantica_e_parametros_da_condicao
420,PB:472:6,3,3,,5,dt870_atualizacao,319,dt870_atualizacao · PlayerBooster.bin · registro 319 · conjunto GK bits 192/197/256,false,false,true,presente_sem_semantica,false,false,permutacao_semantica_dos_tres_campos_gk; semantica_e_parametros_da_condicao
420,PB:466:6,1,3,,5,dt870_atualizacao,319,dt870_atualizacao · PlayerBooster.bin · registro 319 · conjunto GK bits 192/197/256,false,false,true,presente_sem_semantica,false,false,permutacao_semantica_dos_tres_campos_gk; semantica_e_parametros_da_condicao
420,PB:460:6,4,3,,5,dt870_atualizacao,319,dt870_atualizacao · PlayerBooster.bin · registro 319 · conjunto GK bits 192/197/256,false,false,true,presente_sem_semantica,false,false,permutacao_semantica_dos_tres_campos_gk; semantica_e_parametros_da_condicao
421,PB:390:6,1,3,261,5,dt870_atualizacao,320,dt870_atualizacao · PlayerBooster.bin · registro 320 · bit 261 · largura 5,false,false,true,presente_sem_semantica,false,false,semantica_e_parametros_da_condicao
421,PB:402:6,2,3,281,5,dt870_atualizacao,320,dt870_atualizacao · PlayerBooster.bin · registro 320 · bit 281 · largura 5,false,false,true,presente_sem_semantica,false,false,semantica_e_parametros_da_condicao
421,PB:408:6,3,3,160,5,dt870_atualizacao,320,dt870_atualizacao · PlayerBooster.bin · registro 320 · bit 160 · largura 5,false,false,true,presente_sem_semantica,false,false,semantica_e_parametros_da_condicao
421,PB:518:6,4,3,175,5,dt870_atualizacao,320,dt870_atualizacao · PlayerBooster.bin · registro 320 · bit 175 · largura 5,false,false,true,presente_sem_semantica,false,false,semantica_e_parametros_da_condicao
422,PB:512:6,1,3,170,5,dt870_atualizacao,321,dt870_atualizacao · PlayerBooster.bin · registro 321 · bit 170 · largura 5,false,false,true,presente_sem_semantica,false,false,semantica_e_parametros_da_condicao
422,PB:390:6,2,3,261,5,dt870_atualizacao,321,dt870_atualizacao · PlayerBooster.bin · registro 321 · bit 261 · largura 5,false,false,true,presente_sem_semantica,false,false,semantica_e_parametros_da_condicao
422,PB:544:6,3,3,266,5,dt870_atualizacao,321,dt870_atualizacao · PlayerBooster.bin · registro 321 · bit 266 · largura 5,false,false,true,presente_sem_semantica,false,false,semantica_e_parametros_da_condicao
422,PB:524:6,4,3,122,5,dt870_atualizacao,321,dt870_atualizacao · PlayerBooster.bin · registro 321 · bit 122 · largura 5,false,false,true,presente_sem_semantica,false,false,semantica_e_parametros_da_condicao
423,PB:504:6,1,3,149,5,dt870_atualizacao,322,dt870_atualizacao · PlayerBooster.bin · registro 322 · bit 149 · largura 5,false,false,true,presente_sem_semantica,false,false,semantica_e_parametros_da_condicao
423,PB:486:6,2,3,217,5,dt870_atualizacao,322,dt870_atualizacao · PlayerBooster.bin · registro 322 · bit 217 · largura 5,false,false,true,presente_sem_semantica,false,false,semantica_e_parametros_da_condicao
423,PB:434:6,3,3,180,5,dt870_atualizacao,322,dt870_atualizacao · PlayerBooster.bin · registro 322 · bit 180 · largura 5,false,false,true,presente_sem_semantica,false,false,semantica_e_parametros_da_condicao
423,PB:480:6,4,3,202,5,dt870_atualizacao,322,dt870_atualizacao · PlayerBooster.bin · registro 322 · bit 202 · largura 5,false,false,true,presente_sem_semantica,false,false,semantica_e_parametros_da_condicao
424,PB:492:6,1,3,239,5,dt870_atualizacao,323,dt870_atualizacao · PlayerBooster.bin · registro 323 · bit 239 · largura 5,false,false,true,presente_sem_semantica,false,false,semantica_e_parametros_da_condicao
424,PB:384:6,2,3,249,5,dt870_atualizacao,323,dt870_atualizacao · PlayerBooster.bin · registro 323 · bit 249 · largura 5,false,false,true,presente_sem_semantica,false,false,semantica_e_parametros_da_condicao
424,PB:518:6,3,3,175,5,dt870_atualizacao,323,dt870_atualizacao · PlayerBooster.bin · registro 323 · bit 175 · largura 5,false,false,true,presente_sem_semantica,false,false,semantica_e_parametros_da_condicao
424,PB:434:6,4,3,180,5,dt870_atualizacao,323,dt870_atualizacao · PlayerBooster.bin · registro 323 · bit 180 · largura 5,false,false,true,presente_sem_semantica,false,false,semantica_e_parametros_da_condicao
425,PB:498:6,1,3,144,5,dt870_atualizacao,324,dt870_atualizacao · PlayerBooster.bin · registro 324 · bit 144 · largura 5,false,false,true,presente_sem_semantica,false,false,semantica_e_parametros_da_condicao
425,PB:396:6,2,3,276,5,dt870_atualizacao,324,dt870_atualizacao · PlayerBooster.bin · registro 324 · bit 276 · largura 5,false,false,true,presente_sem_semantica,false,false,semantica_e_parametros_da_condicao
425,PB:384:6,3,3,249,5,dt870_atualizacao,324,dt870_atualizacao · PlayerBooster.bin · registro 324 · bit 249 · largura 5,false,false,true,presente_sem_semantica,false,false,semantica_e_parametros_da_condicao
425,PB:524:6,4,3,122,5,dt870_atualizacao,324,dt870_atualizacao · PlayerBooster.bin · registro 324 · bit 122 · largura 5,false,false,true,presente_sem_semantica,false,false,semantica_e_parametros_da_condicao
426,PB:396:6,1,3,276,5,dt870_atualizacao,325,dt870_atualizacao · PlayerBooster.bin · registro 325 · bit 276 · largura 5,false,false,true,presente_sem_semantica,false,false,semantica_e_parametros_da_condicao
426,PB:530:6,2,3,244,5,dt870_atualizacao,325,dt870_atualizacao · PlayerBooster.bin · registro 325 · bit 244 · largura 5,false,false,true,presente_sem_semantica,false,false,semantica_e_parametros_da_condicao
426,PB:384:6,3,3,249,5,dt870_atualizacao,325,dt870_atualizacao · PlayerBooster.bin · registro 325 · bit 249 · largura 5,false,false,true,presente_sem_semantica,false,false,semantica_e_parametros_da_condicao
426,PB:518:6,4,3,175,5,dt870_atualizacao,325,dt870_atualizacao · PlayerBooster.bin · registro 325 · bit 175 · largura 5,false,false,true,presente_sem_semantica,false,false,semantica_e_parametros_da_condicao
427,PB:396:6,1,3,276,5,dt870_atualizacao,326,dt870_atualizacao · PlayerBooster.bin · registro 326 · bit 276 · largura 5,false,false,true,presente_sem_semantica,false,false,semantica_e_parametros_da_condicao
427,PB:530:6,2,3,244,5,dt870_atualizacao,326,dt870_atualizacao · PlayerBooster.bin · registro 326 · bit 244 · largura 5,false,false,true,presente_sem_semantica,false,false,semantica_e_parametros_da_condicao
427,PB:384:6,3,3,249,5,dt870_atualizacao,326,dt870_atualizacao · PlayerBooster.bin · registro 326 · bit 249 · largura 5,false,false,true,presente_sem_semantica,false,false,semantica_e_parametros_da_condicao
427,PB:518:6,4,3,175,5,dt870_atualizacao,326,dt870_atualizacao · PlayerBooster.bin · registro 326 · bit 175 · largura 5,false,false,true,presente_sem_semantica,false,false,semantica_e_parametros_da_condicao
428,PB:396:6,1,3,276,5,dt870_atualizacao,327,dt870_atualizacao · PlayerBooster.bin · registro 327 · bit 276 · largura 5,false,false,true,presente_sem_semantica,false,false,semantica_e_parametros_da_condicao
428,PB:530:6,2,3,244,5,dt870_atualizacao,327,dt870_atualizacao · PlayerBooster.bin · registro 327 · bit 244 · largura 5,false,false,true,presente_sem_semantica,false,false,semantica_e_parametros_da_condicao
428,PB:384:6,3,3,249,5,dt870_atualizacao,327,dt870_atualizacao · PlayerBooster.bin · registro 327 · bit 249 · largura 5,false,false,true,presente_sem_semantica,false,false,semantica_e_parametros_da_condicao
428,PB:518:6,4,3,175,5,dt870_atualizacao,327,dt870_atualizacao · PlayerBooster.bin · registro 327 · bit 175 · largura 5,false,false,true,presente_sem_semantica,false,false,semantica_e_parametros_da_condicao
429,PB:530:6,1,3,244,5,dt870_atualizacao,328,dt870_atualizacao · PlayerBooster.bin · registro 328 · bit 244 · largura 5,false,false,true,presente_sem_semantica,false,false,semantica_e_parametros_da_condicao
429,PB:384:6,2,3,249,5,dt870_atualizacao,328,dt870_atualizacao · PlayerBooster.bin · registro 328 · bit 249 · largura 5,false,false,true,presente_sem_semantica,false,false,semantica_e_parametros_da_condicao
429,PB:448:6,3,3,229,5,dt870_atualizacao,328,dt870_atualizacao · PlayerBooster.bin · registro 328 · bit 229 · largura 5,false,false,true,presente_sem_semantica,false,false,semantica_e_parametros_da_condicao
429,PB:524:6,4,3,122,5,dt870_atualizacao,328,dt870_atualizacao · PlayerBooster.bin · registro 328 · bit 122 · largura 5,false,false,true,presente_sem_semantica,false,false,semantica_e_parametros_da_condicao
430,PB:390:6,1,3,261,5,dt870_atualizacao,329,dt870_atualizacao · PlayerBooster.bin · registro 329 · bit 261 · largura 5,false,false,true,presente_sem_semantica,false,false,semantica_e_parametros_da_condicao
430,PB:434:6,2,3,180,5,dt870_atualizacao,329,dt870_atualizacao · PlayerBooster.bin · registro 329 · bit 180 · largura 5,false,false,true,presente_sem_semantica,false,false,semantica_e_parametros_da_condicao
430,PB:480:6,3,3,202,5,dt870_atualizacao,329,dt870_atualizacao · PlayerBooster.bin · registro 329 · bit 202 · largura 5,false,false,true,presente_sem_semantica,false,false,semantica_e_parametros_da_condicao
430,PB:454:6,4,3,234,5,dt870_atualizacao,329,dt870_atualizacao · PlayerBooster.bin · registro 329 · bit 234 · largura 5,false,false,true,presente_sem_semantica,false,false,semantica_e_parametros_da_condicao
431,PB:448:6,1,3,229,5,dt870_atualizacao,330,dt870_atualizacao · PlayerBooster.bin · registro 330 · bit 229 · largura 5,false,false,true,presente_sem_semantica,false,false,semantica_e_parametros_da_condicao
431,PB:434:6,2,3,180,5,dt870_atualizacao,330,dt870_atualizacao · PlayerBooster.bin · registro 330 · bit 180 · largura 5,false,false,true,presente_sem_semantica,false,false,semantica_e_parametros_da_condicao
431,PB:480:6,3,3,202,5,dt870_atualizacao,330,dt870_atualizacao · PlayerBooster.bin · registro 330 · bit 202 · largura 5,false,false,true,presente_sem_semantica,false,false,semantica_e_parametros_da_condicao
431,PB:428:6,4,3,185,5,dt870_atualizacao,330,dt870_atualizacao · PlayerBooster.bin · registro 330 · bit 185 · largura 5,false,false,true,presente_sem_semantica,false,false,semantica_e_parametros_da_condicao
433,PB:530:6,1,3,244,5,dt870_atualizacao,331,dt870_atualizacao · PlayerBooster.bin · registro 331 · bit 244 · largura 5,false,false,true,presente_sem_semantica,false,false,semantica_e_parametros_da_condicao
433,PB:384:6,2,3,249,5,dt870_atualizacao,331,dt870_atualizacao · PlayerBooster.bin · registro 331 · bit 249 · largura 5,false,false,true,presente_sem_semantica,false,false,semantica_e_parametros_da_condicao
433,PB:368:6,3,3,154,5,dt870_atualizacao,331,dt870_atualizacao · PlayerBooster.bin · registro 331 · bit 154 · largura 5,false,false,true,presente_sem_semantica,false,false,semantica_e_parametros_da_condicao
433,PB:428:6,4,3,185,5,dt870_atualizacao,331,dt870_atualizacao · PlayerBooster.bin · registro 331 · bit 185 · largura 5,false,false,true,presente_sem_semantica,false,false,semantica_e_parametros_da_condicao
435,PB:390:6,1,3,261,5,dt870_atualizacao,332,dt870_atualizacao · PlayerBooster.bin · registro 332 · bit 261 · largura 5,false,false,true,presente_sem_semantica,false,false,semantica_e_parametros_da_condicao
435,PB:486:6,2,3,217,5,dt870_atualizacao,332,dt870_atualizacao · PlayerBooster.bin · registro 332 · bit 217 · largura 5,false,false,true,presente_sem_semantica,false,false,semantica_e_parametros_da_condicao
435,PB:408:6,3,3,160,5,dt870_atualizacao,332,dt870_atualizacao · PlayerBooster.bin · registro 332 · bit 160 · largura 5,false,false,true,presente_sem_semantica,false,false,semantica_e_parametros_da_condicao
435,PB:454:6,4,3,234,5,dt870_atualizacao,332,dt870_atualizacao · PlayerBooster.bin · registro 332 · bit 234 · largura 5,false,false,true,presente_sem_semantica,false,false,semantica_e_parametros_da_condicao
436,PB:448:6,1,3,229,5,dt870_atualizacao,333,dt870_atualizacao · PlayerBooster.bin · registro 333 · bit 229 · largura 5,false,false,true,presente_sem_semantica,false,false,semantica_e_parametros_da_condicao
436,PB:434:6,2,3,180,5,dt870_atualizacao,333,dt870_atualizacao · PlayerBooster.bin · registro 333 · bit 180 · largura 5,false,false,true,presente_sem_semantica,false,false,semantica_e_parametros_da_condicao
436,PB:480:6,3,3,202,5,dt870_atualizacao,333,dt870_atualizacao · PlayerBooster.bin · registro 333 · bit 202 · largura 5,false,false,true,presente_sem_semantica,false,false,semantica_e_parametros_da_condicao
436,PB:428:6,4,3,185,5,dt870_atualizacao,333,dt870_atualizacao · PlayerBooster.bin · registro 333 · bit 185 · largura 5,false,false,true,presente_sem_semantica,false,false,semantica_e_parametros_da_condicao
437,PB:396:6,1,3,276,5,dt870_atualizacao,334,dt870_atualizacao · PlayerBooster.bin · registro 334 · bit 276 · largura 5,false,false,true,presente_sem_semantica,false,false,semantica_e_parametros_da_condicao
437,PB:504:6,2,3,149,5,dt870_atualizacao,334,dt870_atualizacao · PlayerBooster.bin · registro 334 · bit 149 · largura 5,false,false,true,presente_sem_semantica,false,false,semantica_e_parametros_da_condicao
437,PB:518:6,3,3,175,5,dt870_atualizacao,334,dt870_atualizacao · PlayerBooster.bin · registro 334 · bit 175 · largura 5,false,false,true,presente_sem_semantica,false,false,semantica_e_parametros_da_condicao
437,PB:550:6,4,3,271,5,dt870_atualizacao,334,dt870_atualizacao · PlayerBooster.bin · registro 334 · bit 271 · largura 5,false,false,true,presente_sem_semantica,false,false,semantica_e_parametros_da_condicao
438,PB:498:6,1,3,144,5,dt870_atualizacao,335,dt870_atualizacao · PlayerBooster.bin · registro 335 · bit 144 · largura 5,false,false,true,presente_sem_semantica,false,false,semantica_e_parametros_da_condicao
438,PB:486:6,2,3,217,5,dt870_atualizacao,335,dt870_atualizacao · PlayerBooster.bin · registro 335 · bit 217 · largura 5,false,false,true,presente_sem_semantica,false,false,semantica_e_parametros_da_condicao
438,PB:434:6,3,3,180,5,dt870_atualizacao,335,dt870_atualizacao · PlayerBooster.bin · registro 335 · bit 180 · largura 5,false,false,true,presente_sem_semantica,false,false,semantica_e_parametros_da_condicao
438,PB:480:6,4,3,202,5,dt870_atualizacao,335,dt870_atualizacao · PlayerBooster.bin · registro 335 · bit 202 · largura 5,false,false,true,presente_sem_semantica,false,false,semantica_e_parametros_da_condicao
439,PB:530:6,1,3,244,5,dt870_atualizacao,336,dt870_atualizacao · PlayerBooster.bin · registro 336 · bit 244 · largura 5,false,false,true,presente_sem_semantica,false,false,semantica_e_parametros_da_condicao
439,PB:402:6,2,3,281,5,dt870_atualizacao,336,dt870_atualizacao · PlayerBooster.bin · registro 336 · bit 281 · largura 5,false,false,true,presente_sem_semantica,false,false,semantica_e_parametros_da_condicao
439,PB:408:6,3,3,160,5,dt870_atualizacao,336,dt870_atualizacao · PlayerBooster.bin · registro 336 · bit 160 · largura 5,false,false,true,presente_sem_semantica,false,false,semantica_e_parametros_da_condicao
439,PB:518:6,4,3,175,5,dt870_atualizacao,336,dt870_atualizacao · PlayerBooster.bin · registro 336 · bit 175 · largura 5,false,false,true,presente_sem_semantica,false,false,semantica_e_parametros_da_condicao
440,PB:512:6,1,3,170,5,dt870_atualizacao,337,dt870_atualizacao · PlayerBooster.bin · registro 337 · bit 170 · largura 5,false,false,true,presente_sem_semantica,false,false,semantica_e_parametros_da_condicao
440,PB:486:6,2,3,217,5,dt870_atualizacao,337,dt870_atualizacao · PlayerBooster.bin · registro 337 · bit 217 · largura 5,false,false,true,presente_sem_semantica,false,false,semantica_e_parametros_da_condicao
440,PB:518:6,3,3,175,5,dt870_atualizacao,337,dt870_atualizacao · PlayerBooster.bin · registro 337 · bit 175 · largura 5,false,false,true,presente_sem_semantica,false,false,semantica_e_parametros_da_condicao
440,PB:480:6,4,3,202,5,dt870_atualizacao,337,dt870_atualizacao · PlayerBooster.bin · registro 337 · bit 202 · largura 5,false,false,true,presente_sem_semantica,false,false,semantica_e_parametros_da_condicao
441,PB:512:6,1,3,170,5,dt870_atualizacao,338,dt870_atualizacao · PlayerBooster.bin · registro 338 · bit 170 · largura 5,false,false,true,presente_sem_semantica,false,false,semantica_e_parametros_da_condicao
441,PB:486:6,2,3,217,5,dt870_atualizacao,338,dt870_atualizacao · PlayerBooster.bin · registro 338 · bit 217 · largura 5,false,false,true,presente_sem_semantica,false,false,semantica_e_parametros_da_condicao
441,PB:518:6,3,3,175,5,dt870_atualizacao,338,dt870_atualizacao · PlayerBooster.bin · registro 338 · bit 175 · largura 5,false,false,true,presente_sem_semantica,false,false,semantica_e_parametros_da_condicao
441,PB:480:6,4,3,202,5,dt870_atualizacao,338,dt870_atualizacao · PlayerBooster.bin · registro 338 · bit 202 · largura 5,false,false,true,presente_sem_semantica,false,false,semantica_e_parametros_da_condicao
442,PB:390:6,1,3,261,5,dt870_atualizacao,339,dt870_atualizacao · PlayerBooster.bin · registro 339 · bit 261 · largura 5,false,false,true,presente_sem_semantica,false,false,semantica_e_parametros_da_condicao
442,PB:402:6,2,3,281,5,dt870_atualizacao,339,dt870_atualizacao · PlayerBooster.bin · registro 339 · bit 281 · largura 5,false,false,true,presente_sem_semantica,false,false,semantica_e_parametros_da_condicao
442,PB:408:6,3,3,160,5,dt870_atualizacao,339,dt870_atualizacao · PlayerBooster.bin · registro 339 · bit 160 · largura 5,false,false,true,presente_sem_semantica,false,false,semantica_e_parametros_da_condicao
442,PB:518:6,4,3,175,5,dt870_atualizacao,339,dt870_atualizacao · PlayerBooster.bin · registro 339 · bit 175 · largura 5,false,false,true,presente_sem_semantica,false,false,semantica_e_parametros_da_condicao
443,PB:512:6,1,3,170,5,dt870_atualizacao,340,dt870_atualizacao · PlayerBooster.bin · registro 340 · bit 170 · largura 5,false,false,true,presente_sem_semantica,false,false,semantica_e_parametros_da_condicao
443,PB:486:6,2,3,217,5,dt870_atualizacao,340,dt870_atualizacao · PlayerBooster.bin · registro 340 · bit 217 · largura 5,false,false,true,presente_sem_semantica,false,false,semantica_e_parametros_da_condicao
443,PB:518:6,3,3,175,5,dt870_atualizacao,340,dt870_atualizacao · PlayerBooster.bin · registro 340 · bit 175 · largura 5,false,false,true,presente_sem_semantica,false,false,semantica_e_parametros_da_condicao
443,PB:454:6,4,3,234,5,dt870_atualizacao,340,dt870_atualizacao · PlayerBooster.bin · registro 340 · bit 234 · largura 5,false,false,true,presente_sem_semantica,false,false,semantica_e_parametros_da_condicao
444,PB:448:6,1,3,229,5,dt870_atualizacao,341,dt870_atualizacao · PlayerBooster.bin · registro 341 · bit 229 · largura 5,false,false,true,presente_sem_semantica,false,false,semantica_e_parametros_da_condicao
444,PB:434:6,2,3,180,5,dt870_atualizacao,341,dt870_atualizacao · PlayerBooster.bin · registro 341 · bit 180 · largura 5,false,false,true,presente_sem_semantica,false,false,semantica_e_parametros_da_condicao
444,PB:480:6,3,3,202,5,dt870_atualizacao,341,dt870_atualizacao · PlayerBooster.bin · registro 341 · bit 202 · largura 5,false,false,true,presente_sem_semantica,false,false,semantica_e_parametros_da_condicao
444,PB:428:6,4,3,185,5,dt870_atualizacao,341,dt870_atualizacao · PlayerBooster.bin · registro 341 · bit 185 · largura 5,false,false,true,presente_sem_semantica,false,false,semantica_e_parametros_da_condicao
445,PB:512:6,1,3,170,5,dt870_atualizacao,342,dt870_atualizacao · PlayerBooster.bin · registro 342 · bit 170 · largura 5,false,false,true,presente_sem_semantica,false,false,semantica_e_parametros_da_condicao
445,PB:390:6,2,3,261,5,dt870_atualizacao,342,dt870_atualizacao · PlayerBooster.bin · registro 342 · bit 261 · largura 5,false,false,true,presente_sem_semantica,false,false,semantica_e_parametros_da_condicao
445,PB:544:6,3,3,266,5,dt870_atualizacao,342,dt870_atualizacao · PlayerBooster.bin · registro 342 · bit 266 · largura 5,false,false,true,presente_sem_semantica,false,false,semantica_e_parametros_da_condicao
445,PB:524:6,4,3,122,5,dt870_atualizacao,342,dt870_atualizacao · PlayerBooster.bin · registro 342 · bit 122 · largura 5,false,false,true,presente_sem_semantica,false,false,semantica_e_parametros_da_condicao
446,PB:396:6,1,3,276,5,dt870_atualizacao,343,dt870_atualizacao · PlayerBooster.bin · registro 343 · bit 276 · largura 5,false,false,true,presente_sem_semantica,false,false,semantica_e_parametros_da_condicao
446,PB:530:6,2,3,244,5,dt870_atualizacao,343,dt870_atualizacao · PlayerBooster.bin · registro 343 · bit 244 · largura 5,false,false,true,presente_sem_semantica,false,false,semantica_e_parametros_da_condicao
446,PB:384:6,3,3,249,5,dt870_atualizacao,343,dt870_atualizacao · PlayerBooster.bin · registro 343 · bit 249 · largura 5,false,false,true,presente_sem_semantica,false,false,semantica_e_parametros_da_condicao
446,PB:518:6,4,3,175,5,dt870_atualizacao,343,dt870_atualizacao · PlayerBooster.bin · registro 343 · bit 175 · largura 5,false,false,true,presente_sem_semantica,false,false,semantica_e_parametros_da_condicao
447,PB:390:6,1,3,261,5,dt870_atualizacao,344,dt870_atualizacao · PlayerBooster.bin · registro 344 · bit 261 · largura 5,false,false,true,presente_sem_semantica,false,false,semantica_e_parametros_da_condicao
447,PB:402:6,2,3,281,5,dt870_atualizacao,344,dt870_atualizacao · PlayerBooster.bin · registro 344 · bit 281 · largura 5,false,false,true,presente_sem_semantica,false,false,semantica_e_parametros_da_condicao
447,PB:408:6,3,3,160,5,dt870_atualizacao,344,dt870_atualizacao · PlayerBooster.bin · registro 344 · bit 160 · largura 5,false,false,true,presente_sem_semantica,false,false,semantica_e_parametros_da_condicao
447,PB:518:6,4,3,175,5,dt870_atualizacao,344,dt870_atualizacao · PlayerBooster.bin · registro 344 · bit 175 · largura 5,false,false,true,presente_sem_semantica,false,false,semantica_e_parametros_da_condicao
451,PB:384:6,1,3,249,5,dt870_atualizacao,345,dt870_atualizacao · PlayerBooster.bin · registro 345 · bit 249 · largura 5,false,false,true,presente_sem_semantica,false,false,semantica_e_parametros_da_condicao
451,PB:448:6,2,3,229,5,dt870_atualizacao,345,dt870_atualizacao · PlayerBooster.bin · registro 345 · bit 229 · largura 5,false,false,true,presente_sem_semantica,false,false,semantica_e_parametros_da_condicao
451,PB:524:6,3,3,122,5,dt870_atualizacao,345,dt870_atualizacao · PlayerBooster.bin · registro 345 · bit 122 · largura 5,false,false,true,presente_sem_semantica,false,false,semantica_e_parametros_da_condicao
451,PB:428:6,4,3,185,5,dt870_atualizacao,345,dt870_atualizacao · PlayerBooster.bin · registro 345 · bit 185 · largura 5,false,false,true,presente_sem_semantica,false,false,semantica_e_parametros_da_condicao
452,PB:416:6,1,3,165,5,dt870_atualizacao,346,dt870_atualizacao · PlayerBooster.bin · registro 346 · bit 165 · largura 5,false,false,true,presente_sem_semantica,false,false,semantica_e_parametros_da_condicao
452,PB:472:6,3,3,,5,dt870_atualizacao,346,dt870_atualizacao · PlayerBooster.bin · registro 346 · conjunto GK bits 192/197/256,false,false,true,presente_sem_semantica,false,false,permutacao_semantica_dos_tres_campos_gk; semantica_e_parametros_da_condicao
452,PB:466:6,2,3,,5,dt870_atualizacao,346,dt870_atualizacao · PlayerBooster.bin · registro 346 · conjunto GK bits 192/197/256,false,false,true,presente_sem_semantica,false,false,permutacao_semantica_dos_tres_campos_gk; semantica_e_parametros_da_condicao
452,PB:460:6,4,3,,5,dt870_atualizacao,346,dt870_atualizacao · PlayerBooster.bin · registro 346 · conjunto GK bits 192/197/256,false,false,true,presente_sem_semantica,false,false,permutacao_semantica_dos_tres_campos_gk; semantica_e_parametros_da_condicao
453,PB:498:6,1,3,144,5,dt870_atualizacao,347,dt870_atualizacao · PlayerBooster.bin · registro 347 · bit 144 · largura 5,false,false,true,presente_sem_semantica,false,false,semantica_e_parametros_da_condicao
453,PB:396:6,2,3,276,5,dt870_atualizacao,347,dt870_atualizacao · PlayerBooster.bin · registro 347 · bit 276 · largura 5,false,false,true,presente_sem_semantica,false,false,semantica_e_parametros_da_condicao
453,PB:384:6,3,3,249,5,dt870_atualizacao,347,dt870_atualizacao · PlayerBooster.bin · registro 347 · bit 249 · largura 5,false,false,true,presente_sem_semantica,false,false,semantica_e_parametros_da_condicao
453,PB:524:6,4,3,122,5,dt870_atualizacao,347,dt870_atualizacao · PlayerBooster.bin · registro 347 · bit 122 · largura 5,false,false,true,presente_sem_semantica,false,false,semantica_e_parametros_da_condicao
454,PB:512:6,1,3,170,5,dt870_atualizacao,348,dt870_atualizacao · PlayerBooster.bin · registro 348 · bit 170 · largura 5,false,false,true,presente_sem_semantica,false,false,semantica_e_parametros_da_condicao
454,PB:390:6,2,3,261,5,dt870_atualizacao,348,dt870_atualizacao · PlayerBooster.bin · registro 348 · bit 261 · largura 5,false,false,true,presente_sem_semantica,false,false,semantica_e_parametros_da_condicao
454,PB:544:6,3,3,266,5,dt870_atualizacao,348,dt870_atualizacao · PlayerBooster.bin · registro 348 · bit 266 · largura 5,false,false,true,presente_sem_semantica,false,false,semantica_e_parametros_da_condicao
454,PB:524:6,4,3,122,5,dt870_atualizacao,348,dt870_atualizacao · PlayerBooster.bin · registro 348 · bit 122 · largura 5,false,false,true,presente_sem_semantica,false,false,semantica_e_parametros_da_condicao
455,PB:422:6,2,3,224,5,dt870_atualizacao,349,dt870_atualizacao · PlayerBooster.bin · registro 349 · bit 224 · largura 5,false,false,true,presente_sem_semantica,false,false,semantica_e_parametros_da_condicao
455,PB:472:6,3,3,,5,dt870_atualizacao,349,dt870_atualizacao · PlayerBooster.bin · registro 349 · conjunto GK bits 192/197/256,false,false,true,presente_sem_semantica,false,false,permutacao_semantica_dos_tres_campos_gk; semantica_e_parametros_da_condicao
455,PB:466:6,1,3,,5,dt870_atualizacao,349,dt870_atualizacao · PlayerBooster.bin · registro 349 · conjunto GK bits 192/197/256,false,false,true,presente_sem_semantica,false,false,permutacao_semantica_dos_tres_campos_gk; semantica_e_parametros_da_condicao
455,PB:460:6,4,3,,5,dt870_atualizacao,349,dt870_atualizacao · PlayerBooster.bin · registro 349 · conjunto GK bits 192/197/256,false,false,true,presente_sem_semantica,false,false,permutacao_semantica_dos_tres_campos_gk; semantica_e_parametros_da_condicao
456,PB:512:6,1,3,170,5,dt870_atualizacao,350,dt870_atualizacao · PlayerBooster.bin · registro 350 · bit 170 · largura 5,false,false,true,presente_sem_semantica,false,false,semantica_e_parametros_da_condicao
456,PB:486:6,2,3,217,5,dt870_atualizacao,350,dt870_atualizacao · PlayerBooster.bin · registro 350 · bit 217 · largura 5,false,false,true,presente_sem_semantica,false,false,semantica_e_parametros_da_condicao
456,PB:518:6,3,3,175,5,dt870_atualizacao,350,dt870_atualizacao · PlayerBooster.bin · registro 350 · bit 175 · largura 5,false,false,true,presente_sem_semantica,false,false,semantica_e_parametros_da_condicao
456,PB:454:6,4,3,234,5,dt870_atualizacao,350,dt870_atualizacao · PlayerBooster.bin · registro 350 · bit 234 · largura 5,false,false,true,presente_sem_semantica,false,false,semantica_e_parametros_da_condicao
457,PB:390:6,1,3,261,5,dt870_atualizacao,351,dt870_atualizacao · PlayerBooster.bin · registro 351 · bit 261 · largura 5,false,false,true,presente_sem_semantica,false,false,semantica_e_parametros_da_condicao
457,PB:544:6,2,3,266,5,dt870_atualizacao,351,dt870_atualizacao · PlayerBooster.bin · registro 351 · bit 266 · largura 5,false,false,true,presente_sem_semantica,false,false,semantica_e_parametros_da_condicao
457,PB:434:6,3,3,180,5,dt870_atualizacao,351,dt870_atualizacao · PlayerBooster.bin · registro 351 · bit 180 · largura 5,false,false,true,presente_sem_semantica,false,false,semantica_e_parametros_da_condicao
457,PB:454:6,4,3,234,5,dt870_atualizacao,351,dt870_atualizacao · PlayerBooster.bin · registro 351 · bit 234 · largura 5,false,false,true,presente_sem_semantica,false,false,semantica_e_parametros_da_condicao
458,PB:396:6,1,3,276,5,dt870_atualizacao,352,dt870_atualizacao · PlayerBooster.bin · registro 352 · bit 276 · largura 5,false,false,true,presente_sem_semantica,false,false,semantica_e_parametros_da_condicao
458,PB:530:6,2,3,244,5,dt870_atualizacao,352,dt870_atualizacao · PlayerBooster.bin · registro 352 · bit 244 · largura 5,false,false,true,presente_sem_semantica,false,false,semantica_e_parametros_da_condicao
458,PB:384:6,3,3,249,5,dt870_atualizacao,352,dt870_atualizacao · PlayerBooster.bin · registro 352 · bit 249 · largura 5,false,false,true,presente_sem_semantica,false,false,semantica_e_parametros_da_condicao
458,PB:518:6,4,3,175,5,dt870_atualizacao,352,dt870_atualizacao · PlayerBooster.bin · registro 352 · bit 175 · largura 5,false,false,true,presente_sem_semantica,false,false,semantica_e_parametros_da_condicao
459,PB:498:6,1,3,144,5,dt870_atualizacao,353,dt870_atualizacao · PlayerBooster.bin · registro 353 · bit 144 · largura 5,false,false,true,presente_sem_semantica,false,false,semantica_e_parametros_da_condicao
459,PB:486:6,2,3,217,5,dt870_atualizacao,353,dt870_atualizacao · PlayerBooster.bin · registro 353 · bit 217 · largura 5,false,false,true,presente_sem_semantica,false,false,semantica_e_parametros_da_condicao
459,PB:434:6,3,3,180,5,dt870_atualizacao,353,dt870_atualizacao · PlayerBooster.bin · registro 353 · bit 180 · largura 5,false,false,true,presente_sem_semantica,false,false,semantica_e_parametros_da_condicao
459,PB:480:6,4,3,202,5,dt870_atualizacao,353,dt870_atualizacao · PlayerBooster.bin · registro 353 · bit 202 · largura 5,false,false,true,presente_sem_semantica,false,false,semantica_e_parametros_da_condicao
460,PB:504:6,1,3,149,5,dt870_atualizacao,354,dt870_atualizacao · PlayerBooster.bin · registro 354 · bit 149 · largura 5,false,false,true,presente_sem_semantica,false,false,semantica_e_parametros_da_condicao
460,PB:492:6,2,3,239,5,dt870_atualizacao,354,dt870_atualizacao · PlayerBooster.bin · registro 354 · bit 239 · largura 5,false,false,true,presente_sem_semantica,false,false,semantica_e_parametros_da_condicao
460,PB:434:6,3,3,180,5,dt870_atualizacao,354,dt870_atualizacao · PlayerBooster.bin · registro 354 · bit 180 · largura 5,false,false,true,presente_sem_semantica,false,false,semantica_e_parametros_da_condicao
460,PB:550:6,4,3,271,5,dt870_atualizacao,354,dt870_atualizacao · PlayerBooster.bin · registro 354 · bit 271 · largura 5,false,false,true,presente_sem_semantica,false,false,semantica_e_parametros_da_condicao
461,PB:530:6,1,3,244,5,dt870_atualizacao,355,dt870_atualizacao · PlayerBooster.bin · registro 355 · bit 244 · largura 5,false,false,true,presente_sem_semantica,false,false,semantica_e_parametros_da_condicao
461,PB:402:6,2,3,281,5,dt870_atualizacao,355,dt870_atualizacao · PlayerBooster.bin · registro 355 · bit 281 · largura 5,false,false,true,presente_sem_semantica,false,false,semantica_e_parametros_da_condicao
461,PB:408:6,3,3,160,5,dt870_atualizacao,355,dt870_atualizacao · PlayerBooster.bin · registro 355 · bit 160 · largura 5,false,false,true,presente_sem_semantica,false,false,semantica_e_parametros_da_condicao
461,PB:518:6,4,3,175,5,dt870_atualizacao,355,dt870_atualizacao · PlayerBooster.bin · registro 355 · bit 175 · largura 5,false,false,true,presente_sem_semantica,false,false,semantica_e_parametros_da_condicao
462,PB:396:6,1,3,276,5,dt870_atualizacao,356,dt870_atualizacao · PlayerBooster.bin · registro 356 · bit 276 · largura 5,false,false,true,presente_sem_semantica,false,false,semantica_e_parametros_da_condicao
462,PB:492:6,2,3,239,5,dt870_atualizacao,356,dt870_atualizacao · PlayerBooster.bin · registro 356 · bit 239 · largura 5,false,false,true,presente_sem_semantica,false,false,semantica_e_parametros_da_condicao
462,PB:524:6,3,3,122,5,dt870_atualizacao,356,dt870_atualizacao · PlayerBooster.bin · registro 356 · bit 122 · largura 5,false,false,true,presente_sem_semantica,false,false,semantica_e_parametros_da_condicao
462,PB:550:6,4,3,271,5,dt870_atualizacao,356,dt870_atualizacao · PlayerBooster.bin · registro 356 · bit 271 · largura 5,false,false,true,presente_sem_semantica,false,false,semantica_e_parametros_da_condicao
463,PB:504:6,1,3,149,5,dt870_atualizacao,357,dt870_atualizacao · PlayerBooster.bin · registro 357 · bit 149 · largura 5,false,false,true,presente_sem_semantica,false,false,semantica_e_parametros_da_condicao
463,PB:408:6,2,3,160,5,dt870_atualizacao,357,dt870_atualizacao · PlayerBooster.bin · registro 357 · bit 160 · largura 5,false,false,true,presente_sem_semantica,false,false,semantica_e_parametros_da_condicao
463,PB:518:6,3,3,175,5,dt870_atualizacao,357,dt870_atualizacao · PlayerBooster.bin · registro 357 · bit 175 · largura 5,false,false,true,presente_sem_semantica,false,false,semantica_e_parametros_da_condicao
463,PB:480:6,4,3,202,5,dt870_atualizacao,357,dt870_atualizacao · PlayerBooster.bin · registro 357 · bit 202 · largura 5,false,false,true,presente_sem_semantica,false,false,semantica_e_parametros_da_condicao
464,PB:422:6,2,3,224,5,dt870_atualizacao,358,dt870_atualizacao · PlayerBooster.bin · registro 358 · bit 224 · largura 5,false,false,true,presente_sem_semantica,false,false,semantica_e_parametros_da_condicao
464,PB:472:6,3,3,,5,dt870_atualizacao,358,dt870_atualizacao · PlayerBooster.bin · registro 358 · conjunto GK bits 192/197/256,false,false,true,presente_sem_semantica,false,false,permutacao_semantica_dos_tres_campos_gk; semantica_e_parametros_da_condicao
464,PB:466:6,1,3,,5,dt870_atualizacao,358,dt870_atualizacao · PlayerBooster.bin · registro 358 · conjunto GK bits 192/197/256,false,false,true,presente_sem_semantica,false,false,permutacao_semantica_dos_tres_campos_gk; semantica_e_parametros_da_condicao
464,PB:460:6,4,3,,5,dt870_atualizacao,358,dt870_atualizacao · PlayerBooster.bin · registro 358 · conjunto GK bits 192/197/256,false,false,true,presente_sem_semantica,false,false,permutacao_semantica_dos_tres_campos_gk; semantica_e_parametros_da_condicao
465,PB:512:6,1,3,170,5,dt870_atualizacao,359,dt870_atualizacao · PlayerBooster.bin · registro 359 · bit 170 · largura 5,false,false,true,presente_sem_semantica,false,false,semantica_e_parametros_da_condicao
465,PB:486:6,2,3,217,5,dt870_atualizacao,359,dt870_atualizacao · PlayerBooster.bin · registro 359 · bit 217 · largura 5,false,false,true,presente_sem_semantica,false,false,semantica_e_parametros_da_condicao
465,PB:518:6,3,3,175,5,dt870_atualizacao,359,dt870_atualizacao · PlayerBooster.bin · registro 359 · bit 175 · largura 5,false,false,true,presente_sem_semantica,false,false,semantica_e_parametros_da_condicao
465,PB:480:6,4,3,202,5,dt870_atualizacao,359,dt870_atualizacao · PlayerBooster.bin · registro 359 · bit 202 · largura 5,false,false,true,presente_sem_semantica,false,false,semantica_e_parametros_da_condicao
466,PB:498:6,1,3,144,5,dt870_atualizacao,360,dt870_atualizacao · PlayerBooster.bin · registro 360 · bit 144 · largura 5,false,false,true,presente_sem_semantica,false,false,semantica_e_parametros_da_condicao
466,PB:486:6,2,3,217,5,dt870_atualizacao,360,dt870_atualizacao · PlayerBooster.bin · registro 360 · bit 217 · largura 5,false,false,true,presente_sem_semantica,false,false,semantica_e_parametros_da_condicao
466,PB:434:6,3,3,180,5,dt870_atualizacao,360,dt870_atualizacao · PlayerBooster.bin · registro 360 · bit 180 · largura 5,false,false,true,presente_sem_semantica,false,false,semantica_e_parametros_da_condicao
466,PB:480:6,4,3,202,5,dt870_atualizacao,360,dt870_atualizacao · PlayerBooster.bin · registro 360 · bit 202 · largura 5,false,false,true,presente_sem_semantica,false,false,semantica_e_parametros_da_condicao
467,PB:396:6,1,3,276,5,dt870_atualizacao,361,dt870_atualizacao · PlayerBooster.bin · registro 361 · bit 276 · largura 5,false,false,true,presente_sem_semantica,false,false,semantica_e_parametros_da_condicao
467,PB:492:6,2,3,239,5,dt870_atualizacao,361,dt870_atualizacao · PlayerBooster.bin · registro 361 · bit 239 · largura 5,false,false,true,presente_sem_semantica,false,false,semantica_e_parametros_da_condicao
467,PB:524:6,3,3,122,5,dt870_atualizacao,361,dt870_atualizacao · PlayerBooster.bin · registro 361 · bit 122 · largura 5,false,false,true,presente_sem_semantica,false,false,semantica_e_parametros_da_condicao
467,PB:550:6,4,3,271,5,dt870_atualizacao,361,dt870_atualizacao · PlayerBooster.bin · registro 361 · bit 271 · largura 5,false,false,true,presente_sem_semantica,false,false,semantica_e_parametros_da_condicao
468,PB:498:6,1,3,144,5,dt870_atualizacao,362,dt870_atualizacao · PlayerBooster.bin · registro 362 · bit 144 · largura 5,false,false,true,presente_sem_semantica,false,false,semantica_e_parametros_da_condicao
468,PB:390:6,2,3,261,5,dt870_atualizacao,362,dt870_atualizacao · PlayerBooster.bin · registro 362 · bit 261 · largura 5,false,false,true,presente_sem_semantica,false,false,semantica_e_parametros_da_condicao
468,PB:486:6,3,3,217,5,dt870_atualizacao,362,dt870_atualizacao · PlayerBooster.bin · registro 362 · bit 217 · largura 5,false,false,true,presente_sem_semantica,false,false,semantica_e_parametros_da_condicao
468,PB:480:6,4,3,202,5,dt870_atualizacao,362,dt870_atualizacao · PlayerBooster.bin · registro 362 · bit 202 · largura 5,false,false,true,presente_sem_semantica,false,false,semantica_e_parametros_da_condicao
469,PB:498:6,1,3,144,5,dt870_atualizacao,363,dt870_atualizacao · PlayerBooster.bin · registro 363 · bit 144 · largura 5,false,false,true,presente_sem_semantica,false,false,semantica_e_parametros_da_condicao
469,PB:396:6,2,3,276,5,dt870_atualizacao,363,dt870_atualizacao · PlayerBooster.bin · registro 363 · bit 276 · largura 5,false,false,true,presente_sem_semantica,false,false,semantica_e_parametros_da_condicao
469,PB:486:6,3,3,217,5,dt870_atualizacao,363,dt870_atualizacao · PlayerBooster.bin · registro 363 · bit 217 · largura 5,false,false,true,presente_sem_semantica,false,false,semantica_e_parametros_da_condicao
469,PB:530:6,4,3,244,5,dt870_atualizacao,363,dt870_atualizacao · PlayerBooster.bin · registro 363 · bit 244 · largura 5,false,false,true,presente_sem_semantica,false,false,semantica_e_parametros_da_condicao
470,PB:448:6,1,3,229,5,dt870_atualizacao,364,dt870_atualizacao · PlayerBooster.bin · registro 364 · bit 229 · largura 5,false,false,true,presente_sem_semantica,false,false,semantica_e_parametros_da_condicao
470,PB:434:6,2,3,180,5,dt870_atualizacao,364,dt870_atualizacao · PlayerBooster.bin · registro 364 · bit 180 · largura 5,false,false,true,presente_sem_semantica,false,false,semantica_e_parametros_da_condicao
470,PB:480:6,3,3,202,5,dt870_atualizacao,364,dt870_atualizacao · PlayerBooster.bin · registro 364 · bit 202 · largura 5,false,false,true,presente_sem_semantica,false,false,semantica_e_parametros_da_condicao
470,PB:428:6,4,3,185,5,dt870_atualizacao,364,dt870_atualizacao · PlayerBooster.bin · registro 364 · bit 185 · largura 5,false,false,true,presente_sem_semantica,false,false,semantica_e_parametros_da_condicao
471,PB:390:6,1,3,261,5,dt870_atualizacao,365,dt870_atualizacao · PlayerBooster.bin · registro 365 · bit 261 · largura 5,false,false,true,presente_sem_semantica,false,false,semantica_e_parametros_da_condicao
471,PB:486:6,2,3,217,5,dt870_atualizacao,365,dt870_atualizacao · PlayerBooster.bin · registro 365 · bit 217 · largura 5,false,false,true,presente_sem_semantica,false,false,semantica_e_parametros_da_condicao
471,PB:408:6,3,3,160,5,dt870_atualizacao,365,dt870_atualizacao · PlayerBooster.bin · registro 365 · bit 160 · largura 5,false,false,true,presente_sem_semantica,false,false,semantica_e_parametros_da_condicao
471,PB:454:6,4,3,234,5,dt870_atualizacao,365,dt870_atualizacao · PlayerBooster.bin · registro 365 · bit 234 · largura 5,false,false,true,presente_sem_semantica,false,false,semantica_e_parametros_da_condicao
472,PB:498:6,1,3,144,5,dt870_atualizacao,366,dt870_atualizacao · PlayerBooster.bin · registro 366 · bit 144 · largura 5,false,false,true,presente_sem_semantica,false,false,semantica_e_parametros_da_condicao
472,PB:390:6,2,3,261,5,dt870_atualizacao,366,dt870_atualizacao · PlayerBooster.bin · registro 366 · bit 261 · largura 5,false,false,true,presente_sem_semantica,false,false,semantica_e_parametros_da_condicao
472,PB:486:6,3,3,217,5,dt870_atualizacao,366,dt870_atualizacao · PlayerBooster.bin · registro 366 · bit 217 · largura 5,false,false,true,presente_sem_semantica,false,false,semantica_e_parametros_da_condicao
472,PB:480:6,4,3,202,5,dt870_atualizacao,366,dt870_atualizacao · PlayerBooster.bin · registro 366 · bit 202 · largura 5,false,false,true,presente_sem_semantica,false,false,semantica_e_parametros_da_condicao
473,PB:416:6,1,3,165,5,dt870_atualizacao,367,dt870_atualizacao · PlayerBooster.bin · registro 367 · bit 165 · largura 5,false,false,true,presente_sem_semantica,false,false,semantica_e_parametros_da_condicao
473,PB:472:6,3,3,,5,dt870_atualizacao,367,dt870_atualizacao · PlayerBooster.bin · registro 367 · conjunto GK bits 192/197/256,false,false,true,presente_sem_semantica,false,false,permutacao_semantica_dos_tres_campos_gk; semantica_e_parametros_da_condicao
473,PB:466:6,2,3,,5,dt870_atualizacao,367,dt870_atualizacao · PlayerBooster.bin · registro 367 · conjunto GK bits 192/197/256,false,false,true,presente_sem_semantica,false,false,permutacao_semantica_dos_tres_campos_gk; semantica_e_parametros_da_condicao
473,PB:460:6,4,3,,5,dt870_atualizacao,367,dt870_atualizacao · PlayerBooster.bin · registro 367 · conjunto GK bits 192/197/256,false,false,true,presente_sem_semantica,false,false,permutacao_semantica_dos_tres_campos_gk; semantica_e_parametros_da_condicao
474,PB:512:6,1,3,170,5,dt870_atualizacao,368,dt870_atualizacao · PlayerBooster.bin · registro 368 · bit 170 · largura 5,false,false,true,presente_sem_semantica,false,false,semantica_e_parametros_da_condicao
474,PB:486:6,2,3,217,5,dt870_atualizacao,368,dt870_atualizacao · PlayerBooster.bin · registro 368 · bit 217 · largura 5,false,false,true,presente_sem_semantica,false,false,semantica_e_parametros_da_condicao
474,PB:518:6,3,3,175,5,dt870_atualizacao,368,dt870_atualizacao · PlayerBooster.bin · registro 368 · bit 175 · largura 5,false,false,true,presente_sem_semantica,false,false,semantica_e_parametros_da_condicao
474,PB:454:6,4,3,234,5,dt870_atualizacao,368,dt870_atualizacao · PlayerBooster.bin · registro 368 · bit 234 · largura 5,false,false,true,presente_sem_semantica,false,false,semantica_e_parametros_da_condicao
475,PB:416:6,1,3,165,5,dt870_atualizacao,369,dt870_atualizacao · PlayerBooster.bin · registro 369 · bit 165 · largura 5,false,false,true,presente_sem_semantica,false,false,semantica_e_parametros_da_condicao
475,PB:472:6,3,3,,5,dt870_atualizacao,369,dt870_atualizacao · PlayerBooster.bin · registro 369 · conjunto GK bits 192/197/256,false,false,true,presente_sem_semantica,false,false,permutacao_semantica_dos_tres_campos_gk; semantica_e_parametros_da_condicao
475,PB:466:6,2,3,,5,dt870_atualizacao,369,dt870_atualizacao · PlayerBooster.bin · registro 369 · conjunto GK bits 192/197/256,false,false,true,presente_sem_semantica,false,false,permutacao_semantica_dos_tres_campos_gk; semantica_e_parametros_da_condicao
475,PB:460:6,4,3,,5,dt870_atualizacao,369,dt870_atualizacao · PlayerBooster.bin · registro 369 · conjunto GK bits 192/197/256,false,false,true,presente_sem_semantica,false,false,permutacao_semantica_dos_tres_campos_gk; semantica_e_parametros_da_condicao
476,PB:498:6,1,3,144,5,dt870_atualizacao,370,dt870_atualizacao · PlayerBooster.bin · registro 370 · bit 144 · largura 5,false,false,true,presente_sem_semantica,false,false,semantica_e_parametros_da_condicao
476,PB:396:6,2,3,276,5,dt870_atualizacao,370,dt870_atualizacao · PlayerBooster.bin · registro 370 · bit 276 · largura 5,false,false,true,presente_sem_semantica,false,false,semantica_e_parametros_da_condicao
476,PB:384:6,3,3,249,5,dt870_atualizacao,370,dt870_atualizacao · PlayerBooster.bin · registro 370 · bit 249 · largura 5,false,false,true,presente_sem_semantica,false,false,semantica_e_parametros_da_condicao
476,PB:524:6,4,3,122,5,dt870_atualizacao,370,dt870_atualizacao · PlayerBooster.bin · registro 370 · bit 122 · largura 5,false,false,true,presente_sem_semantica,false,false,semantica_e_parametros_da_condicao
477,PB:390:6,1,3,261,5,dt870_atualizacao,371,dt870_atualizacao · PlayerBooster.bin · registro 371 · bit 261 · largura 5,false,false,true,presente_sem_semantica,false,false,semantica_e_parametros_da_condicao
477,PB:486:6,2,3,217,5,dt870_atualizacao,371,dt870_atualizacao · PlayerBooster.bin · registro 371 · bit 217 · largura 5,false,false,true,presente_sem_semantica,false,false,semantica_e_parametros_da_condicao
477,PB:408:6,3,3,160,5,dt870_atualizacao,371,dt870_atualizacao · PlayerBooster.bin · registro 371 · bit 160 · largura 5,false,false,true,presente_sem_semantica,false,false,semantica_e_parametros_da_condicao
477,PB:454:6,4,3,234,5,dt870_atualizacao,371,dt870_atualizacao · PlayerBooster.bin · registro 371 · bit 234 · largura 5,false,false,true,presente_sem_semantica,false,false,semantica_e_parametros_da_condicao
478,PB:512:6,1,3,170,5,dt870_atualizacao,372,dt870_atualizacao · PlayerBooster.bin · registro 372 · bit 170 · largura 5,false,false,true,presente_sem_semantica,false,false,semantica_e_parametros_da_condicao
478,PB:390:6,2,3,261,5,dt870_atualizacao,372,dt870_atualizacao · PlayerBooster.bin · registro 372 · bit 261 · largura 5,false,false,true,presente_sem_semantica,false,false,semantica_e_parametros_da_condicao
478,PB:544:6,3,3,266,5,dt870_atualizacao,372,dt870_atualizacao · PlayerBooster.bin · registro 372 · bit 266 · largura 5,false,false,true,presente_sem_semantica,false,false,semantica_e_parametros_da_condicao
478,PB:524:6,4,3,122,5,dt870_atualizacao,372,dt870_atualizacao · PlayerBooster.bin · registro 372 · bit 122 · largura 5,false,false,true,presente_sem_semantica,false,false,semantica_e_parametros_da_condicao
480,PB:396:6,1,3,276,5,dt870_atualizacao,373,dt870_atualizacao · PlayerBooster.bin · registro 373 · bit 276 · largura 5,false,false,true,presente_sem_semantica,false,false,semantica_e_parametros_da_condicao
480,PB:530:6,2,3,244,5,dt870_atualizacao,373,dt870_atualizacao · PlayerBooster.bin · registro 373 · bit 244 · largura 5,false,false,true,presente_sem_semantica,false,false,semantica_e_parametros_da_condicao
480,PB:384:6,3,3,249,5,dt870_atualizacao,373,dt870_atualizacao · PlayerBooster.bin · registro 373 · bit 249 · largura 5,false,false,true,presente_sem_semantica,false,false,semantica_e_parametros_da_condicao
480,PB:518:6,4,3,175,5,dt870_atualizacao,373,dt870_atualizacao · PlayerBooster.bin · registro 373 · bit 175 · largura 5,false,false,true,presente_sem_semantica,false,false,semantica_e_parametros_da_condicao
481,PB:544:6,1,3,266,5,dt870_atualizacao,374,dt870_atualizacao · PlayerBooster.bin · registro 374 · bit 266 · largura 5,false,false,true,presente_sem_semantica,false,false,semantica_e_parametros_da_condicao
481,PB:524:6,2,3,122,5,dt870_atualizacao,374,dt870_atualizacao · PlayerBooster.bin · registro 374 · bit 122 · largura 5,false,false,true,presente_sem_semantica,false,false,semantica_e_parametros_da_condicao
481,PB:518:6,3,3,175,5,dt870_atualizacao,374,dt870_atualizacao · PlayerBooster.bin · registro 374 · bit 175 · largura 5,false,false,true,presente_sem_semantica,false,false,semantica_e_parametros_da_condicao
481,PB:454:6,4,3,234,5,dt870_atualizacao,374,dt870_atualizacao · PlayerBooster.bin · registro 374 · bit 234 · largura 5,false,false,true,presente_sem_semantica,false,false,semantica_e_parametros_da_condicao
482,PB:530:6,1,3,244,5,dt870_atualizacao,375,dt870_atualizacao · PlayerBooster.bin · registro 375 · bit 244 · largura 5,false,false,true,presente_sem_semantica,false,false,semantica_e_parametros_da_condicao
482,PB:384:6,2,3,249,5,dt870_atualizacao,375,dt870_atualizacao · PlayerBooster.bin · registro 375 · bit 249 · largura 5,false,false,true,presente_sem_semantica,false,false,semantica_e_parametros_da_condicao
482,PB:448:6,3,3,229,5,dt870_atualizacao,375,dt870_atualizacao · PlayerBooster.bin · registro 375 · bit 229 · largura 5,false,false,true,presente_sem_semantica,false,false,semantica_e_parametros_da_condicao
482,PB:524:6,4,3,122,5,dt870_atualizacao,375,dt870_atualizacao · PlayerBooster.bin · registro 375 · bit 122 · largura 5,false,false,true,presente_sem_semantica,false,false,semantica_e_parametros_da_condicao
483,PB:512:6,1,3,170,5,dt870_atualizacao,376,dt870_atualizacao · PlayerBooster.bin · registro 376 · bit 170 · largura 5,false,false,true,presente_sem_semantica,false,false,semantica_e_parametros_da_condicao
483,PB:390:6,2,3,261,5,dt870_atualizacao,376,dt870_atualizacao · PlayerBooster.bin · registro 376 · bit 261 · largura 5,false,false,true,presente_sem_semantica,false,false,semantica_e_parametros_da_condicao
483,PB:544:6,3,3,266,5,dt870_atualizacao,376,dt870_atualizacao · PlayerBooster.bin · registro 376 · bit 266 · largura 5,false,false,true,presente_sem_semantica,false,false,semantica_e_parametros_da_condicao
483,PB:524:6,4,3,122,5,dt870_atualizacao,376,dt870_atualizacao · PlayerBooster.bin · registro 376 · bit 122 · largura 5,false,false,true,presente_sem_semantica,false,false,semantica_e_parametros_da_condicao
484,PB:396:6,1,3,276,5,dt870_atualizacao,377,dt870_atualizacao · PlayerBooster.bin · registro 377 · bit 276 · largura 5,false,false,true,presente_sem_semantica,false,false,semantica_e_parametros_da_condicao
484,PB:492:6,2,3,239,5,dt870_atualizacao,377,dt870_atualizacao · PlayerBooster.bin · registro 377 · bit 239 · largura 5,false,false,true,presente_sem_semantica,false,false,semantica_e_parametros_da_condicao
484,PB:524:6,3,3,122,5,dt870_atualizacao,377,dt870_atualizacao · PlayerBooster.bin · registro 377 · bit 122 · largura 5,false,false,true,presente_sem_semantica,false,false,semantica_e_parametros_da_condicao
484,PB:550:6,4,3,271,5,dt870_atualizacao,377,dt870_atualizacao · PlayerBooster.bin · registro 377 · bit 271 · largura 5,false,false,true,presente_sem_semantica,false,false,semantica_e_parametros_da_condicao
485,PB:512:6,1,3,170,5,dt870_atualizacao,378,dt870_atualizacao · PlayerBooster.bin · registro 378 · bit 170 · largura 5,false,false,true,presente_sem_semantica,false,false,semantica_e_parametros_da_condicao
485,PB:486:6,2,3,217,5,dt870_atualizacao,378,dt870_atualizacao · PlayerBooster.bin · registro 378 · bit 217 · largura 5,false,false,true,presente_sem_semantica,false,false,semantica_e_parametros_da_condicao
485,PB:518:6,3,3,175,5,dt870_atualizacao,378,dt870_atualizacao · PlayerBooster.bin · registro 378 · bit 175 · largura 5,false,false,true,presente_sem_semantica,false,false,semantica_e_parametros_da_condicao
485,PB:454:6,4,3,234,5,dt870_atualizacao,378,dt870_atualizacao · PlayerBooster.bin · registro 378 · bit 234 · largura 5,false,false,true,presente_sem_semantica,false,false,semantica_e_parametros_da_condicao
486,PB:530:6,1,3,244,5,dt870_atualizacao,379,dt870_atualizacao · PlayerBooster.bin · registro 379 · bit 244 · largura 5,false,false,true,presente_sem_semantica,false,false,semantica_e_parametros_da_condicao
486,PB:384:6,2,3,249,5,dt870_atualizacao,379,dt870_atualizacao · PlayerBooster.bin · registro 379 · bit 249 · largura 5,false,false,true,presente_sem_semantica,false,false,semantica_e_parametros_da_condicao
486,PB:448:6,3,3,229,5,dt870_atualizacao,379,dt870_atualizacao · PlayerBooster.bin · registro 379 · bit 229 · largura 5,false,false,true,presente_sem_semantica,false,false,semantica_e_parametros_da_condicao
486,PB:524:6,4,3,122,5,dt870_atualizacao,379,dt870_atualizacao · PlayerBooster.bin · registro 379 · bit 122 · largura 5,false,false,true,presente_sem_semantica,false,false,semantica_e_parametros_da_condicao
487,PB:396:6,1,3,276,5,dt870_atualizacao,380,dt870_atualizacao · PlayerBooster.bin · registro 380 · bit 276 · largura 5,false,false,true,presente_sem_semantica,false,false,semantica_e_parametros_da_condicao
487,PB:530:6,2,3,244,5,dt870_atualizacao,380,dt870_atualizacao · PlayerBooster.bin · registro 380 · bit 244 · largura 5,false,false,true,presente_sem_semantica,false,false,semantica_e_parametros_da_condicao
487,PB:384:6,3,3,249,5,dt870_atualizacao,380,dt870_atualizacao · PlayerBooster.bin · registro 380 · bit 249 · largura 5,false,false,true,presente_sem_semantica,false,false,semantica_e_parametros_da_condicao
487,PB:518:6,4,3,175,5,dt870_atualizacao,380,dt870_atualizacao · PlayerBooster.bin · registro 380 · bit 175 · largura 5,false,false,true,presente_sem_semantica,false,false,semantica_e_parametros_da_condicao
488,PB:530:6,1,3,244,5,dt870_atualizacao,381,dt870_atualizacao · PlayerBooster.bin · registro 381 · bit 244 · largura 5,false,false,true,presente_sem_semantica,false,false,semantica_e_parametros_da_condicao
488,PB:384:6,2,3,249,5,dt870_atualizacao,381,dt870_atualizacao · PlayerBooster.bin · registro 381 · bit 249 · largura 5,false,false,true,presente_sem_semantica,false,false,semantica_e_parametros_da_condicao
488,PB:448:6,3,3,229,5,dt870_atualizacao,381,dt870_atualizacao · PlayerBooster.bin · registro 381 · bit 229 · largura 5,false,false,true,presente_sem_semantica,false,false,semantica_e_parametros_da_condicao
488,PB:524:6,4,3,122,5,dt870_atualizacao,381,dt870_atualizacao · PlayerBooster.bin · registro 381 · bit 122 · largura 5,false,false,true,presente_sem_semantica,false,false,semantica_e_parametros_da_condicao
489,PB:498:6,1,3,144,5,dt870_atualizacao,382,dt870_atualizacao · PlayerBooster.bin · registro 382 · bit 144 · largura 5,false,false,true,presente_sem_semantica,false,false,semantica_e_parametros_da_condicao
489,PB:396:6,2,3,276,5,dt870_atualizacao,382,dt870_atualizacao · PlayerBooster.bin · registro 382 · bit 276 · largura 5,false,false,true,presente_sem_semantica,false,false,semantica_e_parametros_da_condicao
489,PB:486:6,3,3,217,5,dt870_atualizacao,382,dt870_atualizacao · PlayerBooster.bin · registro 382 · bit 217 · largura 5,false,false,true,presente_sem_semantica,false,false,semantica_e_parametros_da_condicao
489,PB:530:6,4,3,244,5,dt870_atualizacao,382,dt870_atualizacao · PlayerBooster.bin · registro 382 · bit 244 · largura 5,false,false,true,presente_sem_semantica,false,false,semantica_e_parametros_da_condicao
490,PB:422:6,2,3,224,5,dt870_atualizacao,383,dt870_atualizacao · PlayerBooster.bin · registro 383 · bit 224 · largura 5,false,false,true,presente_sem_semantica,false,false,semantica_e_parametros_da_condicao
490,PB:472:6,3,3,,5,dt870_atualizacao,383,dt870_atualizacao · PlayerBooster.bin · registro 383 · conjunto GK bits 192/197/256,false,false,true,presente_sem_semantica,false,false,permutacao_semantica_dos_tres_campos_gk; semantica_e_parametros_da_condicao
490,PB:466:6,1,3,,5,dt870_atualizacao,383,dt870_atualizacao · PlayerBooster.bin · registro 383 · conjunto GK bits 192/197/256,false,false,true,presente_sem_semantica,false,false,permutacao_semantica_dos_tres_campos_gk; semantica_e_parametros_da_condicao
490,PB:460:6,4,3,,5,dt870_atualizacao,383,dt870_atualizacao · PlayerBooster.bin · registro 383 · conjunto GK bits 192/197/256,false,false,true,presente_sem_semantica,false,false,permutacao_semantica_dos_tres_campos_gk; semantica_e_parametros_da_condicao
491,PB:498:6,1,3,144,5,dt870_atualizacao,384,dt870_atualizacao · PlayerBooster.bin · registro 384 · bit 144 · largura 5,false,false,true,presente_sem_semantica,false,false,semantica_e_parametros_da_condicao
491,PB:396:6,2,3,276,5,dt870_atualizacao,384,dt870_atualizacao · PlayerBooster.bin · registro 384 · bit 276 · largura 5,false,false,true,presente_sem_semantica,false,false,semantica_e_parametros_da_condicao
491,PB:486:6,3,3,217,5,dt870_atualizacao,384,dt870_atualizacao · PlayerBooster.bin · registro 384 · bit 217 · largura 5,false,false,true,presente_sem_semantica,false,false,semantica_e_parametros_da_condicao
491,PB:530:6,4,3,244,5,dt870_atualizacao,384,dt870_atualizacao · PlayerBooster.bin · registro 384 · bit 244 · largura 5,false,false,true,presente_sem_semantica,false,false,semantica_e_parametros_da_condicao
492,PB:396:6,1,3,276,5,dt870_atualizacao,385,dt870_atualizacao · PlayerBooster.bin · registro 385 · bit 276 · largura 5,false,false,true,presente_sem_semantica,false,false,semantica_e_parametros_da_condicao
492,PB:504:6,2,3,149,5,dt870_atualizacao,385,dt870_atualizacao · PlayerBooster.bin · registro 385 · bit 149 · largura 5,false,false,true,presente_sem_semantica,false,false,semantica_e_parametros_da_condicao
492,PB:518:6,3,3,175,5,dt870_atualizacao,385,dt870_atualizacao · PlayerBooster.bin · registro 385 · bit 175 · largura 5,false,false,true,presente_sem_semantica,false,false,semantica_e_parametros_da_condicao
492,PB:550:6,4,3,271,5,dt870_atualizacao,385,dt870_atualizacao · PlayerBooster.bin · registro 385 · bit 271 · largura 5,false,false,true,presente_sem_semantica,false,false,semantica_e_parametros_da_condicao
493,PB:512:6,1,3,170,5,dt870_atualizacao,386,dt870_atualizacao · PlayerBooster.bin · registro 386 · bit 170 · largura 5,false,false,true,presente_sem_semantica,false,false,semantica_e_parametros_da_condicao
493,PB:486:6,2,3,217,5,dt870_atualizacao,386,dt870_atualizacao · PlayerBooster.bin · registro 386 · bit 217 · largura 5,false,false,true,presente_sem_semantica,false,false,semantica_e_parametros_da_condicao
493,PB:518:6,3,3,175,5,dt870_atualizacao,386,dt870_atualizacao · PlayerBooster.bin · registro 386 · bit 175 · largura 5,false,false,true,presente_sem_semantica,false,false,semantica_e_parametros_da_condicao
493,PB:454:6,4,3,234,5,dt870_atualizacao,386,dt870_atualizacao · PlayerBooster.bin · registro 386 · bit 234 · largura 5,false,false,true,presente_sem_semantica,false,false,semantica_e_parametros_da_condicao
494,PB:530:6,1,3,244,5,dt870_atualizacao,387,dt870_atualizacao · PlayerBooster.bin · registro 387 · bit 244 · largura 5,false,false,true,presente_sem_semantica,false,false,semantica_e_parametros_da_condicao
494,PB:384:6,2,3,249,5,dt870_atualizacao,387,dt870_atualizacao · PlayerBooster.bin · registro 387 · bit 249 · largura 5,false,false,true,presente_sem_semantica,false,false,semantica_e_parametros_da_condicao
494,PB:448:6,3,3,229,5,dt870_atualizacao,387,dt870_atualizacao · PlayerBooster.bin · registro 387 · bit 229 · largura 5,false,false,true,presente_sem_semantica,false,false,semantica_e_parametros_da_condicao
494,PB:524:6,4,3,122,5,dt870_atualizacao,387,dt870_atualizacao · PlayerBooster.bin · registro 387 · bit 122 · largura 5,false,false,true,presente_sem_semantica,false,false,semantica_e_parametros_da_condicao
495,PB:384:6,1,3,249,5,dt870_atualizacao,388,dt870_atualizacao · PlayerBooster.bin · registro 388 · bit 249 · largura 5,false,false,true,presente_sem_semantica,false,false,semantica_e_parametros_da_condicao
495,PB:448:6,2,3,229,5,dt870_atualizacao,388,dt870_atualizacao · PlayerBooster.bin · registro 388 · bit 229 · largura 5,false,false,true,presente_sem_semantica,false,false,semantica_e_parametros_da_condicao
495,PB:524:6,3,3,122,5,dt870_atualizacao,388,dt870_atualizacao · PlayerBooster.bin · registro 388 · bit 122 · largura 5,false,false,true,presente_sem_semantica,false,false,semantica_e_parametros_da_condicao
495,PB:428:6,4,3,185,5,dt870_atualizacao,388,dt870_atualizacao · PlayerBooster.bin · registro 388 · bit 185 · largura 5,false,false,true,presente_sem_semantica,false,false,semantica_e_parametros_da_condicao
496,PB:498:6,1,3,144,5,dt870_atualizacao,389,dt870_atualizacao · PlayerBooster.bin · registro 389 · bit 144 · largura 5,false,false,true,presente_sem_semantica,false,false,semantica_e_parametros_da_condicao
496,PB:486:6,2,3,217,5,dt870_atualizacao,389,dt870_atualizacao · PlayerBooster.bin · registro 389 · bit 217 · largura 5,false,false,true,presente_sem_semantica,false,false,semantica_e_parametros_da_condicao
496,PB:434:6,3,3,180,5,dt870_atualizacao,389,dt870_atualizacao · PlayerBooster.bin · registro 389 · bit 180 · largura 5,false,false,true,presente_sem_semantica,false,false,semantica_e_parametros_da_condicao
496,PB:480:6,4,3,202,5,dt870_atualizacao,389,dt870_atualizacao · PlayerBooster.bin · registro 389 · bit 202 · largura 5,false,false,true,presente_sem_semantica,false,false,semantica_e_parametros_da_condicao
497,PB:492:6,1,3,239,5,dt870_atualizacao,390,dt870_atualizacao · PlayerBooster.bin · registro 390 · bit 239 · largura 5,false,false,true,presente_sem_semantica,false,false,semantica_e_parametros_da_condicao
497,PB:384:6,2,3,249,5,dt870_atualizacao,390,dt870_atualizacao · PlayerBooster.bin · registro 390 · bit 249 · largura 5,false,false,true,presente_sem_semantica,false,false,semantica_e_parametros_da_condicao
497,PB:518:6,3,3,175,5,dt870_atualizacao,390,dt870_atualizacao · PlayerBooster.bin · registro 390 · bit 175 · largura 5,false,false,true,presente_sem_semantica,false,false,semantica_e_parametros_da_condicao
497,PB:434:6,4,3,180,5,dt870_atualizacao,390,dt870_atualizacao · PlayerBooster.bin · registro 390 · bit 180 · largura 5,false,false,true,presente_sem_semantica,false,false,semantica_e_parametros_da_condicao
498,PB:408:6,1,3,160,5,dt870_atualizacao,391,dt870_atualizacao · PlayerBooster.bin · registro 391 · bit 160 · largura 5,false,false,true,presente_sem_semantica,false,false,semantica_e_parametros_da_condicao
498,PB:384:6,2,3,249,5,dt870_atualizacao,391,dt870_atualizacao · PlayerBooster.bin · registro 391 · bit 249 · largura 5,false,false,true,presente_sem_semantica,false,false,semantica_e_parametros_da_condicao
498,PB:518:6,3,3,175,5,dt870_atualizacao,391,dt870_atualizacao · PlayerBooster.bin · registro 391 · bit 175 · largura 5,false,false,true,presente_sem_semantica,false,false,semantica_e_parametros_da_condicao
498,PB:434:6,4,3,180,5,dt870_atualizacao,391,dt870_atualizacao · PlayerBooster.bin · registro 391 · bit 180 · largura 5,false,false,true,presente_sem_semantica,false,false,semantica_e_parametros_da_condicao
499,PB:504:6,1,3,149,5,dt870_atualizacao,392,dt870_atualizacao · PlayerBooster.bin · registro 392 · bit 149 · largura 5,false,false,true,presente_sem_semantica,false,false,semantica_e_parametros_da_condicao
499,PB:492:6,2,3,239,5,dt870_atualizacao,392,dt870_atualizacao · PlayerBooster.bin · registro 392 · bit 239 · largura 5,false,false,true,presente_sem_semantica,false,false,semantica_e_parametros_da_condicao
499,PB:434:6,3,3,180,5,dt870_atualizacao,392,dt870_atualizacao · PlayerBooster.bin · registro 392 · bit 180 · largura 5,false,false,true,presente_sem_semantica,false,false,semantica_e_parametros_da_condicao
499,PB:550:6,4,3,271,5,dt870_atualizacao,392,dt870_atualizacao · PlayerBooster.bin · registro 392 · bit 271 · largura 5,false,false,true,presente_sem_semantica,false,false,semantica_e_parametros_da_condicao
500,PB:512:6,1,3,170,5,dt870_atualizacao,393,dt870_atualizacao · PlayerBooster.bin · registro 393 · bit 170 · largura 5,false,false,true,presente_sem_semantica,false,false,semantica_e_parametros_da_condicao
500,PB:486:6,2,3,217,5,dt870_atualizacao,393,dt870_atualizacao · PlayerBooster.bin · registro 393 · bit 217 · largura 5,false,false,true,presente_sem_semantica,false,false,semantica_e_parametros_da_condicao
500,PB:518:6,3,3,175,5,dt870_atualizacao,393,dt870_atualizacao · PlayerBooster.bin · registro 393 · bit 175 · largura 5,false,false,true,presente_sem_semantica,false,false,semantica_e_parametros_da_condicao
500,PB:480:6,4,3,202,5,dt870_atualizacao,393,dt870_atualizacao · PlayerBooster.bin · registro 393 · bit 202 · largura 5,false,false,true,presente_sem_semantica,false,false,semantica_e_parametros_da_condicao
501,PB:504:6,1,3,149,5,dt870_atualizacao,394,dt870_atualizacao · PlayerBooster.bin · registro 394 · bit 149 · largura 5,false,false,true,presente_sem_semantica,false,false,semantica_e_parametros_da_condicao
501,PB:492:6,2,3,239,5,dt870_atualizacao,394,dt870_atualizacao · PlayerBooster.bin · registro 394 · bit 239 · largura 5,false,false,true,presente_sem_semantica,false,false,semantica_e_parametros_da_condicao
501,PB:434:6,3,3,180,5,dt870_atualizacao,394,dt870_atualizacao · PlayerBooster.bin · registro 394 · bit 180 · largura 5,false,false,true,presente_sem_semantica,false,false,semantica_e_parametros_da_condicao
501,PB:550:6,4,3,271,5,dt870_atualizacao,394,dt870_atualizacao · PlayerBooster.bin · registro 394 · bit 271 · largura 5,false,false,true,presente_sem_semantica,false,false,semantica_e_parametros_da_condicao
502,PB:384:6,1,3,249,5,dt870_atualizacao,395,dt870_atualizacao · PlayerBooster.bin · registro 395 · bit 249 · largura 5,false,false,true,presente_sem_semantica,false,false,semantica_e_parametros_da_condicao
502,PB:448:6,2,3,229,5,dt870_atualizacao,395,dt870_atualizacao · PlayerBooster.bin · registro 395 · bit 229 · largura 5,false,false,true,presente_sem_semantica,false,false,semantica_e_parametros_da_condicao
502,PB:524:6,3,3,122,5,dt870_atualizacao,395,dt870_atualizacao · PlayerBooster.bin · registro 395 · bit 122 · largura 5,false,false,true,presente_sem_semantica,false,false,semantica_e_parametros_da_condicao
502,PB:428:6,4,3,185,5,dt870_atualizacao,395,dt870_atualizacao · PlayerBooster.bin · registro 395 · bit 185 · largura 5,false,false,true,presente_sem_semantica,false,false,semantica_e_parametros_da_condicao
503,PB:390:6,1,3,261,5,dt870_atualizacao,396,dt870_atualizacao · PlayerBooster.bin · registro 396 · bit 261 · largura 5,false,false,true,presente_sem_semantica,false,false,semantica_e_parametros_da_condicao
503,PB:524:6,2,3,122,5,dt870_atualizacao,396,dt870_atualizacao · PlayerBooster.bin · registro 396 · bit 122 · largura 5,false,false,true,presente_sem_semantica,false,false,semantica_e_parametros_da_condicao
503,PB:454:6,3,3,234,5,dt870_atualizacao,396,dt870_atualizacao · PlayerBooster.bin · registro 396 · bit 234 · largura 5,false,false,true,presente_sem_semantica,false,false,semantica_e_parametros_da_condicao
503,PB:550:6,4,3,271,5,dt870_atualizacao,396,dt870_atualizacao · PlayerBooster.bin · registro 396 · bit 271 · largura 5,false,false,true,presente_sem_semantica,false,false,semantica_e_parametros_da_condicao
504,PB:396:6,1,3,276,5,dt870_atualizacao,397,dt870_atualizacao · PlayerBooster.bin · registro 397 · bit 276 · largura 5,false,false,true,presente_sem_semantica,false,false,semantica_e_parametros_da_condicao
504,PB:530:6,2,3,244,5,dt870_atualizacao,397,dt870_atualizacao · PlayerBooster.bin · registro 397 · bit 244 · largura 5,false,false,true,presente_sem_semantica,false,false,semantica_e_parametros_da_condicao
504,PB:384:6,3,3,249,5,dt870_atualizacao,397,dt870_atualizacao · PlayerBooster.bin · registro 397 · bit 249 · largura 5,false,false,true,presente_sem_semantica,false,false,semantica_e_parametros_da_condicao
504,PB:518:6,4,3,175,5,dt870_atualizacao,397,dt870_atualizacao · PlayerBooster.bin · registro 397 · bit 175 · largura 5,false,false,true,presente_sem_semantica,false,false,semantica_e_parametros_da_condicao
505,PB:498:6,1,3,144,5,dt870_atualizacao,398,dt870_atualizacao · PlayerBooster.bin · registro 398 · bit 144 · largura 5,false,false,true,presente_sem_semantica,false,false,semantica_e_parametros_da_condicao
505,PB:396:6,2,3,276,5,dt870_atualizacao,398,dt870_atualizacao · PlayerBooster.bin · registro 398 · bit 276 · largura 5,false,false,true,presente_sem_semantica,false,false,semantica_e_parametros_da_condicao
505,PB:384:6,3,3,249,5,dt870_atualizacao,398,dt870_atualizacao · PlayerBooster.bin · registro 398 · bit 249 · largura 5,false,false,true,presente_sem_semantica,false,false,semantica_e_parametros_da_condicao
505,PB:524:6,4,3,122,5,dt870_atualizacao,398,dt870_atualizacao · PlayerBooster.bin · registro 398 · bit 122 · largura 5,false,false,true,presente_sem_semantica,false,false,semantica_e_parametros_da_condicao
506,PB:504:6,1,3,149,5,dt870_atualizacao,399,dt870_atualizacao · PlayerBooster.bin · registro 399 · bit 149 · largura 5,false,false,true,presente_sem_semantica,false,false,semantica_e_parametros_da_condicao
506,PB:486:6,2,3,217,5,dt870_atualizacao,399,dt870_atualizacao · PlayerBooster.bin · registro 399 · bit 217 · largura 5,false,false,true,presente_sem_semantica,false,false,semantica_e_parametros_da_condicao
506,PB:434:6,3,3,180,5,dt870_atualizacao,399,dt870_atualizacao · PlayerBooster.bin · registro 399 · bit 180 · largura 5,false,false,true,presente_sem_semantica,false,false,semantica_e_parametros_da_condicao
506,PB:480:6,4,3,202,5,dt870_atualizacao,399,dt870_atualizacao · PlayerBooster.bin · registro 399 · bit 202 · largura 5,false,false,true,presente_sem_semantica,false,false,semantica_e_parametros_da_condicao
507,PB:396:6,1,3,276,5,dt870_atualizacao,400,dt870_atualizacao · PlayerBooster.bin · registro 400 · bit 276 · largura 5,false,false,true,presente_sem_semantica,false,false,semantica_e_parametros_da_condicao
507,PB:504:6,2,3,149,5,dt870_atualizacao,400,dt870_atualizacao · PlayerBooster.bin · registro 400 · bit 149 · largura 5,false,false,true,presente_sem_semantica,false,false,semantica_e_parametros_da_condicao
507,PB:518:6,3,3,175,5,dt870_atualizacao,400,dt870_atualizacao · PlayerBooster.bin · registro 400 · bit 175 · largura 5,false,false,true,presente_sem_semantica,false,false,semantica_e_parametros_da_condicao
507,PB:550:6,4,3,271,5,dt870_atualizacao,400,dt870_atualizacao · PlayerBooster.bin · registro 400 · bit 271 · largura 5,false,false,true,presente_sem_semantica,false,false,semantica_e_parametros_da_condicao
510,PB:396:6,1,3,276,5,dt870_atualizacao,401,dt870_atualizacao · PlayerBooster.bin · registro 401 · bit 276 · largura 5,false,false,true,presente_sem_semantica,false,false,semantica_e_parametros_da_condicao
510,PB:504:6,2,3,149,5,dt870_atualizacao,401,dt870_atualizacao · PlayerBooster.bin · registro 401 · bit 149 · largura 5,false,false,true,presente_sem_semantica,false,false,semantica_e_parametros_da_condicao
510,PB:518:6,3,3,175,5,dt870_atualizacao,401,dt870_atualizacao · PlayerBooster.bin · registro 401 · bit 175 · largura 5,false,false,true,presente_sem_semantica,false,false,semantica_e_parametros_da_condicao
510,PB:550:6,4,3,271,5,dt870_atualizacao,401,dt870_atualizacao · PlayerBooster.bin · registro 401 · bit 271 · largura 5,false,false,true,presente_sem_semantica,false,false,semantica_e_parametros_da_condicao
511,PB:390:6,1,3,261,5,dt870_atualizacao,402,dt870_atualizacao · PlayerBooster.bin · registro 402 · bit 261 · largura 5,false,false,true,presente_sem_semantica,false,false,semantica_e_parametros_da_condicao
511,PB:486:6,2,3,217,5,dt870_atualizacao,402,dt870_atualizacao · PlayerBooster.bin · registro 402 · bit 217 · largura 5,false,false,true,presente_sem_semantica,false,false,semantica_e_parametros_da_condicao
511,PB:408:6,3,3,160,5,dt870_atualizacao,402,dt870_atualizacao · PlayerBooster.bin · registro 402 · bit 160 · largura 5,false,false,true,presente_sem_semantica,false,false,semantica_e_parametros_da_condicao
511,PB:454:6,4,3,234,5,dt870_atualizacao,402,dt870_atualizacao · PlayerBooster.bin · registro 402 · bit 234 · largura 5,false,false,true,presente_sem_semantica,false,false,semantica_e_parametros_da_condicao
512,PB:390:6,1,3,261,5,dt870_atualizacao,403,dt870_atualizacao · PlayerBooster.bin · registro 403 · bit 261 · largura 5,false,false,true,presente_sem_semantica,false,false,semantica_e_parametros_da_condicao
512,PB:486:6,2,3,217,5,dt870_atualizacao,403,dt870_atualizacao · PlayerBooster.bin · registro 403 · bit 217 · largura 5,false,false,true,presente_sem_semantica,false,false,semantica_e_parametros_da_condicao
512,PB:408:6,3,3,160,5,dt870_atualizacao,403,dt870_atualizacao · PlayerBooster.bin · registro 403 · bit 160 · largura 5,false,false,true,presente_sem_semantica,false,false,semantica_e_parametros_da_condicao
512,PB:454:6,4,3,234,5,dt870_atualizacao,403,dt870_atualizacao · PlayerBooster.bin · registro 403 · bit 234 · largura 5,false,false,true,presente_sem_semantica,false,false,semantica_e_parametros_da_condicao
513,PB:504:6,1,3,149,5,dt870_atualizacao,404,dt870_atualizacao · PlayerBooster.bin · registro 404 · bit 149 · largura 5,false,false,true,presente_sem_semantica,false,false,semantica_e_parametros_da_condicao
513,PB:492:6,2,3,239,5,dt870_atualizacao,404,dt870_atualizacao · PlayerBooster.bin · registro 404 · bit 239 · largura 5,false,false,true,presente_sem_semantica,false,false,semantica_e_parametros_da_condicao
513,PB:434:6,3,3,180,5,dt870_atualizacao,404,dt870_atualizacao · PlayerBooster.bin · registro 404 · bit 180 · largura 5,false,false,true,presente_sem_semantica,false,false,semantica_e_parametros_da_condicao
513,PB:550:6,4,3,271,5,dt870_atualizacao,404,dt870_atualizacao · PlayerBooster.bin · registro 404 · bit 271 · largura 5,false,false,true,presente_sem_semantica,false,false,semantica_e_parametros_da_condicao
514,PB:512:6,1,3,170,5,dt870_atualizacao,405,dt870_atualizacao · PlayerBooster.bin · registro 405 · bit 170 · largura 5,false,false,true,presente_sem_semantica,false,false,semantica_e_parametros_da_condicao
514,PB:486:6,2,3,217,5,dt870_atualizacao,405,dt870_atualizacao · PlayerBooster.bin · registro 405 · bit 217 · largura 5,false,false,true,presente_sem_semantica,false,false,semantica_e_parametros_da_condicao
514,PB:518:6,3,3,175,5,dt870_atualizacao,405,dt870_atualizacao · PlayerBooster.bin · registro 405 · bit 175 · largura 5,false,false,true,presente_sem_semantica,false,false,semantica_e_parametros_da_condicao
514,PB:454:6,4,3,234,5,dt870_atualizacao,405,dt870_atualizacao · PlayerBooster.bin · registro 405 · bit 234 · largura 5,false,false,true,presente_sem_semantica,false,false,semantica_e_parametros_da_condicao
515,PB:504:6,1,3,149,5,dt870_atualizacao,406,dt870_atualizacao · PlayerBooster.bin · registro 406 · bit 149 · largura 5,false,false,true,presente_sem_semantica,false,false,semantica_e_parametros_da_condicao
515,PB:408:6,2,3,160,5,dt870_atualizacao,406,dt870_atualizacao · PlayerBooster.bin · registro 406 · bit 160 · largura 5,false,false,true,presente_sem_semantica,false,false,semantica_e_parametros_da_condicao
515,PB:518:6,3,3,175,5,dt870_atualizacao,406,dt870_atualizacao · PlayerBooster.bin · registro 406 · bit 175 · largura 5,false,false,true,presente_sem_semantica,false,false,semantica_e_parametros_da_condicao
515,PB:480:6,4,3,202,5,dt870_atualizacao,406,dt870_atualizacao · PlayerBooster.bin · registro 406 · bit 202 · largura 5,false,false,true,presente_sem_semantica,false,false,semantica_e_parametros_da_condicao
516,PB:498:6,1,3,144,5,dt870_atualizacao,407,dt870_atualizacao · PlayerBooster.bin · registro 407 · bit 144 · largura 5,false,true,true,presente_sem_semantica,false,false,semantica_e_parametros_da_condicao
516,PB:396:6,2,3,276,5,dt870_atualizacao,407,dt870_atualizacao · PlayerBooster.bin · registro 407 · bit 276 · largura 5,false,true,true,presente_sem_semantica,false,false,semantica_e_parametros_da_condicao
516,PB:486:6,3,3,217,5,dt870_atualizacao,407,dt870_atualizacao · PlayerBooster.bin · registro 407 · bit 217 · largura 5,false,true,true,presente_sem_semantica,false,false,semantica_e_parametros_da_condicao
516,PB:530:6,4,3,244,5,dt870_atualizacao,407,dt870_atualizacao · PlayerBooster.bin · registro 407 · bit 244 · largura 5,false,true,true,presente_sem_semantica,false,false,semantica_e_parametros_da_condicao
